"scenario","n","effect","confounded","depth_confound","m_min","m_abund","abund_logN_adjusted","abund_HC3_t","method","raw_power","raw_fpr","raw_nrej","bh_power","bh_fdr","bh_nrej","nFeat","nSignal","obsZero","structZero","n_na_p","n_rep"
"abundance",160,0.8,FALSE,TRUE,3,5,TRUE,TRUE,"abundance(AHC-LinDA).adj",0.777894736842105,0.0528368794326241,22.23,0.432631578947368,0.0562346882563601,8.77,160,19,0.3151796875,0.276932421875,0,100
"abundance",160,0.8,FALSE,TRUE,3,5,TRUE,TRUE,"abundance(AHC-LinDA).noAdj",0.747368421052632,0.0578014184397163,22.35,0.401578947368421,0.0622529729902021,8.3,160,19,0.3151796875,0.276932421875,0,100
"abundance",160,0.8,FALSE,TRUE,3,5,TRUE,TRUE,"obsTwo.depthCov",0.753157894736842,0.0490070921985816,21.22,0.42,0.0392944139194139,8.39,160,19,0.3151796875,0.276932421875,0,100
"abundance",160,0.8,FALSE,TRUE,3,5,TRUE,TRUE,"obsTwo.simple",0.762105263157895,0.0995035460992908,28.51,0.654736842105263,0.171112640756217,15.28,160,19,0.3151796875,0.276932421875,0,100
"abundance",160,0.8,FALSE,TRUE,3,5,TRUE,TRUE,"OMNIBUS(ACAT).adj",0.718421052631579,0.0573049645390071,21.73,0.353157894736842,0.058371003996004,7.19,160,19,0.3151796875,0.276932421875,0,100
"abundance",160,0.8,FALSE,TRUE,3,5,TRUE,TRUE,"OMNIBUS(ACAT).noAdj",0.688421052631579,0.0573049645390071,21.16,0.317368421052632,0.0548089826839827,6.49,160,19,0.3151796875,0.276932421875,0,100
"abundance",160,0.8,FALSE,TRUE,3,5,TRUE,TRUE,"OMNIBUS(Bonf-minP).adj",0.71,0.0559574468085106,21.38,0.348947368421053,0.0534397269397269,7.05,160,19,0.3151796875,0.276932421875,0,100
"abundance",160,0.8,FALSE,TRUE,3,5,TRUE,TRUE,"OMNIBUS(Bonf-minP).noAdj",0.683157894736842,0.0568085106382979,20.99,0.318421052631579,0.0558089826839827,6.51,160,19,0.3151796875,0.276932421875,0,100
"abundance",160,0.8,FALSE,TRUE,3,5,TRUE,TRUE,"oracle.prev.cov",0.05,0.0466666666666667,7.53,0,0,0,160,19,0.3151796875,0.276932421875,0,100
"abundance",160,0.8,FALSE,TRUE,3,5,TRUE,TRUE,"oracle.prev.noAdj",0.0352631578947368,0.0312765957446809,5.08,0,0.01,0.01,160,19,0.3151796875,0.276932421875,0.33,100
"abundance",160,0.8,FALSE,TRUE,3,5,TRUE,TRUE,"pkg.ANCOMBC.cov",0.979473684210526,0.0997872340425532,32.68,0.946315789473684,0.187795368686274,22.37,160,19,0.3151796875,0.276932421875,0,100
"abundance",160,0.8,FALSE,TRUE,3,5,TRUE,TRUE,"pkg.ANCOMBC.noAdj",0.968947368421053,0.10354609929078,33.01,0.928947368421053,0.198818005693362,22.34,160,19,0.3151796875,0.276932421875,0,100
"abundance",160,0.8,FALSE,TRUE,3,5,TRUE,TRUE,"pkg.DESeq2.cov",0.89,0.0402127659574468,22.58,0.65,0.0394628827055298,12.92,160,19,0.3151796875,0.276932421875,0,100
"abundance",160,0.8,FALSE,TRUE,3,5,TRUE,TRUE,"pkg.DESeq2.noAdj",0.873157894736842,0.0466666666666667,23.17,0.627368421052632,0.0464257556169321,12.56,160,19,0.3151796875,0.276932421875,0,100
"abundance",160,0.8,FALSE,TRUE,3,5,TRUE,TRUE,"pkg.edgeR.cov",0.897368421052632,0.0387943262411347,22.52,0.631578947368421,0.0253361524096818,12.36,160,19,0.3151796875,0.276932421875,0,100
"abundance",160,0.8,FALSE,TRUE,3,5,TRUE,TRUE,"pkg.edgeR.noAdj",0.885789473684211,0.0466666666666667,23.41,0.607368421052632,0.041304168054168,12.09,160,19,0.3151796875,0.276932421875,0,100
"abundance",160,0.8,FALSE,TRUE,3,5,TRUE,TRUE,"pkg.metagenomeSeq.cov",0.661052631578947,0.662553191489362,105.98,0.63,0.881631720918921,101.1,160,19,0.3151796875,0.276932421875,0,100
"abundance",160,0.8,FALSE,TRUE,3,5,TRUE,TRUE,"pkg.metagenomeSeq.noAdj",0.883684210526316,0.17113475177305,40.92,0.746842105263158,0.341637708212607,22.65,160,19,0.3151796875,0.276932421875,0,100
"abundance",160,0.8,FALSE,TRUE,3,5,TRUE,TRUE,"pkg.ZINQ.cov",0.941578947368421,0.113475177304965,33.89,0.807368421052632,0.16907691605481,18.68,160,19,0.3151796875,0.276932421875,0,100
"abundance",160,0.8,FALSE,TRUE,3,5,TRUE,TRUE,"pkg.ZINQ.depth",0.654736842105263,0.0560283687943262,20.34,0.197368421052632,0.0411237373737374,4.01,160,19,0.3151796875,0.276932421875,0,100
"abundance",160,0.8,FALSE,TRUE,3,5,TRUE,TRUE,"pkg.ZINQ.depthCov",0.689473684210526,0.0556737588652482,20.95,0.242631578947368,0.0332697025197025,4.86,160,19,0.3151796875,0.276932421875,0,100
"abundance",160,0.8,FALSE,TRUE,3,5,TRUE,TRUE,"pkg.ZINQ.noAdjust",0.856842105263158,0.109645390070922,31.74,0.682105263157895,0.165793796846428,15.73,160,19,0.3151796875,0.276932421875,0,100
"abundance",160,0.8,FALSE,TRUE,3,5,TRUE,TRUE,"presence(Fisher)",0.0752631578947369,0.0732624113475177,11.76,0.0105263157894737,0.193333333333333,0.49,160,19,0.3151796875,0.276932421875,0.23,100
"abundance",160,0.8,FALSE,TRUE,3,5,TRUE,TRUE,"presence(logistic+depth)",0.0715789473684211,0.0450354609929078,7.71,0,0.03,0.03,160,19,0.3151796875,0.276932421875,0,100
"abundance",160,0.8,FALSE,TRUE,3,5,TRUE,TRUE,"presence(logistic+depth+z)",0.07,0.0454609929078014,7.74,0.000526315789473684,0.03,0.04,160,19,0.3151796875,0.276932421875,0,100
"abundance",160,0.8,FALSE,TRUE,3,5,TRUE,TRUE,"prevalence(Tobit).adj",0.11,0.0545390070921986,9.78,0.00105263157894737,0.03,0.05,160,19,0.3151796875,0.276932421875,0,100
"abundance",160,0.8,FALSE,TRUE,3,5,TRUE,TRUE,"prevalence(Tobit).noAdj",0.142631578947368,0.0581560283687943,10.91,0.00421052631578947,0.04,0.12,160,19,0.3151796875,0.276932421875,0,100
"abundance",160,0.8,TRUE,TRUE,3,5,TRUE,TRUE,"abundance(AHC-LinDA).adj",0.736842105263158,0.0526950354609929,21.43,0.386315789473684,0.0441798201798202,7.76,160,19,0.315936328125,0.27699609375,0,100
"abundance",160,0.8,TRUE,TRUE,3,5,TRUE,TRUE,"abundance(AHC-LinDA).noAdj",0.68,0.170992907801418,37.03,0.453157894736842,0.386780929436151,16.42,160,19,0.315936328125,0.27699609375,0,100
"abundance",160,0.8,TRUE,TRUE,3,5,TRUE,TRUE,"obsTwo.depthCov",0.723157894736842,0.0485815602836879,20.59,0.345263157894737,0.0398428238428238,6.89,160,19,0.315936328125,0.27699609375,0,100
"abundance",160,0.8,TRUE,TRUE,3,5,TRUE,TRUE,"obsTwo.simple",0.741052631578947,0.306737588652482,57.33,0.676842105263158,0.627157564113771,37.32,160,19,0.315936328125,0.27699609375,0,100
"abundance",160,0.8,TRUE,TRUE,3,5,TRUE,TRUE,"OMNIBUS(ACAT).adj",0.668421052631579,0.0535460992907801,20.25,0.296842105263158,0.0388297258297258,5.89,160,19,0.315936328125,0.27699609375,0,100
"abundance",160,0.8,TRUE,TRUE,3,5,TRUE,TRUE,"OMNIBUS(ACAT).noAdj",0.67578947368421,0.219645390070922,43.81,0.448947368421053,0.476106293636067,18.9,160,19,0.315936328125,0.27699609375,0,100
"abundance",160,0.8,TRUE,TRUE,3,5,TRUE,TRUE,"OMNIBUS(Bonf-minP).adj",0.657894736842105,0.0524113475177305,19.89,0.294210526315789,0.0403650793650794,5.85,160,19,0.315936328125,0.27699609375,0,100
"abundance",160,0.8,TRUE,TRUE,3,5,TRUE,TRUE,"OMNIBUS(Bonf-minP).noAdj",0.667894736842105,0.212482269503546,42.65,0.444736842105263,0.470749226914736,18.49,160,19,0.315936328125,0.27699609375,0,100
"abundance",160,0.8,TRUE,TRUE,3,5,TRUE,TRUE,"oracle.prev.cov",0.04,0.0447517730496454,7.07,0,0.02,0.02,160,19,0.315936328125,0.27699609375,0,100
"abundance",160,0.8,TRUE,TRUE,3,5,TRUE,TRUE,"oracle.prev.noAdj",0.141052631578947,0.132978723404255,21.43,0.0168421052631579,0.554337912087912,2.5,160,19,0.315936328125,0.27699609375,0.41,100
"abundance",160,0.8,TRUE,TRUE,3,5,TRUE,TRUE,"pkg.ANCOMBC.cov",0.976315789473684,0.107304964539007,33.68,0.911578947368421,0.211513185975219,22.3,160,19,0.315936328125,0.27699609375,0,100
"abundance",160,0.8,TRUE,TRUE,3,5,TRUE,TRUE,"pkg.ANCOMBC.noAdj",0.86421052631579,0.302127659574468,59.02,0.805263157894737,0.608707517415334,41.83,160,19,0.315936328125,0.27699609375,0,100
"abundance",160,0.8,TRUE,TRUE,3,5,TRUE,TRUE,"pkg.DESeq2.cov",0.821578947368421,0.0373758865248227,20.88,0.495789473684211,0.0266332123758594,9.7,160,19,0.315936328125,0.27699609375,0,100
"abundance",160,0.8,TRUE,TRUE,3,5,TRUE,TRUE,"pkg.DESeq2.noAdj",0.773684210526316,0.217801418439716,45.41,0.635789473684211,0.52167880004216,26.5,160,19,0.315936328125,0.27699609375,0,100
"abundance",160,0.8,TRUE,TRUE,3,5,TRUE,TRUE,"pkg.edgeR.cov",0.823684210526316,0.0364539007092199,20.79,0.478947368421053,0.0145606060606061,9.25,160,19,0.315936328125,0.27699609375,0,100
"abundance",160,0.8,TRUE,TRUE,3,5,TRUE,TRUE,"pkg.edgeR.noAdj",0.782631578947368,0.21354609929078,44.98,0.638947368421053,0.492864396060622,25.3,160,19,0.315936328125,0.27699609375,0,100
"abundance",160,0.8,TRUE,TRUE,3,5,TRUE,TRUE,"pkg.metagenomeSeq.cov",0.653157894736842,0.635390070921986,102,0.616842105263158,0.877539898591453,95.84,160,19,0.315936328125,0.27699609375,0,100
"abundance",160,0.8,TRUE,TRUE,3,5,TRUE,TRUE,"pkg.metagenomeSeq.noAdj",0.818421052631579,0.336950354609929,63.06,0.744736842105263,0.67940295309283,46.63,160,19,0.315936328125,0.27699609375,0,100
"abundance",160,0.8,TRUE,TRUE,3,5,TRUE,TRUE,"pkg.ZINQ.cov",0.897894736842105,0.0983687943262411,30.93,0.673157894736842,0.142020498893951,15.06,160,19,0.315936328125,0.27699609375,0,100
"abundance",160,0.8,TRUE,TRUE,3,5,TRUE,TRUE,"pkg.ZINQ.depth",0.662631578947368,0.168085106382979,36.29,0.339473684210526,0.27844373746228,10.3,160,19,0.315936328125,0.27699609375,0,100
"abundance",160,0.8,TRUE,TRUE,3,5,TRUE,TRUE,"pkg.ZINQ.depthCov",0.683684210526316,0.0543971631205674,20.66,0.198947368421053,0.0336356421356421,3.99,160,19,0.315936328125,0.27699609375,0,100
"abundance",160,0.8,TRUE,TRUE,3,5,TRUE,TRUE,"pkg.ZINQ.noAdjust",0.801578947368421,0.332624113475177,62.13,0.713157894736842,0.627422815733546,39.38,160,19,0.315936328125,0.27699609375,0,100
"abundance",160,0.8,TRUE,TRUE,3,5,TRUE,TRUE,"presence(Fisher)",0.166842105263158,0.164042553191489,26.3,0.0410526315789474,0.750372105835341,5.19,160,19,0.315936328125,0.27699609375,0.16,100
"abundance",160,0.8,TRUE,TRUE,3,5,TRUE,TRUE,"presence(logistic+depth)",0.139473684210526,0.0997872340425532,16.72,0.00263157894736842,0.121666666666667,0.3,160,19,0.315936328125,0.27699609375,0,100
"abundance",160,0.8,TRUE,TRUE,3,5,TRUE,TRUE,"presence(logistic+depth+z)",0.0831578947368421,0.0468794326241135,8.19,0,0.01,0.01,160,19,0.315936328125,0.27699609375,0,100
"abundance",160,0.8,TRUE,TRUE,3,5,TRUE,TRUE,"prevalence(Tobit).adj",0.105789473684211,0.0535460992907801,9.56,0.00157894736842105,0.05,0.09,160,19,0.315936328125,0.27699609375,0,100
"abundance",160,0.8,TRUE,TRUE,3,5,TRUE,TRUE,"prevalence(Tobit).noAdj",0.246842105263158,0.17,28.66,0.0594736842105263,0.582408369408369,4.38,160,19,0.315936328125,0.27699609375,0,100
"abundance",160,1.2,FALSE,TRUE,3,5,TRUE,TRUE,"abundance(AHC-LinDA).adj",0.947894736842105,0.0525531914893617,25.42,0.827368421052632,0.0586658142339257,16.78,160,19,0.31667890625,0.276090234375,0,100
"abundance",160,1.2,FALSE,TRUE,3,5,TRUE,TRUE,"abundance(AHC-LinDA).noAdj",0.932105263157895,0.0559574468085106,25.6,0.776842105263158,0.0617070404225977,15.81,160,19,0.31667890625,0.276090234375,0,100
"abundance",160,1.2,FALSE,TRUE,3,5,TRUE,TRUE,"obsTwo.depthCov",0.956842105263158,0.0631914893617021,27.09,0.858947368421053,0.0585806365289337,17.42,160,19,0.31667890625,0.276090234375,0,100
"abundance",160,1.2,FALSE,TRUE,3,5,TRUE,TRUE,"obsTwo.simple",0.824736842105263,0.119787234042553,32.56,0.814736842105263,0.206947652911813,20.03,160,19,0.31667890625,0.276090234375,0,100
"abundance",160,1.2,FALSE,TRUE,3,5,TRUE,TRUE,"OMNIBUS(ACAT).adj",0.937368421052632,0.0570212765957447,25.85,0.800526315789474,0.0572900377056724,16.19,160,19,0.31667890625,0.276090234375,0,100
"abundance",160,1.2,FALSE,TRUE,3,5,TRUE,TRUE,"OMNIBUS(ACAT).noAdj",0.930526315789474,0.0602127659574468,26.17,0.766315789473684,0.0604858471851506,15.56,160,19,0.31667890625,0.276090234375,0,100
"abundance",160,1.2,FALSE,TRUE,3,5,TRUE,TRUE,"OMNIBUS(Bonf-minP).adj",0.937368421052632,0.0554609929078014,25.63,0.796315789473684,0.05715890104048,16.11,160,19,0.31667890625,0.276090234375,0,100
"abundance",160,1.2,FALSE,TRUE,3,5,TRUE,TRUE,"OMNIBUS(Bonf-minP).noAdj",0.926842105263158,0.0597163120567376,26.03,0.759473684210526,0.0588842588440111,15.39,160,19,0.31667890625,0.276090234375,0,100
"abundance",160,1.2,FALSE,TRUE,3,5,TRUE,TRUE,"oracle.prev.cov",0.0457894736842105,0.0453900709219858,7.27,0,0.02,0.03,160,19,0.31667890625,0.276090234375,0,100
"abundance",160,1.2,FALSE,TRUE,3,5,TRUE,TRUE,"oracle.prev.noAdj",0.0284210526315789,0.0312056737588653,4.94,0,0.02,0.03,160,19,0.31667890625,0.276090234375,0.44,100
"abundance",160,1.2,FALSE,TRUE,3,5,TRUE,TRUE,"pkg.ANCOMBC.cov",0.998947368421053,0.0960283687943263,32.52,0.998421052631579,0.161654313234862,22.85,160,19,0.31667890625,0.276090234375,0,100
"abundance",160,1.2,FALSE,TRUE,3,5,TRUE,TRUE,"pkg.ANCOMBC.noAdj",0.998947368421053,0.098936170212766,32.93,0.997368421052632,0.166390216427265,22.96,160,19,0.31667890625,0.276090234375,0,100
"abundance",160,1.2,FALSE,TRUE,3,5,TRUE,TRUE,"pkg.DESeq2.cov",0.985789473684211,0.0414893617021277,24.58,0.938421052631579,0.0329288975558325,18.47,160,19,0.31667890625,0.276090234375,0,100
"abundance",160,1.2,FALSE,TRUE,3,5,TRUE,TRUE,"pkg.DESeq2.noAdj",0.982631578947369,0.045886524822695,25.14,0.931578947368421,0.0446670916372929,18.57,160,19,0.31667890625,0.276090234375,0,100
"abundance",160,1.2,FALSE,TRUE,3,5,TRUE,TRUE,"pkg.edgeR.cov",0.990526315789474,0.0416312056737589,24.69,0.955263157894737,0.0341109977338137,18.84,160,19,0.31667890625,0.276090234375,0,100
"abundance",160,1.2,FALSE,TRUE,3,5,TRUE,TRUE,"pkg.edgeR.noAdj",0.987368421052632,0.0485815602836879,25.61,0.956315789473684,0.0469673241704975,19.11,160,19,0.31667890625,0.276090234375,0,100
"abundance",160,1.2,FALSE,TRUE,3,5,TRUE,TRUE,"pkg.metagenomeSeq.cov",0.651052631578947,0.660354609929078,105.48,0.616315789473684,0.883196016419268,100.29,160,19,0.31667890625,0.276090234375,0,100
"abundance",160,1.2,FALSE,TRUE,3,5,TRUE,TRUE,"pkg.metagenomeSeq.noAdj",0.981578947368421,0.165460992907801,41.98,0.96421052631579,0.295642726216304,26.79,160,19,0.31667890625,0.276090234375,0,100
"abundance",160,1.2,FALSE,TRUE,3,5,TRUE,TRUE,"pkg.ZINQ.cov",0.995789473684211,0.142127659574468,38.96,0.981052631578948,0.216113157964943,24.28,160,19,0.31667890625,0.276090234375,0,100
"abundance",160,1.2,FALSE,TRUE,3,5,TRUE,TRUE,"pkg.ZINQ.depth",0.915263157894737,0.0653900709219858,26.61,0.689473684210526,0.0606859191290306,14.05,160,19,0.31667890625,0.276090234375,0,100
"abundance",160,1.2,FALSE,TRUE,3,5,TRUE,TRUE,"pkg.ZINQ.depthCov",0.931052631578947,0.0660283687943262,27,0.75,0.0560180153953374,15.19,160,19,0.31667890625,0.276090234375,0,100
"abundance",160,1.2,FALSE,TRUE,3,5,TRUE,TRUE,"pkg.ZINQ.noAdjust",0.933684210526316,0.135390070921986,36.83,0.912631578947368,0.212832370119207,22.52,160,19,0.31667890625,0.276090234375,0,100
"abundance",160,1.2,FALSE,TRUE,3,5,TRUE,TRUE,"presence(Fisher)",0.112631578947368,0.06,10.6,0.01,0.09,0.34,160,19,0.31667890625,0.276090234375,0.13,100
"abundance",160,1.2,FALSE,TRUE,3,5,TRUE,TRUE,"presence(logistic+depth)",0.128421052631579,0.0475886524822695,9.15,0.00894736842105263,0.02,0.19,160,19,0.31667890625,0.276090234375,0,100
"abundance",160,1.2,FALSE,TRUE,3,5,TRUE,TRUE,"presence(logistic+depth+z)",0.135263157894737,0.0472340425531915,9.23,0.00947368421052632,0.04,0.22,160,19,0.31667890625,0.276090234375,0,100
"abundance",160,1.2,FALSE,TRUE,3,5,TRUE,TRUE,"prevalence(Tobit).adj",0.207368421052632,0.059290780141844,12.3,0.0247368421052632,0.0516666666666667,0.57,160,19,0.31667890625,0.276090234375,0,100
"abundance",160,1.2,FALSE,TRUE,3,5,TRUE,TRUE,"prevalence(Tobit).noAdj",0.257368421052632,0.0628368794326241,13.75,0.0573684210526316,0.052,1.23,160,19,0.31667890625,0.276090234375,0,100
"abundance",160,1.2,TRUE,TRUE,3,5,TRUE,TRUE,"abundance(AHC-LinDA).adj",0.937894736842105,0.0547517730496454,25.54,0.797368421052632,0.0649068119702794,16.27,160,19,0.318637109375,0.277365234375,0,100
"abundance",160,1.2,TRUE,TRUE,3,5,TRUE,TRUE,"abundance(AHC-LinDA).noAdj",0.875789473684211,0.155957446808511,38.63,0.747368421052632,0.303729398192713,21.9,160,19,0.318637109375,0.277365234375,0,100
"abundance",160,1.2,TRUE,TRUE,3,5,TRUE,TRUE,"obsTwo.depthCov",0.942631578947369,0.0565248226950354,25.88,0.817368421052632,0.0461034326011106,16.34,160,19,0.318637109375,0.277365234375,0,100
"abundance",160,1.2,TRUE,TRUE,3,5,TRUE,TRUE,"obsTwo.simple",0.85421052631579,0.320212765957447,61.38,0.838421052631579,0.609170887028057,43.86,160,19,0.318637109375,0.277365234375,0,100
"abundance",160,1.2,TRUE,TRUE,3,5,TRUE,TRUE,"OMNIBUS(ACAT).adj",0.923157894736842,0.0574468085106383,25.64,0.748421052631579,0.0602252474907273,15.18,160,19,0.318637109375,0.277365234375,0,100
"abundance",160,1.2,TRUE,TRUE,3,5,TRUE,TRUE,"OMNIBUS(ACAT).noAdj",0.88,0.211489361702128,46.54,0.752105263157895,0.393371679700547,25.8,160,19,0.318637109375,0.277365234375,0,100
"abundance",160,1.2,TRUE,TRUE,3,5,TRUE,TRUE,"OMNIBUS(Bonf-minP).adj",0.91421052631579,0.056241134751773,25.3,0.741578947368421,0.0599530674863492,15.03,160,19,0.318637109375,0.277365234375,0,100
"abundance",160,1.2,TRUE,TRUE,3,5,TRUE,TRUE,"OMNIBUS(Bonf-minP).noAdj",0.868947368421053,0.204042553191489,45.28,0.746315789473684,0.392498105120392,25.38,160,19,0.318637109375,0.277365234375,0,100
"abundance",160,1.2,TRUE,TRUE,3,5,TRUE,TRUE,"oracle.prev.cov",0.05,0.0478014184397163,7.69,0,0.01,0.01,160,19,0.318637109375,0.277365234375,0,100
"abundance",160,1.2,TRUE,TRUE,3,5,TRUE,TRUE,"oracle.prev.noAdj",0.126842105263158,0.133049645390071,21.17,0.0142105263157895,0.533722222222222,2.57,160,19,0.318637109375,0.277365234375,0.36,100
"abundance",160,1.2,TRUE,TRUE,3,5,TRUE,TRUE,"pkg.ANCOMBC.cov",0.998947368421053,0.110780141843972,34.6,0.993684210526316,0.216690150515545,24.35,160,19,0.318637109375,0.277365234375,0,100
"abundance",160,1.2,TRUE,TRUE,3,5,TRUE,TRUE,"pkg.ANCOMBC.noAdj",0.983684210526316,0.301560283687943,61.21,0.96421052631579,0.573365849877574,45.8,160,19,0.318637109375,0.277365234375,0,100
"abundance",160,1.2,TRUE,TRUE,3,5,TRUE,TRUE,"pkg.DESeq2.cov",0.975789473684211,0.0427659574468085,24.57,0.902105263157895,0.0280931281742293,17.68,160,19,0.318637109375,0.277365234375,0,100
"abundance",160,1.2,TRUE,TRUE,3,5,TRUE,TRUE,"pkg.DESeq2.noAdj",0.945263157894737,0.215531914893617,48.35,0.885263157894737,0.45347168430477,32.6,160,19,0.318637109375,0.277365234375,0,100
"abundance",160,1.2,TRUE,TRUE,3,5,TRUE,TRUE,"pkg.edgeR.cov",0.986315789473684,0.0393617021276596,24.29,0.922631578947368,0.0230487493242911,17.97,160,19,0.318637109375,0.277365234375,0,100
"abundance",160,1.2,TRUE,TRUE,3,5,TRUE,TRUE,"pkg.edgeR.noAdj",0.952631578947368,0.214113475177305,48.29,0.900526315789474,0.431219771930954,31.93,160,19,0.318637109375,0.277365234375,0,100
"abundance",160,1.2,TRUE,TRUE,3,5,TRUE,TRUE,"pkg.metagenomeSeq.cov",0.611578947368421,0.633262411347518,100.91,0.575789473684211,0.88425067381835,94.62,160,19,0.318637109375,0.277365234375,0,100
"abundance",160,1.2,TRUE,TRUE,3,5,TRUE,TRUE,"pkg.metagenomeSeq.noAdj",0.96,0.334822695035461,65.45,0.935789473684211,0.632396222211601,51.29,160,19,0.318637109375,0.277365234375,0,100
"abundance",160,1.2,TRUE,TRUE,3,5,TRUE,TRUE,"pkg.ZINQ.cov",0.987368421052632,0.124609929078014,36.33,0.943684210526316,0.180776175262528,22.39,160,19,0.318637109375,0.277365234375,0,100
"abundance",160,1.2,TRUE,TRUE,3,5,TRUE,TRUE,"pkg.ZINQ.depth",0.874736842105263,0.173617021276596,41.1,0.711578947368421,0.28347562657296,20.24,160,19,0.318637109375,0.277365234375,0,100
"abundance",160,1.2,TRUE,TRUE,3,5,TRUE,TRUE,"pkg.ZINQ.depthCov",0.912631578947369,0.0624113475177305,26.14,0.676315789473684,0.0597510317769606,13.76,160,19,0.318637109375,0.277365234375,0,100
"abundance",160,1.2,TRUE,TRUE,3,5,TRUE,TRUE,"pkg.ZINQ.noAdjust",0.936315789473684,0.345390070921986,66.49,0.907894736842105,0.599461159643944,46.16,160,19,0.318637109375,0.277365234375,0,100
"abundance",160,1.2,TRUE,TRUE,3,5,TRUE,TRUE,"presence(Fisher)",0.202631578947368,0.163475177304965,26.9,0.0463157894736842,0.709715789112848,5.31,160,19,0.318637109375,0.277365234375,0.2,100
"abundance",160,1.2,TRUE,TRUE,3,5,TRUE,TRUE,"presence(logistic+depth)",0.193684210526316,0.101843971631206,18.04,0.0157894736842105,0.166380952380952,0.77,160,19,0.318637109375,0.277365234375,0,100
"abundance",160,1.2,TRUE,TRUE,3,5,TRUE,TRUE,"presence(logistic+depth+z)",0.128421052631579,0.0504255319148936,9.55,0.00421052631578947,0.0266666666666667,0.14,160,19,0.318637109375,0.277365234375,0,100
"abundance",160,1.2,TRUE,TRUE,3,5,TRUE,TRUE,"prevalence(Tobit).adj",0.185263157894737,0.0586524822695035,11.79,0.0115789473684211,0.0191666666666667,0.26,160,19,0.318637109375,0.277365234375,0,100
"abundance",160,1.2,TRUE,TRUE,3,5,TRUE,TRUE,"prevalence(Tobit).noAdj",0.320526315789474,0.172269503546099,30.38,0.113157894736842,0.504696558558401,6.37,160,19,0.318637109375,0.277365234375,0,100
"abundance",160,1.6,FALSE,TRUE,3,5,TRUE,TRUE,"abundance(AHC-LinDA).adj",0.980526315789474,0.0490070921985816,25.54,0.928947368421053,0.0464295641840399,18.57,160,19,0.32104296875,0.276841015625,0,100
"abundance",160,1.6,FALSE,TRUE,3,5,TRUE,TRUE,"abundance(AHC-LinDA).noAdj",0.978421052631579,0.0504255319148936,25.7,0.914736842105263,0.0460894945940376,18.28,160,19,0.32104296875,0.276841015625,0,100
"abundance",160,1.6,FALSE,TRUE,3,5,TRUE,TRUE,"obsTwo.depthCov",0.991578947368421,0.0933333333333333,32,0.963157894736842,0.120453060033366,21.23,160,19,0.32104296875,0.276841015625,0,100
"abundance",160,1.6,FALSE,TRUE,3,5,TRUE,TRUE,"obsTwo.simple",0.871052631578947,0.191843971631206,43.6,0.868947368421053,0.352319361072932,27.81,160,19,0.32104296875,0.276841015625,0,100
"abundance",160,1.6,FALSE,TRUE,3,5,TRUE,TRUE,"OMNIBUS(ACAT).adj",0.980526315789474,0.0626241134751773,27.46,0.926842105263158,0.0604920086195493,18.82,160,19,0.32104296875,0.276841015625,0,100
"abundance",160,1.6,FALSE,TRUE,3,5,TRUE,TRUE,"OMNIBUS(ACAT).noAdj",0.986315789473684,0.0668794326241135,28.17,0.928421052631579,0.0654868975119345,18.95,160,19,0.32104296875,0.276841015625,0,100
"abundance",160,1.6,FALSE,TRUE,3,5,TRUE,TRUE,"OMNIBUS(Bonf-minP).adj",0.975263157894737,0.0612056737588652,27.16,0.924736842105263,0.0583520374795782,18.73,160,19,0.32104296875,0.276841015625,0,100
"abundance",160,1.6,FALSE,TRUE,3,5,TRUE,TRUE,"OMNIBUS(Bonf-minP).noAdj",0.983684210526316,0.0660992907801418,28.01,0.923157894736842,0.0651315215740273,18.84,160,19,0.32104296875,0.276841015625,0,100
"abundance",160,1.6,FALSE,TRUE,3,5,TRUE,TRUE,"oracle.prev.cov",0.0557894736842105,0.0479432624113475,7.82,0,0.03,0.03,160,19,0.32104296875,0.276841015625,0,100
"abundance",160,1.6,FALSE,TRUE,3,5,TRUE,TRUE,"oracle.prev.noAdj",0.0373684210526316,0.0340425531914894,5.51,0,0.04,0.04,160,19,0.32104296875,0.276841015625,0.5,100
"abundance",160,1.6,FALSE,TRUE,3,5,TRUE,TRUE,"pkg.ANCOMBC.cov",1,0.0905673758865248,31.77,1,0.147456244383081,22.5,160,19,0.32104296875,0.276841015625,0,100
"abundance",160,1.6,FALSE,TRUE,3,5,TRUE,TRUE,"pkg.ANCOMBC.noAdj",1,0.0893617021276596,31.6,1,0.154844610106979,22.72,160,19,0.32104296875,0.276841015625,0,100
"abundance",160,1.6,FALSE,TRUE,3,5,TRUE,TRUE,"pkg.DESeq2.cov",0.997894736842105,0.0397872340425532,24.57,0.988421052631579,0.0288548644338118,19.36,160,19,0.32104296875,0.276841015625,0,100
"abundance",160,1.6,FALSE,TRUE,3,5,TRUE,TRUE,"pkg.DESeq2.noAdj",0.998421052631579,0.0468085106382979,25.57,0.988421052631579,0.036693865757939,19.53,160,19,0.32104296875,0.276841015625,0,100
"abundance",160,1.6,FALSE,TRUE,3,5,TRUE,TRUE,"pkg.edgeR.cov",0.999473684210526,0.0382978723404255,24.39,0.997894736842105,0.0202882205513784,19.37,160,19,0.32104296875,0.276841015625,0,100
"abundance",160,1.6,FALSE,TRUE,3,5,TRUE,TRUE,"pkg.edgeR.noAdj",0.999473684210526,0.0490780141843972,25.91,0.996842105263158,0.0406886151605831,19.8,160,19,0.32104296875,0.276841015625,0,100
"abundance",160,1.6,FALSE,TRUE,3,5,TRUE,TRUE,"pkg.metagenomeSeq.cov",0.658421052631579,0.666312056737589,106.46,0.632105263157895,0.881583488553501,101.66,160,19,0.32104296875,0.276841015625,0,100
"abundance",160,1.6,FALSE,TRUE,3,5,TRUE,TRUE,"pkg.metagenomeSeq.noAdj",1,0.156666666666667,41.09,0.997368421052632,0.283823236894991,27.22,160,19,0.32104296875,0.276841015625,0,100
"abundance",160,1.6,FALSE,TRUE,3,5,TRUE,TRUE,"pkg.ZINQ.cov",0.998947368421053,0.225815602836879,50.82,0.995263157894737,0.361491656319839,32.42,160,19,0.32104296875,0.276841015625,0,100
"abundance",160,1.6,FALSE,TRUE,3,5,TRUE,TRUE,"pkg.ZINQ.depth",0.975789473684211,0.0925531914893617,31.59,0.902631578947369,0.107277589951166,19.48,160,19,0.32104296875,0.276841015625,0,100
"abundance",160,1.6,FALSE,TRUE,3,5,TRUE,TRUE,"pkg.ZINQ.depthCov",0.981052631578948,0.0995744680851064,32.68,0.915263157894737,0.116670108457858,19.96,160,19,0.32104296875,0.276841015625,0,100
"abundance",160,1.6,FALSE,TRUE,3,5,TRUE,TRUE,"pkg.ZINQ.noAdjust",0.961578947368421,0.209078014184397,47.75,0.956315789473684,0.338411955554375,29.73,160,19,0.32104296875,0.276841015625,0,100
"abundance",160,1.6,FALSE,TRUE,3,5,TRUE,TRUE,"presence(Fisher)",0.207894736842105,0.0580141843971631,12.13,0.0326315789473684,0.106,0.87,160,19,0.32104296875,0.276841015625,0.09,100
"abundance",160,1.6,FALSE,TRUE,3,5,TRUE,TRUE,"presence(logistic+depth)",0.22421052631579,0.0498581560283688,11.29,0.0342105263157895,0.02,0.7,160,19,0.32104296875,0.276841015625,0,100
"abundance",160,1.6,FALSE,TRUE,3,5,TRUE,TRUE,"presence(logistic+depth+z)",0.232631578947368,0.0524113475177305,11.81,0.0378947368421053,0.035,0.79,160,19,0.32104296875,0.276841015625,0,100
"abundance",160,1.6,FALSE,TRUE,3,5,TRUE,TRUE,"prevalence(Tobit).adj",0.286315789473684,0.0695035460992908,15.24,0.0768421052631579,0.0587619047619048,1.63,160,19,0.32104296875,0.276841015625,0,100
"abundance",160,1.6,FALSE,TRUE,3,5,TRUE,TRUE,"prevalence(Tobit).noAdj",0.367894736842105,0.0751063829787234,17.58,0.178421052631579,0.0986388888888889,3.87,160,19,0.32104296875,0.276841015625,0,100
"abundance",160,1.6,TRUE,TRUE,3,5,TRUE,TRUE,"abundance(AHC-LinDA).adj",0.971052631578948,0.0516312056737589,25.73,0.913157894736842,0.0425462464092495,18.17,160,19,0.32106484375,0.27778984375,0,100
"abundance",160,1.6,TRUE,TRUE,3,5,TRUE,TRUE,"abundance(AHC-LinDA).noAdj",0.942631578947369,0.165460992907801,41.24,0.87,0.322859517990559,25.51,160,19,0.32106484375,0.27778984375,0,100
"abundance",160,1.6,TRUE,TRUE,3,5,TRUE,TRUE,"obsTwo.depthCov",0.986315789473684,0.0760283687943262,29.46,0.953157894736842,0.0829335621849621,19.92,160,19,0.32106484375,0.27778984375,0,100
"abundance",160,1.6,TRUE,TRUE,3,5,TRUE,TRUE,"obsTwo.simple",0.891578947368421,0.363404255319149,68.18,0.887368421052632,0.660238136439809,52.19,160,19,0.32106484375,0.27778984375,0,100
"abundance",160,1.6,TRUE,TRUE,3,5,TRUE,TRUE,"OMNIBUS(ACAT).adj",0.974736842105263,0.0566666666666667,26.51,0.903684210526316,0.0490879832933104,18.12,160,19,0.32106484375,0.27778984375,0,100
"abundance",160,1.6,TRUE,TRUE,3,5,TRUE,TRUE,"OMNIBUS(ACAT).noAdj",0.953157894736842,0.223687943262411,49.65,0.892631578947369,0.417760568839096,30.36,160,19,0.32106484375,0.27778984375,0,100
"abundance",160,1.6,TRUE,TRUE,3,5,TRUE,TRUE,"OMNIBUS(Bonf-minP).adj",0.971052631578948,0.0558156028368794,26.32,0.897368421052632,0.0478890423134097,17.97,160,19,0.32106484375,0.27778984375,0,100
"abundance",160,1.6,TRUE,TRUE,3,5,TRUE,TRUE,"OMNIBUS(Bonf-minP).noAdj",0.947894736842105,0.218368794326241,48.8,0.884736842105263,0.411748516921205,29.8,160,19,0.32106484375,0.27778984375,0,100
"abundance",160,1.6,TRUE,TRUE,3,5,TRUE,TRUE,"oracle.prev.cov",0.0521052631578947,0.0497163120567376,8,0,0,0,160,19,0.32106484375,0.27778984375,0,100
"abundance",160,1.6,TRUE,TRUE,3,5,TRUE,TRUE,"oracle.prev.noAdj",0.145263157894737,0.133758865248227,21.62,0.0210526315789474,0.626163308913309,2.79,160,19,0.32106484375,0.27778984375,0.36,100
"abundance",160,1.6,TRUE,TRUE,3,5,TRUE,TRUE,"pkg.ANCOMBC.cov",1,0.10113475177305,33.26,1,0.182065689046645,23.54,160,19,0.32106484375,0.27778984375,0,100
"abundance",160,1.6,TRUE,TRUE,3,5,TRUE,TRUE,"pkg.ANCOMBC.noAdj",0.997894736842105,0.298014184397163,60.98,0.994736842105263,0.567406356311428,46.23,160,19,0.32106484375,0.27778984375,0,100
"abundance",160,1.6,TRUE,TRUE,3,5,TRUE,TRUE,"pkg.DESeq2.cov",0.996315789473684,0.0400709219858156,24.58,0.979473684210526,0.0291476517380408,19.2,160,19,0.32106484375,0.27778984375,0,100
"abundance",160,1.6,TRUE,TRUE,3,5,TRUE,TRUE,"pkg.DESeq2.noAdj",0.989473684210526,0.222553191489362,50.18,0.976842105263158,0.451832699701634,35.34,160,19,0.32106484375,0.27778984375,0,100
"abundance",160,1.6,TRUE,TRUE,3,5,TRUE,TRUE,"pkg.edgeR.cov",0.998421052631579,0.0387234042553191,24.43,0.992631578947368,0.0276694007746639,19.42,160,19,0.32106484375,0.27778984375,0,100
"abundance",160,1.6,TRUE,TRUE,3,5,TRUE,TRUE,"pkg.edgeR.noAdj",0.992631578947369,0.221063829787234,50.03,0.985263157894737,0.434202347331963,34.66,160,19,0.32106484375,0.27778984375,0,100
"abundance",160,1.6,TRUE,TRUE,3,5,TRUE,TRUE,"pkg.metagenomeSeq.cov",0.603157894736842,0.628085106382979,100.02,0.561578947368421,0.886537943403841,94.09,160,19,0.32106484375,0.27778984375,0,100
"abundance",160,1.6,TRUE,TRUE,3,5,TRUE,TRUE,"pkg.metagenomeSeq.noAdj",0.992105263157895,0.356879432624113,69.17,0.988947368421053,0.646069501099166,55.99,160,19,0.32106484375,0.27778984375,0,100
"abundance",160,1.6,TRUE,TRUE,3,5,TRUE,TRUE,"pkg.ZINQ.cov",0.996842105263158,0.170496453900709,42.98,0.991052631578947,0.249424473657444,26.02,160,19,0.32106484375,0.27778984375,0,100
"abundance",160,1.6,TRUE,TRUE,3,5,TRUE,TRUE,"pkg.ZINQ.depth",0.957368421052632,0.199503546099291,46.32,0.885789473684211,0.337995607801396,26.81,160,19,0.32106484375,0.27778984375,0,100
"abundance",160,1.6,TRUE,TRUE,3,5,TRUE,TRUE,"pkg.ZINQ.depthCov",0.970526315789474,0.0823404255319149,30.05,0.892105263157895,0.0848485739624688,18.7,160,19,0.32106484375,0.27778984375,0,100
"abundance",160,1.6,TRUE,TRUE,3,5,TRUE,TRUE,"pkg.ZINQ.noAdjust",0.971052631578948,0.388581560283688,73.24,0.965263157894737,0.649379450607627,54.86,160,19,0.32106484375,0.27778984375,0,100
"abundance",160,1.6,TRUE,TRUE,3,5,TRUE,TRUE,"presence(Fisher)",0.282105263157895,0.157163120567376,27.52,0.0931578947368421,0.60189180410233,6.19,160,19,0.32106484375,0.27778984375,0.16,100
"abundance",160,1.6,TRUE,TRUE,3,5,TRUE,TRUE,"presence(logistic+depth)",0.267894736842105,0.107517730496454,20.25,0.0563157894736842,0.182345238095238,1.71,160,19,0.32106484375,0.27778984375,0,100
"abundance",160,1.6,TRUE,TRUE,3,5,TRUE,TRUE,"presence(logistic+depth+z)",0.218421052631579,0.0487234042553192,11.02,0.0236842105263158,0.0166666666666667,0.5,160,19,0.32106484375,0.27778984375,0,100
"abundance",160,1.6,TRUE,TRUE,3,5,TRUE,TRUE,"prevalence(Tobit).adj",0.263157894736842,0.0609219858156028,13.59,0.0636842105263158,0.0561666666666667,1.37,160,19,0.32106484375,0.27778984375,0,100
"abundance",160,1.6,TRUE,TRUE,3,5,TRUE,TRUE,"prevalence(Tobit).noAdj",0.433684210526316,0.177801418439716,33.31,0.245789473684211,0.50787860309625,10.43,160,19,0.32106484375,0.27778984375,0,100
"abundance",160,2,FALSE,TRUE,3,5,TRUE,TRUE,"abundance(AHC-LinDA).adj",0.984736842105263,0.0491489361702128,25.64,0.951052631578947,0.0484287622683773,19.04,160,19,0.32362109375,0.276126171875,0,100
"abundance",160,2,FALSE,TRUE,3,5,TRUE,TRUE,"abundance(AHC-LinDA).noAdj",0.984736842105263,0.0482269503546099,25.51,0.94,0.0421606867766176,18.69,160,19,0.32362109375,0.276126171875,0,100
"abundance",160,2,FALSE,TRUE,3,5,TRUE,TRUE,"obsTwo.depthCov",0.998421052631579,0.141063829787234,38.86,0.986842105263158,0.204812588503919,25.61,160,19,0.32362109375,0.276126171875,0,100
"abundance",160,2,FALSE,TRUE,3,5,TRUE,TRUE,"obsTwo.simple",0.898947368421053,0.288297872340426,57.73,0.897894736842105,0.478608355822075,41.08,160,19,0.32362109375,0.276126171875,0,100
"abundance",160,2,FALSE,TRUE,3,5,TRUE,TRUE,"OMNIBUS(ACAT).adj",0.985789473684211,0.0643971631205674,27.81,0.96,0.0696898857263644,19.7,160,19,0.32362109375,0.276126171875,0,100
"abundance",160,2,FALSE,TRUE,3,5,TRUE,TRUE,"OMNIBUS(ACAT).noAdj",0.993157894736842,0.0731205673758865,29.18,0.968421052631579,0.0855233593358576,20.28,160,19,0.32362109375,0.276126171875,0,100
"abundance",160,2,FALSE,TRUE,3,5,TRUE,TRUE,"OMNIBUS(Bonf-minP).adj",0.985789473684211,0.0636879432624113,27.71,0.956842105263158,0.069668305137278,19.64,160,19,0.32362109375,0.276126171875,0,100
"abundance",160,2,FALSE,TRUE,3,5,TRUE,TRUE,"OMNIBUS(Bonf-minP).noAdj",0.990526315789474,0.0712765957446809,28.87,0.966315789473684,0.0841220637588184,20.2,160,19,0.32362109375,0.276126171875,0,100
"abundance",160,2,FALSE,TRUE,3,5,TRUE,TRUE,"oracle.prev.cov",0.05,0.0467375886524823,7.54,0.000526315789473684,0.03,0.04,160,19,0.32362109375,0.276126171875,0,100
"abundance",160,2,FALSE,TRUE,3,5,TRUE,TRUE,"oracle.prev.noAdj",0.0321052631578948,0.0297163120567376,4.8,0,0.01,0.01,160,19,0.32362109375,0.276126171875,0.33,100
"abundance",160,2,FALSE,TRUE,3,5,TRUE,TRUE,"pkg.ANCOMBC.cov",1,0.0880851063829787,31.42,0.999473684210526,0.144087537727418,22.38,160,19,0.32362109375,0.276126171875,0,100
"abundance",160,2,FALSE,TRUE,3,5,TRUE,TRUE,"pkg.ANCOMBC.noAdj",1,0.0873758865248227,31.32,0.999473684210526,0.143667538902321,22.38,160,19,0.32362109375,0.276126171875,0,100
"abundance",160,2,FALSE,TRUE,3,5,TRUE,TRUE,"pkg.DESeq2.cov",1,0.0404255319148936,24.7,0.997368421052632,0.0314714817346396,19.6,160,19,0.32362109375,0.276126171875,0,100
"abundance",160,2,FALSE,TRUE,3,5,TRUE,TRUE,"pkg.DESeq2.noAdj",1,0.0437588652482269,25.17,0.997894736842105,0.0345981554677207,19.68,160,19,0.32362109375,0.276126171875,0,100
"abundance",160,2,FALSE,TRUE,3,5,TRUE,TRUE,"pkg.edgeR.cov",1,0.0399290780141844,24.63,1,0.0296882175795219,19.62,160,19,0.32362109375,0.276126171875,0,100
"abundance",160,2,FALSE,TRUE,3,5,TRUE,TRUE,"pkg.edgeR.noAdj",1,0.0466666666666667,25.58,1,0.0423551948051948,19.9,160,19,0.32362109375,0.276126171875,0,100
"abundance",160,2,FALSE,TRUE,3,5,TRUE,TRUE,"pkg.metagenomeSeq.cov",0.644210526315789,0.66645390070922,106.21,0.621052631578947,0.88345949263526,101.25,160,19,0.32362109375,0.276126171875,0,100
"abundance",160,2,FALSE,TRUE,3,5,TRUE,TRUE,"pkg.metagenomeSeq.noAdj",1,0.153333333333333,40.62,1,0.268516010149819,26.76,160,19,0.32362109375,0.276126171875,0,100
"abundance",160,2,FALSE,TRUE,3,5,TRUE,TRUE,"pkg.ZINQ.cov",1,0.341560283687943,67.16,0.999473684210526,0.496724232944,47.91,160,19,0.32362109375,0.276126171875,0,100
"abundance",160,2,FALSE,TRUE,3,5,TRUE,TRUE,"pkg.ZINQ.depth",0.991052631578947,0.132624113475177,37.53,0.954736842105263,0.190588108645422,23.67,160,19,0.32362109375,0.276126171875,0,100
"abundance",160,2,FALSE,TRUE,3,5,TRUE,TRUE,"pkg.ZINQ.depthCov",0.991578947368421,0.143829787234043,39.12,0.966315789473684,0.19922998225248,24.37,160,19,0.32362109375,0.276126171875,0,100
"abundance",160,2,FALSE,TRUE,3,5,TRUE,TRUE,"pkg.ZINQ.noAdjust",0.975263157894737,0.314042553191489,62.81,0.974736842105263,0.471395892863235,43.48,160,19,0.32362109375,0.276126171875,0,100
"abundance",160,2,FALSE,TRUE,3,5,TRUE,TRUE,"presence(Fisher)",0.337894736842105,0.0485815602836879,13.27,0.127894736842105,0.0671190476190476,2.69,160,19,0.32362109375,0.276126171875,0.11,100
"abundance",160,2,FALSE,TRUE,3,5,TRUE,TRUE,"presence(logistic+depth)",0.338947368421053,0.0536879432624113,14.01,0.119473684210526,0.0472554112554113,2.48,160,19,0.32362109375,0.276126171875,0,100
"abundance",160,2,FALSE,TRUE,3,5,TRUE,TRUE,"presence(logistic+depth+z)",0.345263157894737,0.0529787234042553,14.03,0.125789473684211,0.0497738095238095,2.63,160,19,0.32362109375,0.276126171875,0,100
"abundance",160,2,FALSE,TRUE,3,5,TRUE,TRUE,"prevalence(Tobit).adj",0.38421052631579,0.0767375886524823,18.12,0.185263157894737,0.111380952380952,4.12,160,19,0.32362109375,0.276126171875,0,100
"abundance",160,2,FALSE,TRUE,3,5,TRUE,TRUE,"prevalence(Tobit).noAdj",0.481052631578947,0.086241134751773,21.3,0.328421052631579,0.127772671772672,7.35,160,19,0.32362109375,0.276126171875,0,100
"abundance",160,2,TRUE,TRUE,3,5,TRUE,TRUE,"abundance(AHC-LinDA).adj",0.977894736842105,0.0476595744680851,25.3,0.927894736842105,0.0421967400336461,18.47,160,19,0.323604296875,0.27512109375,0,100
"abundance",160,2,TRUE,TRUE,3,5,TRUE,TRUE,"abundance(AHC-LinDA).noAdj",0.968421052631579,0.150851063829787,39.67,0.91,0.270886261363183,25.13,160,19,0.323604296875,0.27512109375,0,100
"abundance",160,2,TRUE,TRUE,3,5,TRUE,TRUE,"obsTwo.depthCov",0.995789473684211,0.149432624113475,39.99,0.981578947368421,0.228354098384237,25.65,160,19,0.323604296875,0.27512109375,0,100
"abundance",160,2,TRUE,TRUE,3,5,TRUE,TRUE,"obsTwo.simple",0.916842105263158,0.430496453900709,78.12,0.915789473684211,0.715181577845782,65.67,160,19,0.323604296875,0.27512109375,0,100
"abundance",160,2,TRUE,TRUE,3,5,TRUE,TRUE,"OMNIBUS(ACAT).adj",0.985789473684211,0.0633333333333333,27.66,0.937894736842105,0.0575290484892383,18.98,160,19,0.323604296875,0.27512109375,0,100
"abundance",160,2,TRUE,TRUE,3,5,TRUE,TRUE,"OMNIBUS(ACAT).noAdj",0.978947368421053,0.226170212765957,50.49,0.942105263157895,0.410239898235927,31.9,160,19,0.323604296875,0.27512109375,0,100
"abundance",160,2,TRUE,TRUE,3,5,TRUE,TRUE,"OMNIBUS(Bonf-minP).adj",0.982631578947369,0.0597872340425532,27.1,0.93421052631579,0.0587006323401699,18.93,160,19,0.323604296875,0.27512109375,0,100
"abundance",160,2,TRUE,TRUE,3,5,TRUE,TRUE,"OMNIBUS(Bonf-minP).noAdj",0.97421052631579,0.219148936170213,49.41,0.939473684210526,0.403507756628354,31.49,160,19,0.323604296875,0.27512109375,0,100
"abundance",160,2,TRUE,TRUE,3,5,TRUE,TRUE,"oracle.prev.cov",0.0478947368421053,0.0463120567375886,7.44,0,0,0,160,19,0.323604296875,0.27512109375,0,100
"abundance",160,2,TRUE,TRUE,3,5,TRUE,TRUE,"oracle.prev.noAdj",0.131578947368421,0.129078014184397,20.7,0.0142105263157895,0.56455753968254,2.44,160,19,0.323604296875,0.27512109375,0.36,100
"abundance",160,2,TRUE,TRUE,3,5,TRUE,TRUE,"pkg.ANCOMBC.cov",1,0.102482269503546,33.45,0.997894736842105,0.178488171564459,23.58,160,19,0.323604296875,0.27512109375,0,100
"abundance",160,2,TRUE,TRUE,3,5,TRUE,TRUE,"pkg.ANCOMBC.noAdj",1,0.282765957446808,58.87,0.998421052631579,0.543184940745533,43.82,160,19,0.323604296875,0.27512109375,0,100
"abundance",160,2,TRUE,TRUE,3,5,TRUE,TRUE,"pkg.DESeq2.cov",0.997368421052632,0.0385815602836879,24.39,0.995789473684211,0.0334133158984418,19.6,160,19,0.323604296875,0.27512109375,0,100
"abundance",160,2,TRUE,TRUE,3,5,TRUE,TRUE,"pkg.DESeq2.noAdj",0.995263157894737,0.222482269503546,50.28,0.992631578947369,0.439828147708531,34.89,160,19,0.323604296875,0.27512109375,0,100
"abundance",160,2,TRUE,TRUE,3,5,TRUE,TRUE,"pkg.edgeR.cov",0.999473684210526,0.0380851063829787,24.36,0.998421052631579,0.0309469314057415,19.62,160,19,0.323604296875,0.27512109375,0,100
"abundance",160,2,TRUE,TRUE,3,5,TRUE,TRUE,"pkg.edgeR.noAdj",0.998421052631579,0.221560283687943,50.21,0.995789473684211,0.429505941593264,34.53,160,19,0.323604296875,0.27512109375,0,100
"abundance",160,2,TRUE,TRUE,3,5,TRUE,TRUE,"pkg.metagenomeSeq.cov",0.607368421052632,0.638581560283688,101.58,0.565789473684211,0.887679125826639,95.7,160,19,0.323604296875,0.27512109375,0,100
"abundance",160,2,TRUE,TRUE,3,5,TRUE,TRUE,"pkg.metagenomeSeq.noAdj",1,0.350567375886525,68.43,0.999473684210526,0.638756907523828,55.04,160,19,0.323604296875,0.27512109375,0,100
"abundance",160,2,TRUE,TRUE,3,5,TRUE,TRUE,"pkg.ZINQ.cov",0.999473684210526,0.309007092198582,62.56,0.997368421052632,0.45924095339582,42.93,160,19,0.323604296875,0.27512109375,0,100
"abundance",160,2,TRUE,TRUE,3,5,TRUE,TRUE,"pkg.ZINQ.depth",0.988421052631579,0.258794326241135,55.27,0.955263157894737,0.447761639003262,35.96,160,19,0.323604296875,0.27512109375,0,100
"abundance",160,2,TRUE,TRUE,3,5,TRUE,TRUE,"pkg.ZINQ.depthCov",0.991052631578947,0.148297872340426,39.74,0.955789473684211,0.216239186324637,24.23,160,19,0.323604296875,0.27512109375,0,100
"abundance",160,2,TRUE,TRUE,3,5,TRUE,TRUE,"pkg.ZINQ.noAdjust",0.98,0.461276595744681,83.66,0.978421052631579,0.710673026760043,69.73,160,19,0.323604296875,0.27512109375,0,100
"abundance",160,2,TRUE,TRUE,3,5,TRUE,TRUE,"presence(Fisher)",0.385789473684211,0.143971631205674,27.63,0.201052631578947,0.451083264731485,7.86,160,19,0.323604296875,0.27512109375,0.18,100
"abundance",160,2,TRUE,TRUE,3,5,TRUE,TRUE,"presence(logistic+depth)",0.359473684210526,0.11177304964539,22.59,0.147894736842105,0.209768901033607,4.03,160,19,0.323604296875,0.27512109375,0,100
"abundance",160,2,TRUE,TRUE,3,5,TRUE,TRUE,"presence(logistic+depth+z)",0.321052631578947,0.0529078014184397,13.56,0.101052631578947,0.0310238095238095,2.05,160,19,0.323604296875,0.27512109375,0,100
"abundance",160,2,TRUE,TRUE,3,5,TRUE,TRUE,"prevalence(Tobit).adj",0.355789473684211,0.073758865248227,17.16,0.146842105263158,0.0814484126984127,3.2,160,19,0.323604296875,0.27512109375,0,100
"abundance",160,2,TRUE,TRUE,3,5,TRUE,TRUE,"prevalence(Tobit).noAdj",0.497894736842105,0.193191489361702,36.7,0.361052631578947,0.491969310470204,14.87,160,19,0.323604296875,0.27512109375,0,100
"abundance",160,2.6,FALSE,TRUE,3,5,TRUE,TRUE,"abundance(AHC-LinDA).adj",0.983684210526316,0.0474468085106383,25.38,0.961052631578947,0.0380321295323483,19.03,160,19,0.3330765625,0.2765875,0,100
"abundance",160,2.6,FALSE,TRUE,3,5,TRUE,TRUE,"abundance(AHC-LinDA).noAdj",0.98421052631579,0.0457446808510638,25.15,0.952631578947369,0.0406379595038903,18.91,160,19,0.3330765625,0.2765875,0,100
"abundance",160,2.6,FALSE,TRUE,3,5,TRUE,TRUE,"obsTwo.depthCov",0.999473684210526,0.336312056737589,66.41,0.998421052631579,0.497558499439565,48.79,160,19,0.3330765625,0.2765875,0,100
"abundance",160,2.6,FALSE,TRUE,3,5,TRUE,TRUE,"obsTwo.simple",0.904736842105263,0.509503546099291,89.03,0.904736842105263,0.722117758490198,78.13,160,19,0.3330765625,0.2765875,0,100
"abundance",160,2.6,FALSE,TRUE,3,5,TRUE,TRUE,"OMNIBUS(ACAT).adj",0.99421052631579,0.0894326241134752,31.5,0.977368421052632,0.106065777744887,20.94,160,19,0.3330765625,0.2765875,0,100
"abundance",160,2.6,FALSE,TRUE,3,5,TRUE,TRUE,"OMNIBUS(ACAT).noAdj",0.997368421052632,0.106666666666667,33.99,0.991052631578947,0.148131030796477,22.46,160,19,0.3330765625,0.2765875,0,100
"abundance",160,2.6,FALSE,TRUE,3,5,TRUE,TRUE,"OMNIBUS(Bonf-minP).adj",0.994736842105263,0.0880141843971631,31.31,0.976315789473684,0.104627447069714,20.89,160,19,0.3330765625,0.2765875,0,100
"abundance",160,2.6,FALSE,TRUE,3,5,TRUE,TRUE,"OMNIBUS(Bonf-minP).noAdj",0.997368421052632,0.107304964539007,34.08,0.988947368421053,0.146108587625087,22.36,160,19,0.3330765625,0.2765875,0,100
"abundance",160,2.6,FALSE,TRUE,3,5,TRUE,TRUE,"oracle.prev.cov",0.05,0.0473049645390071,7.62,0,0.04,0.04,160,19,0.3330765625,0.2765875,0,100
"abundance",160,2.6,FALSE,TRUE,3,5,TRUE,TRUE,"oracle.prev.noAdj",0.0321052631578947,0.0327659574468085,5.23,0,0.03,0.03,160,19,0.3330765625,0.2765875,0.44,100
"abundance",160,2.6,FALSE,TRUE,3,5,TRUE,TRUE,"pkg.ANCOMBC.cov",0.999473684210526,0.0851063829787234,30.99,0.999473684210526,0.129957148627578,22,160,19,0.3330765625,0.2765875,0,100
"abundance",160,2.6,FALSE,TRUE,3,5,TRUE,TRUE,"pkg.ANCOMBC.noAdj",0.999473684210526,0.0841843971631206,30.86,0.999473684210526,0.137938946624479,22.19,160,19,0.3330765625,0.2765875,0,100
"abundance",160,2.6,FALSE,TRUE,3,5,TRUE,TRUE,"pkg.DESeq2.cov",0.999473684210526,0.0409219858156028,24.76,0.997894736842105,0.0389902597402597,19.78,160,19,0.3330765625,0.2765875,0,100
"abundance",160,2.6,FALSE,TRUE,3,5,TRUE,TRUE,"pkg.DESeq2.noAdj",0.999473684210526,0.0475177304964539,25.69,0.997894736842105,0.0465829940463808,19.95,160,19,0.3330765625,0.2765875,0,100
"abundance",160,2.6,FALSE,TRUE,3,5,TRUE,TRUE,"pkg.edgeR.cov",1,0.0432624113475177,25.1,1,0.0329848014304536,19.69,160,19,0.3330765625,0.2765875,0,100
"abundance",160,2.6,FALSE,TRUE,3,5,TRUE,TRUE,"pkg.edgeR.noAdj",1,0.0504964539007092,26.12,1,0.0445536325992847,19.95,160,19,0.3330765625,0.2765875,0,100
"abundance",160,2.6,FALSE,TRUE,3,5,TRUE,TRUE,"pkg.metagenomeSeq.cov",0.630526315789474,0.662624113475177,105.41,0.604736842105263,0.88531047253134,100.19,160,19,0.3330765625,0.2765875,0,100
"abundance",160,2.6,FALSE,TRUE,3,5,TRUE,TRUE,"pkg.metagenomeSeq.noAdj",1,0.136241134751773,38.21,1,0.223305875126632,24.98,160,19,0.3330765625,0.2765875,0,100
"abundance",160,2.6,FALSE,TRUE,3,5,TRUE,TRUE,"pkg.ZINQ.cov",1,0.620921985815603,106.55,1,0.744771388456845,94.84,160,19,0.3330765625,0.2765875,0,100
"abundance",160,2.6,FALSE,TRUE,3,5,TRUE,TRUE,"pkg.ZINQ.depth",0.998947368421053,0.292198581560284,60.18,0.991052631578947,0.423186759719092,40.24,160,19,0.3330765625,0.2765875,0,100
"abundance",160,2.6,FALSE,TRUE,3,5,TRUE,TRUE,"pkg.ZINQ.depthCov",0.998421052631579,0.312624113475177,63.05,0.992631578947368,0.464094960838904,43.84,160,19,0.3330765625,0.2765875,0,100
"abundance",160,2.6,FALSE,TRUE,3,5,TRUE,TRUE,"pkg.ZINQ.noAdjust",0.980526315789474,0.56468085106383,98.25,0.980526315789474,0.721921426785351,85.4,160,19,0.3330765625,0.2765875,0,100
"abundance",160,2.6,FALSE,TRUE,3,5,TRUE,TRUE,"presence(Fisher)",0.486315789473684,0.0395744680851064,14.82,0.353684210526316,0.0469134199134199,7.12,160,19,0.3330765625,0.2765875,0.13,100
"abundance",160,2.6,FALSE,TRUE,3,5,TRUE,TRUE,"presence(logistic+depth)",0.456315789473684,0.0637588652482269,17.66,0.307368421052632,0.0609256576756577,6.35,160,19,0.3330765625,0.2765875,0,100
"abundance",160,2.6,FALSE,TRUE,3,5,TRUE,TRUE,"presence(logistic+depth+z)",0.463684210526316,0.0673049645390071,18.3,0.31421052631579,0.0719949494949495,6.57,160,19,0.3330765625,0.2765875,0,100
"abundance",160,2.6,FALSE,TRUE,3,5,TRUE,TRUE,"prevalence(Tobit).adj",0.461052631578947,0.109078014184397,24.14,0.336842105263158,0.169941958368429,8.01,160,19,0.3330765625,0.2765875,0,100
"abundance",160,2.6,FALSE,TRUE,3,5,TRUE,TRUE,"prevalence(Tobit).noAdj",0.53578947368421,0.135957446808511,29.35,0.455263157894737,0.242087550564331,12.17,160,19,0.3330765625,0.2765875,0,100
"abundance",160,2.6,TRUE,TRUE,3,5,TRUE,TRUE,"abundance(AHC-LinDA).adj",0.978421052631579,0.0505673758865248,25.72,0.937894736842105,0.052037540884879,18.85,160,19,0.33232109375,0.276001953125,0,100
"abundance",160,2.6,TRUE,TRUE,3,5,TRUE,TRUE,"abundance(AHC-LinDA).noAdj",0.97,0.138368794326241,37.94,0.927368421052632,0.239879542780128,24.03,160,19,0.33232109375,0.276001953125,0,100
"abundance",160,2.6,TRUE,TRUE,3,5,TRUE,TRUE,"obsTwo.depthCov",0.997894736842105,0.299007092198582,61.12,0.993157894736842,0.444014280447081,43.09,160,19,0.33232109375,0.276001953125,0,100
"abundance",160,2.6,TRUE,TRUE,3,5,TRUE,TRUE,"obsTwo.simple",0.931052631578947,0.557234042553192,96.26,0.931052631578947,0.788623726669742,88.77,160,19,0.33232109375,0.276001953125,0,100
"abundance",160,2.6,TRUE,TRUE,3,5,TRUE,TRUE,"OMNIBUS(ACAT).adj",0.991052631578947,0.0832624113475177,30.57,0.967368421052632,0.103185651169747,20.76,160,19,0.33232109375,0.276001953125,0,100
"abundance",160,2.6,TRUE,TRUE,3,5,TRUE,TRUE,"OMNIBUS(ACAT).noAdj",0.990526315789474,0.252198581560284,54.38,0.974736842105263,0.454256500393835,36.03,160,19,0.33232109375,0.276001953125,0,100
"abundance",160,2.6,TRUE,TRUE,3,5,TRUE,TRUE,"OMNIBUS(Bonf-minP).adj",0.99,0.0820567375886525,30.38,0.965263157894737,0.104238788391629,20.73,160,19,0.33232109375,0.276001953125,0,100
"abundance",160,2.6,TRUE,TRUE,3,5,TRUE,TRUE,"OMNIBUS(Bonf-minP).noAdj",0.988421052631579,0.246312056737589,53.51,0.973157894736842,0.451715348798122,35.73,160,19,0.33232109375,0.276001953125,0,100
"abundance",160,2.6,TRUE,TRUE,3,5,TRUE,TRUE,"oracle.prev.cov",0.0421052631578947,0.0469503546099291,7.42,0.00105263157894737,0.02,0.04,160,19,0.33232109375,0.276001953125,0,100
"abundance",160,2.6,TRUE,TRUE,3,5,TRUE,TRUE,"oracle.prev.noAdj",0.142105263157895,0.137304964539007,22.06,0.0215789473684211,0.541563492063492,2.82,160,19,0.33232109375,0.276001953125,0.29,100
"abundance",160,2.6,TRUE,TRUE,3,5,TRUE,TRUE,"pkg.ANCOMBC.cov",1,0.0961702127659575,32.56,0.999473684210526,0.154468185495789,22.67,160,19,0.33232109375,0.276001953125,0,100
"abundance",160,2.6,TRUE,TRUE,3,5,TRUE,TRUE,"pkg.ANCOMBC.noAdj",0.999473684210526,0.28177304964539,58.72,0.999473684210526,0.542302491521336,44,160,19,0.33232109375,0.276001953125,0,100
"abundance",160,2.6,TRUE,TRUE,3,5,TRUE,TRUE,"pkg.DESeq2.cov",0.997894736842105,0.0426950354609929,24.98,0.99421052631579,0.041392354403796,19.75,160,19,0.33232109375,0.276001953125,0,100
"abundance",160,2.6,TRUE,TRUE,3,5,TRUE,TRUE,"pkg.DESeq2.noAdj",0.998947368421053,0.218439716312057,49.78,0.996315789473684,0.436385373525707,35.1,160,19,0.33232109375,0.276001953125,0,100
"abundance",160,2.6,TRUE,TRUE,3,5,TRUE,TRUE,"pkg.edgeR.cov",0.999473684210526,0.0430496453900709,25.06,0.999473684210526,0.0391748917748918,19.81,160,19,0.33232109375,0.276001953125,0,100
"abundance",160,2.6,TRUE,TRUE,3,5,TRUE,TRUE,"pkg.edgeR.noAdj",0.999473684210526,0.217446808510638,49.65,0.999473684210526,0.42810019661863,34.63,160,19,0.33232109375,0.276001953125,0,100
"abundance",160,2.6,TRUE,TRUE,3,5,TRUE,TRUE,"pkg.metagenomeSeq.cov",0.614210526315789,0.624113475177305,99.67,0.57,0.883897396151626,93.27,160,19,0.33232109375,0.276001953125,0,100
"abundance",160,2.6,TRUE,TRUE,3,5,TRUE,TRUE,"pkg.metagenomeSeq.noAdj",1,0.36113475177305,69.92,1,0.648631187139985,56.15,160,19,0.33232109375,0.276001953125,0,100
"abundance",160,2.6,TRUE,TRUE,3,5,TRUE,TRUE,"pkg.ZINQ.cov",1,0.549716312056738,96.51,0.998947368421053,0.704009017694354,82.63,160,19,0.33232109375,0.276001953125,0,100
"abundance",160,2.6,TRUE,TRUE,3,5,TRUE,TRUE,"pkg.ZINQ.depth",0.995789473684211,0.371843971631206,71.35,0.99,0.592262723132536,53.89,160,19,0.33232109375,0.276001953125,0,100
"abundance",160,2.6,TRUE,TRUE,3,5,TRUE,TRUE,"pkg.ZINQ.depthCov",0.994736842105263,0.290212765957447,59.82,0.979473684210526,0.430512627177623,40.04,160,19,0.33232109375,0.276001953125,0,100
"abundance",160,2.6,TRUE,TRUE,3,5,TRUE,TRUE,"pkg.ZINQ.noAdjust",0.988947368421053,0.605957446808511,104.23,0.988947368421053,0.789908985221146,95.32,160,19,0.33232109375,0.276001953125,0,100
"abundance",160,2.6,TRUE,TRUE,3,5,TRUE,TRUE,"presence(Fisher)",0.526315789473684,0.139078014184397,29.61,0.395263157894737,0.365045282026675,12.83,160,19,0.33232109375,0.276001953125,0.09,100
"abundance",160,2.6,TRUE,TRUE,3,5,TRUE,TRUE,"presence(logistic+depth)",0.474736842105263,0.123829787234043,26.48,0.295789473684211,0.215790896195308,7.87,160,19,0.33232109375,0.276001953125,0,100
"abundance",160,2.6,TRUE,TRUE,3,5,TRUE,TRUE,"presence(logistic+depth+z)",0.438947368421053,0.0675886524822695,17.87,0.253157894736842,0.0647940115440116,5.24,160,19,0.33232109375,0.276001953125,0,100
"abundance",160,2.6,TRUE,TRUE,3,5,TRUE,TRUE,"prevalence(Tobit).adj",0.436842105263158,0.104609929078014,23.05,0.298421052631579,0.171874297924298,7.25,160,19,0.33232109375,0.276001953125,0,100
"abundance",160,2.6,TRUE,TRUE,3,5,TRUE,TRUE,"prevalence(Tobit).noAdj",0.592105263157895,0.234751773049645,44.35,0.501578947368421,0.55107972520282,23.57,160,19,0.33232109375,0.276001953125,0,100
"abundance",320,0.8,FALSE,TRUE,3,5,TRUE,TRUE,"abundance(AHC-LinDA).adj",0.952105263157895,0.0550354609929078,25.85,0.848947368421053,0.0672937773011302,17.4,160,19,0.315347265625,0.2765634765625,0,100
"abundance",320,0.8,FALSE,TRUE,3,5,TRUE,TRUE,"abundance(AHC-LinDA).noAdj",0.936315789473684,0.0568794326241135,25.81,0.80578947368421,0.0555338446812905,16.29,160,19,0.315347265625,0.2765634765625,0,100
"abundance",320,0.8,FALSE,TRUE,3,5,TRUE,TRUE,"obsTwo.depthCov",0.955263157894737,0.0565957446808511,26.13,0.84421052631579,0.0442001146857958,16.83,160,19,0.315347265625,0.2765634765625,0,100
"abundance",320,0.8,FALSE,TRUE,3,5,TRUE,TRUE,"obsTwo.simple",0.871052631578948,0.16354609929078,39.61,0.858421052631579,0.356664469548376,25.91,160,19,0.315347265625,0.2765634765625,0,100
"abundance",320,0.8,FALSE,TRUE,3,5,TRUE,TRUE,"OMNIBUS(ACAT).adj",0.937368421052632,0.0663120567375887,27.16,0.823157894736842,0.0738236331596643,17,160,19,0.315347265625,0.2765634765625,0,100
"abundance",320,0.8,FALSE,TRUE,3,5,TRUE,TRUE,"OMNIBUS(ACAT).noAdj",0.922105263157895,0.0738297872340426,27.93,0.792631578947368,0.0818726236988957,16.53,160,19,0.315347265625,0.2765634765625,0,100
"abundance",320,0.8,FALSE,TRUE,3,5,TRUE,TRUE,"OMNIBUS(Bonf-minP).adj",0.934736842105263,0.0649645390070922,26.92,0.819473684210526,0.0750247366115585,16.94,160,19,0.315347265625,0.2765634765625,0,100
"abundance",320,0.8,FALSE,TRUE,3,5,TRUE,TRUE,"OMNIBUS(Bonf-minP).noAdj",0.92,0.0723404255319149,27.68,0.788421052631579,0.0823543700414242,16.46,160,19,0.315347265625,0.2765634765625,0,100
"abundance",320,0.8,FALSE,TRUE,3,5,TRUE,TRUE,"oracle.prev.cov",0.0510526315789474,0.0514893617021277,8.23,0,0.01,0.01,160,19,0.315347265625,0.2765634765625,0,100
"abundance",320,0.8,FALSE,TRUE,3,5,TRUE,TRUE,"oracle.prev.noAdj",0.0357894736842105,0.0382978723404255,6.08,0,0.01,0.01,160,19,0.315347265625,0.2765634765625,0.06,100
"abundance",320,0.8,FALSE,TRUE,3,5,TRUE,TRUE,"pkg.ANCOMBC.cov",0.994736842105263,0.122198581560284,36.13,0.990526315789474,0.262579477842819,25.87,160,19,0.315347265625,0.2765634765625,0,100
"abundance",320,0.8,FALSE,TRUE,3,5,TRUE,TRUE,"pkg.ANCOMBC.noAdj",0.992631578947368,0.127304964539007,36.81,0.986842105263158,0.27558478836976,26.31,160,19,0.315347265625,0.2765634765625,0,100
"abundance",320,0.8,FALSE,TRUE,3,5,TRUE,TRUE,"pkg.DESeq2.cov",0.981052631578948,0.0466666666666667,25.22,0.931052631578947,0.0402982186633755,18.47,160,19,0.315347265625,0.2765634765625,0,100
"abundance",320,0.8,FALSE,TRUE,3,5,TRUE,TRUE,"pkg.DESeq2.noAdj",0.980526315789474,0.0521985815602837,25.99,0.920526315789474,0.0512706212775872,18.5,160,19,0.315347265625,0.2765634765625,0,100
"abundance",320,0.8,FALSE,TRUE,3,5,TRUE,TRUE,"pkg.edgeR.cov",0.988947368421053,0.0500709219858156,25.85,0.951052631578947,0.0437420735439311,18.94,160,19,0.315347265625,0.2765634765625,0,100
"abundance",320,0.8,FALSE,TRUE,3,5,TRUE,TRUE,"pkg.edgeR.noAdj",0.99,0.0578723404255319,26.97,0.933684210526316,0.0594273099912755,18.97,160,19,0.315347265625,0.2765634765625,0,100
"abundance",320,0.8,FALSE,TRUE,3,5,TRUE,TRUE,"pkg.metagenomeSeq.cov",0.782631578947368,0.761985815602837,122.31,0.767894736842105,0.878206341652889,119.76,160,19,0.315347265625,0.2765634765625,0,100
"abundance",320,0.8,FALSE,TRUE,3,5,TRUE,TRUE,"pkg.metagenomeSeq.noAdj",0.974736842105263,0.222056737588652,49.83,0.944736842105263,0.428588125359071,32.9,160,19,0.315347265625,0.2765634765625,0,100
"abundance",320,0.8,FALSE,TRUE,3,5,TRUE,TRUE,"pkg.ZINQ.cov",0.992105263157895,0.168510638297872,42.61,0.982105263157895,0.32580221640218,28.26,160,19,0.315347265625,0.2765634765625,0,100
"abundance",320,0.8,FALSE,TRUE,3,5,TRUE,TRUE,"pkg.ZINQ.depth",0.89421052631579,0.0572340425531915,25.06,0.671578947368421,0.0571316765020325,13.59,160,19,0.315347265625,0.2765634765625,0,100
"abundance",320,0.8,FALSE,TRUE,3,5,TRUE,TRUE,"pkg.ZINQ.depthCov",0.929473684210526,0.0582978723404255,25.88,0.750526315789474,0.0556151027764805,15.14,160,19,0.315347265625,0.2765634765625,0,100
"abundance",320,0.8,FALSE,TRUE,3,5,TRUE,TRUE,"pkg.ZINQ.noAdjust",0.945789473684211,0.166241134751773,41.41,0.927368421052632,0.333991106486811,27.03,160,19,0.315347265625,0.2765634765625,0,100
"abundance",320,0.8,FALSE,TRUE,3,5,TRUE,TRUE,"presence(Fisher)",0.116315789473684,0.115106382978723,18.44,0.0378947368421053,0.553381562881563,2.7,160,19,0.315347265625,0.2765634765625,0.01,100
"abundance",320,0.8,FALSE,TRUE,3,5,TRUE,TRUE,"presence(logistic+depth)",0.127368421052632,0.0509929078014184,9.61,0.00526315789473684,0.0316666666666667,0.15,160,19,0.315347265625,0.2765634765625,0,100
"abundance",320,0.8,FALSE,TRUE,3,5,TRUE,TRUE,"presence(logistic+depth+z)",0.125789473684211,0.0500709219858156,9.45,0.00526315789473684,0.0416666666666667,0.16,160,19,0.315347265625,0.2765634765625,0,100
"abundance",320,0.8,FALSE,TRUE,3,5,TRUE,TRUE,"prevalence(Tobit).adj",0.206315789473684,0.07,13.79,0.0321052631578947,0.0685,0.76,160,19,0.315347265625,0.2765634765625,0,100
"abundance",320,0.8,FALSE,TRUE,3,5,TRUE,TRUE,"prevalence(Tobit).noAdj",0.246842105263158,0.0797872340425532,15.94,0.0652631578947369,0.138309523809524,1.63,160,19,0.315347265625,0.2765634765625,0,100
"abundance",320,0.8,TRUE,TRUE,3,5,TRUE,TRUE,"abundance(AHC-LinDA).adj",0.936842105263158,0.0521985815602837,25.16,0.804736842105263,0.0498191019469455,16.17,160,19,0.3147240234375,0.276242578125,0,100
"abundance",320,0.8,TRUE,TRUE,3,5,TRUE,TRUE,"abundance(AHC-LinDA).noAdj",0.827368421052632,0.269290780141844,53.69,0.74578947368421,0.578787194075979,35.82,160,19,0.3147240234375,0.276242578125,0,100
"abundance",320,0.8,TRUE,TRUE,3,5,TRUE,TRUE,"obsTwo.depthCov",0.936842105263158,0.0528368794326241,25.25,0.790526315789474,0.0469890043736793,15.79,160,19,0.3147240234375,0.276242578125,0,100
"abundance",320,0.8,TRUE,TRUE,3,5,TRUE,TRUE,"obsTwo.simple",0.866842105263158,0.517163120567376,89.39,0.85421052631579,0.78845575501861,78.36,160,19,0.3147240234375,0.276242578125,0,100
"abundance",320,0.8,TRUE,TRUE,3,5,TRUE,TRUE,"OMNIBUS(ACAT).adj",0.926842105263158,0.0626241134751773,26.44,0.76578947368421,0.0588600993949291,15.51,160,19,0.3147240234375,0.276242578125,0,100
"abundance",320,0.8,TRUE,TRUE,3,5,TRUE,TRUE,"OMNIBUS(ACAT).noAdj",0.841578947368421,0.368368794326241,67.93,0.767894736842105,0.68764798150441,49.31,160,19,0.3147240234375,0.276242578125,0,100
"abundance",320,0.8,TRUE,TRUE,3,5,TRUE,TRUE,"OMNIBUS(Bonf-minP).adj",0.925789473684211,0.0608510638297872,26.17,0.760526315789474,0.0589038669019319,15.41,160,19,0.3147240234375,0.276242578125,0,100
"abundance",320,0.8,TRUE,TRUE,3,5,TRUE,TRUE,"OMNIBUS(Bonf-minP).noAdj",0.833684210526316,0.360851063829787,66.72,0.75578947368421,0.681610875227437,47.78,160,19,0.3147240234375,0.276242578125,0,100
"abundance",320,0.8,TRUE,TRUE,3,5,TRUE,TRUE,"oracle.prev.cov",0.0494736842105263,0.0495035460992908,7.92,0.000526315789473684,0.05,0.06,160,19,0.3147240234375,0.276242578125,0,100
"abundance",320,0.8,TRUE,TRUE,3,5,TRUE,TRUE,"oracle.prev.noAdj",0.236315789473684,0.241205673758865,38.5,0.088421052631579,0.87299098251004,14.89,160,19,0.3147240234375,0.276242578125,0.03,100
"abundance",320,0.8,TRUE,TRUE,3,5,TRUE,TRUE,"pkg.ANCOMBC.cov",0.991578947368421,0.128085106382979,36.9,0.984736842105263,0.278976163445524,26.38,160,19,0.3147240234375,0.276242578125,0,100
"abundance",320,0.8,TRUE,TRUE,3,5,TRUE,TRUE,"pkg.ANCOMBC.noAdj",0.925789473684211,0.409787234042553,75.37,0.905263157894737,0.723959830926039,63.63,160,19,0.3147240234375,0.276242578125,0,100
"abundance",320,0.8,TRUE,TRUE,3,5,TRUE,TRUE,"pkg.DESeq2.cov",0.965789473684211,0.0487234042553191,25.22,0.858421052631579,0.0465023374719835,17.19,160,19,0.3147240234375,0.276242578125,0,100
"abundance",320,0.8,TRUE,TRUE,3,5,TRUE,TRUE,"pkg.DESeq2.noAdj",0.880526315789474,0.351631205673759,66.31,0.83,0.682143800838324,50.96,160,19,0.3147240234375,0.276242578125,0,100
"abundance",320,0.8,TRUE,TRUE,3,5,TRUE,TRUE,"pkg.edgeR.cov",0.979473684210526,0.0488652482269504,25.5,0.891052631578947,0.0504480505398193,17.92,160,19,0.3147240234375,0.276242578125,0,100
"abundance",320,0.8,TRUE,TRUE,3,5,TRUE,TRUE,"pkg.edgeR.noAdj",0.893684210526316,0.353333333333333,66.8,0.838421052631579,0.684480058126588,51.56,160,19,0.3147240234375,0.276242578125,0,100
"abundance",320,0.8,TRUE,TRUE,3,5,TRUE,TRUE,"pkg.metagenomeSeq.cov",0.721052631578947,0.734184397163121,117.22,0.7,0.883553141657627,114.12,160,19,0.3147240234375,0.276242578125,0,100
"abundance",320,0.8,TRUE,TRUE,3,5,TRUE,TRUE,"pkg.metagenomeSeq.noAdj",0.897368421052632,0.467801418439716,83.01,0.873157894736842,0.769683341470596,73.71,160,19,0.3147240234375,0.276242578125,0,100
"abundance",320,0.8,TRUE,TRUE,3,5,TRUE,TRUE,"pkg.ZINQ.cov",0.990526315789474,0.145673758865248,39.36,0.961578947368421,0.250578567049622,24.84,160,19,0.3147240234375,0.276242578125,0,100
"abundance",320,0.8,TRUE,TRUE,3,5,TRUE,TRUE,"pkg.ZINQ.depth",0.823157894736842,0.292482269503546,56.88,0.706842105263158,0.565933537707472,33.56,160,19,0.3147240234375,0.276242578125,0,100
"abundance",320,0.8,TRUE,TRUE,3,5,TRUE,TRUE,"pkg.ZINQ.depthCov",0.897894736842105,0.0559574468085106,24.95,0.682105263157895,0.045616147698191,13.62,160,19,0.3147240234375,0.276242578125,0,100
"abundance",320,0.8,TRUE,TRUE,3,5,TRUE,TRUE,"pkg.ZINQ.noAdjust",0.917368421052632,0.525673758865248,91.55,0.893157894736842,0.781429597677097,79.3,160,19,0.3147240234375,0.276242578125,0,100
"abundance",320,0.8,TRUE,TRUE,3,5,TRUE,TRUE,"presence(Fisher)",0.278421052631579,0.291702127659574,46.42,0.148947368421053,0.885912319000843,25.1,160,19,0.3147240234375,0.276242578125,0.01,100
"abundance",320,0.8,TRUE,TRUE,3,5,TRUE,TRUE,"presence(logistic+depth)",0.211052631578947,0.158581560283688,26.37,0.0452631578947369,0.53422644022644,4,160,19,0.3147240234375,0.276242578125,0,100
"abundance",320,0.8,TRUE,TRUE,3,5,TRUE,TRUE,"presence(logistic+depth+z)",0.114210526315789,0.0485815602836879,9.02,0.00368421052631579,0.02,0.1,160,19,0.3147240234375,0.276242578125,0,100
"abundance",320,0.8,TRUE,TRUE,3,5,TRUE,TRUE,"prevalence(Tobit).adj",0.175263157894737,0.0666666666666667,12.73,0.0178947368421053,0.0775,0.48,160,19,0.3147240234375,0.276242578125,0,100
"abundance",320,0.8,TRUE,TRUE,3,5,TRUE,TRUE,"prevalence(Tobit).noAdj",0.377894736842105,0.27063829787234,45.34,0.203684210526316,0.805211214898972,20.91,160,19,0.3147240234375,0.276242578125,0,100
"abundance",320,1.2,FALSE,TRUE,3,5,TRUE,TRUE,"abundance(AHC-LinDA).adj",0.996842105263158,0.0579432624113475,27.11,0.976842105263158,0.0641007844535775,19.93,160,19,0.3172556640625,0.2766681640625,0,100
"abundance",320,1.2,FALSE,TRUE,3,5,TRUE,TRUE,"abundance(AHC-LinDA).noAdj",0.993157894736842,0.0560992907801418,26.78,0.964736842105263,0.0568968791039056,19.51,160,19,0.3172556640625,0.2766681640625,0,100
"abundance",320,1.2,FALSE,TRUE,3,5,TRUE,TRUE,"obsTwo.depthCov",0.997368421052632,0.0743971631205674,29.44,0.986842105263158,0.0868190845174826,20.74,160,19,0.3172556640625,0.2766681640625,0,100
"abundance",320,1.2,FALSE,TRUE,3,5,TRUE,TRUE,"obsTwo.simple",0.885263157894737,0.215390070921986,47.19,0.884736842105263,0.416872114726244,30.85,160,19,0.3172556640625,0.2766681640625,0,100
"abundance",320,1.2,FALSE,TRUE,3,5,TRUE,TRUE,"OMNIBUS(ACAT).adj",0.997368421052632,0.0706382978723404,28.91,0.976315789473684,0.0831388781571848,20.34,160,19,0.3172556640625,0.2766681640625,0,100
"abundance",320,1.2,FALSE,TRUE,3,5,TRUE,TRUE,"OMNIBUS(ACAT).noAdj",0.995263157894737,0.0794326241134752,30.11,0.975789473684211,0.0984966257998294,20.68,160,19,0.3172556640625,0.2766681640625,0,100
"abundance",320,1.2,FALSE,TRUE,3,5,TRUE,TRUE,"OMNIBUS(Bonf-minP).adj",0.995789473684211,0.0701418439716312,28.81,0.976315789473684,0.0821546509554519,20.32,160,19,0.3172556640625,0.2766681640625,0,100
"abundance",320,1.2,FALSE,TRUE,3,5,TRUE,TRUE,"OMNIBUS(Bonf-minP).noAdj",0.994736842105263,0.0800709219858156,30.19,0.974736842105263,0.0981224138031245,20.65,160,19,0.3172556640625,0.2766681640625,0,100
"abundance",320,1.2,FALSE,TRUE,3,5,TRUE,TRUE,"oracle.prev.cov",0.0468421052631579,0.0475177304964539,7.59,0.000526315789473684,0.03,0.04,160,19,0.3172556640625,0.2766681640625,0,100
"abundance",320,1.2,FALSE,TRUE,3,5,TRUE,TRUE,"oracle.prev.noAdj",0.0315789473684211,0.0356028368794326,5.62,0,0.04,0.05,160,19,0.3172556640625,0.2766681640625,0.05,100
"abundance",320,1.2,FALSE,TRUE,3,5,TRUE,TRUE,"pkg.ANCOMBC.cov",0.999473684210526,0.113475177304965,34.99,0.999473684210526,0.225263653880967,24.83,160,19,0.3172556640625,0.2766681640625,0,100
"abundance",320,1.2,FALSE,TRUE,3,5,TRUE,TRUE,"pkg.ANCOMBC.noAdj",0.999473684210526,0.110921985815603,34.63,0.999473684210526,0.220358861926087,24.72,160,19,0.3172556640625,0.2766681640625,0,100
"abundance",320,1.2,FALSE,TRUE,3,5,TRUE,TRUE,"pkg.DESeq2.cov",0.996315789473684,0.0490780141843972,25.85,0.993157894736842,0.0521289914509594,19.96,160,19,0.3172556640625,0.2766681640625,0,100
"abundance",320,1.2,FALSE,TRUE,3,5,TRUE,TRUE,"pkg.DESeq2.noAdj",0.997894736842105,0.0528368794326241,26.41,0.992105263157895,0.0571549242138487,20.06,160,19,0.3172556640625,0.2766681640625,0,100
"abundance",320,1.2,FALSE,TRUE,3,5,TRUE,TRUE,"pkg.edgeR.cov",1,0.049645390070922,26,0.998421052631579,0.0452953604366648,19.92,160,19,0.3172556640625,0.2766681640625,0,100
"abundance",320,1.2,FALSE,TRUE,3,5,TRUE,TRUE,"pkg.edgeR.noAdj",0.999473684210526,0.0556028368794326,26.83,0.997894736842105,0.0603941175529276,20.26,160,19,0.3172556640625,0.2766681640625,0,100
"abundance",320,1.2,FALSE,TRUE,3,5,TRUE,TRUE,"pkg.metagenomeSeq.cov",0.76578947368421,0.759290780141844,121.61,0.755263157894737,0.879529131277244,119.28,160,19,0.3172556640625,0.2766681640625,0,100
"abundance",320,1.2,FALSE,TRUE,3,5,TRUE,TRUE,"pkg.metagenomeSeq.noAdj",0.999473684210526,0.225744680851064,50.82,0.997894736842105,0.423405523544215,34.67,160,19,0.3172556640625,0.2766681640625,0,100
"abundance",320,1.2,FALSE,TRUE,3,5,TRUE,TRUE,"pkg.ZINQ.cov",1,0.223120567375887,50.46,1,0.387425822736094,33.28,160,19,0.3172556640625,0.2766681640625,0,100
"abundance",320,1.2,FALSE,TRUE,3,5,TRUE,TRUE,"pkg.ZINQ.depth",0.991052631578947,0.0731205673758865,29.14,0.950526315789474,0.0849900237798575,19.89,160,19,0.3172556640625,0.2766681640625,0,100
"abundance",320,1.2,FALSE,TRUE,3,5,TRUE,TRUE,"pkg.ZINQ.depthCov",0.992105263157895,0.0742553191489362,29.32,0.962105263157895,0.0759672584934396,19.92,160,19,0.3172556640625,0.2766681640625,0,100
"abundance",320,1.2,FALSE,TRUE,3,5,TRUE,TRUE,"pkg.ZINQ.noAdjust",0.971578947368421,0.215390070921986,48.83,0.970526315789474,0.390483466563418,32.1,160,19,0.3172556640625,0.2766681640625,0,100
"abundance",320,1.2,FALSE,TRUE,3,5,TRUE,TRUE,"presence(Fisher)",0.173157894736842,0.10936170212766,18.71,0.0494736842105263,0.478696608946609,2.8,160,19,0.3172556640625,0.2766681640625,0,100
"abundance",320,1.2,FALSE,TRUE,3,5,TRUE,TRUE,"presence(logistic+depth)",0.198947368421053,0.0514893617021277,11.04,0.0378947368421053,0.0416666666666667,0.81,160,19,0.3172556640625,0.2766681640625,0,100
"abundance",320,1.2,FALSE,TRUE,3,5,TRUE,TRUE,"presence(logistic+depth+z)",0.198947368421053,0.0515602836879433,11.05,0.0378947368421053,0.0366666666666667,0.78,160,19,0.3172556640625,0.2766681640625,0,100
"abundance",320,1.2,FALSE,TRUE,3,5,TRUE,TRUE,"prevalence(Tobit).adj",0.306842105263158,0.074468085106383,16.33,0.0968421052631579,0.132809523809524,2.29,160,19,0.3172556640625,0.2766681640625,0,100
"abundance",320,1.2,FALSE,TRUE,3,5,TRUE,TRUE,"prevalence(Tobit).noAdj",0.346842105263158,0.0875886524822695,18.94,0.185263157894737,0.156957792207792,4.38,160,19,0.3172556640625,0.2766681640625,0,100
"abundance",320,1.2,TRUE,TRUE,3,5,TRUE,TRUE,"abundance(AHC-LinDA).adj",0.989473684210526,0.0545390070921986,26.49,0.963684210526316,0.0442900276538047,19.21,160,19,0.3179271484375,0.27691640625,0,100
"abundance",320,1.2,TRUE,TRUE,3,5,TRUE,TRUE,"abundance(AHC-LinDA).noAdj",0.962631578947369,0.250283687943262,53.58,0.932631578947369,0.502059511481279,38.34,160,19,0.3179271484375,0.27691640625,0,100
"abundance",320,1.2,TRUE,TRUE,3,5,TRUE,TRUE,"obsTwo.depthCov",0.994736842105263,0.0672340425531915,28.38,0.979473684210526,0.0633310413715448,19.95,160,19,0.3179271484375,0.27691640625,0,100
"abundance",320,1.2,TRUE,TRUE,3,5,TRUE,TRUE,"obsTwo.simple",0.917894736842105,0.533049645390071,92.6,0.916842105263158,0.785558987123449,82.89,160,19,0.3179271484375,0.27691640625,0,100
"abundance",320,1.2,TRUE,TRUE,3,5,TRUE,TRUE,"OMNIBUS(ACAT).adj",0.993157894736842,0.0672340425531915,28.35,0.967368421052632,0.0685014344160797,19.81,160,19,0.3179271484375,0.27691640625,0,100
"abundance",320,1.2,TRUE,TRUE,3,5,TRUE,TRUE,"OMNIBUS(ACAT).noAdj",0.968947368421053,0.366737588652482,70.12,0.95,0.638100033994027,53.12,160,19,0.3179271484375,0.27691640625,0,100
"abundance",320,1.2,TRUE,TRUE,3,5,TRUE,TRUE,"OMNIBUS(Bonf-minP).adj",0.991052631578947,0.0668085106382979,28.25,0.965789473684211,0.0684769314590825,19.78,160,19,0.3179271484375,0.27691640625,0,100
"abundance",320,1.2,TRUE,TRUE,3,5,TRUE,TRUE,"OMNIBUS(Bonf-minP).noAdj",0.967894736842105,0.357659574468085,68.82,0.947368421052632,0.63307638097364,52.16,160,19,0.3179271484375,0.27691640625,0,100
"abundance",320,1.2,TRUE,TRUE,3,5,TRUE,TRUE,"oracle.prev.cov",0.0452631578947368,0.0463120567375886,7.39,0,0.01,0.01,160,19,0.3179271484375,0.27691640625,0,100
"abundance",320,1.2,TRUE,TRUE,3,5,TRUE,TRUE,"oracle.prev.noAdj",0.246315789473684,0.233333333333333,37.58,0.101052631578947,0.884979014537519,15.32,160,19,0.3179271484375,0.27691640625,0.01,100
"abundance",320,1.2,TRUE,TRUE,3,5,TRUE,TRUE,"pkg.ANCOMBC.cov",1,0.125815602836879,36.74,1,0.26041117903588,26.13,160,19,0.3179271484375,0.27691640625,0,100
"abundance",320,1.2,TRUE,TRUE,3,5,TRUE,TRUE,"pkg.ANCOMBC.noAdj",0.99421052631579,0.409148936170213,76.58,0.992631578947369,0.701242279404943,64.99,160,19,0.3179271484375,0.27691640625,0,100
"abundance",320,1.2,TRUE,TRUE,3,5,TRUE,TRUE,"pkg.DESeq2.cov",0.998947368421053,0.0446808510638298,25.28,0.992105263157895,0.0420619260602098,19.73,160,19,0.3179271484375,0.27691640625,0,100
"abundance",320,1.2,TRUE,TRUE,3,5,TRUE,TRUE,"pkg.DESeq2.noAdj",0.986842105263158,0.344609929078014,67.34,0.978421052631579,0.646292829810468,54.03,160,19,0.3179271484375,0.27691640625,0,100
"abundance",320,1.2,TRUE,TRUE,3,5,TRUE,TRUE,"pkg.edgeR.cov",1,0.0490780141843972,25.92,0.997894736842105,0.0524093385638008,20.08,160,19,0.3179271484375,0.27691640625,0,100
"abundance",320,1.2,TRUE,TRUE,3,5,TRUE,TRUE,"pkg.edgeR.noAdj",0.990526315789474,0.346595744680851,67.69,0.98421052631579,0.644384852541005,54.15,160,19,0.3179271484375,0.27691640625,0,100
"abundance",320,1.2,TRUE,TRUE,3,5,TRUE,TRUE,"pkg.metagenomeSeq.cov",0.72578947368421,0.74177304964539,118.38,0.708947368421053,0.883553431411662,115.6,160,19,0.3179271484375,0.27691640625,0,100
"abundance",320,1.2,TRUE,TRUE,3,5,TRUE,TRUE,"pkg.metagenomeSeq.noAdj",0.987894736842105,0.459645390070922,83.58,0.982105263157895,0.738206748314234,73.99,160,19,0.3179271484375,0.27691640625,0,100
"abundance",320,1.2,TRUE,TRUE,3,5,TRUE,TRUE,"pkg.ZINQ.cov",0.999473684210526,0.194751773049645,46.45,0.998421052631579,0.339236553691603,29.95,160,19,0.3179271484375,0.27691640625,0,100
"abundance",320,1.2,TRUE,TRUE,3,5,TRUE,TRUE,"pkg.ZINQ.depth",0.96421052631579,0.291560283687943,59.43,0.922105263157895,0.520393118674225,39.45,160,19,0.3179271484375,0.27691640625,0,100
"abundance",320,1.2,TRUE,TRUE,3,5,TRUE,TRUE,"pkg.ZINQ.depthCov",0.99,0.0714893617021277,28.89,0.955789473684211,0.0811486822503312,19.91,160,19,0.3179271484375,0.27691640625,0,100
"abundance",320,1.2,TRUE,TRUE,3,5,TRUE,TRUE,"pkg.ZINQ.noAdjust",0.97421052631579,0.54177304964539,94.9,0.971578947368421,0.777682553038074,84.69,160,19,0.3179271484375,0.27691640625,0,100
"abundance",320,1.2,TRUE,TRUE,3,5,TRUE,TRUE,"presence(Fisher)",0.330526315789474,0.277730496453901,45.44,0.195789473684211,0.844727734268028,24.44,160,19,0.3179271484375,0.27691640625,0,100
"abundance",320,1.2,TRUE,TRUE,3,5,TRUE,TRUE,"presence(logistic+depth)",0.293157894736842,0.156666666666667,27.66,0.0947368421052632,0.508232120536468,5.35,160,19,0.3179271484375,0.27691640625,0,100
"abundance",320,1.2,TRUE,TRUE,3,5,TRUE,TRUE,"presence(logistic+depth+z)",0.19,0.0490070921985816,10.52,0.0336842105263158,0.0516666666666667,0.74,160,19,0.3179271484375,0.27691640625,0,100
"abundance",320,1.2,TRUE,TRUE,3,5,TRUE,TRUE,"prevalence(Tobit).adj",0.272105263157895,0.0727659574468085,15.43,0.0657894736842106,0.118380952380952,1.62,160,19,0.3179271484375,0.27691640625,0,100
"abundance",320,1.2,TRUE,TRUE,3,5,TRUE,TRUE,"prevalence(Tobit).noAdj",0.47,0.276524822695035,47.92,0.337368421052632,0.743842233113538,26.22,160,19,0.3179271484375,0.27691640625,0,100
"abundance",320,1.6,FALSE,TRUE,3,5,TRUE,TRUE,"abundance(AHC-LinDA).adj",0.996842105263158,0.0556737588652482,26.79,0.991052631578947,0.0553039928543361,20.01,160,19,0.31960859375,0.275297265625,0,100
"abundance",320,1.6,FALSE,TRUE,3,5,TRUE,TRUE,"abundance(AHC-LinDA).noAdj",0.996842105263158,0.0513475177304965,26.18,0.986315789473684,0.046043646335866,19.71,160,19,0.31960859375,0.275297265625,0,100
"abundance",320,1.6,FALSE,TRUE,3,5,TRUE,TRUE,"obsTwo.depthCov",0.998947368421053,0.134539007092199,37.95,0.996842105263158,0.192947461567612,24.66,160,19,0.31960859375,0.275297265625,0,100
"abundance",320,1.6,FALSE,TRUE,3,5,TRUE,TRUE,"obsTwo.simple",0.930526315789474,0.331985815602837,64.49,0.930526315789474,0.58603226163797,49.58,160,19,0.31960859375,0.275297265625,0,100
"abundance",320,1.6,FALSE,TRUE,3,5,TRUE,TRUE,"OMNIBUS(ACAT).adj",0.996315789473684,0.0789361702127659,30.06,0.992105263157895,0.0968058406886781,21,160,19,0.31960859375,0.275297265625,0,100
"abundance",320,1.6,FALSE,TRUE,3,5,TRUE,TRUE,"OMNIBUS(ACAT).noAdj",0.998421052631579,0.0890070921985816,31.52,0.995263157894737,0.115956022230164,21.56,160,19,0.31960859375,0.275297265625,0,100
"abundance",320,1.6,FALSE,TRUE,3,5,TRUE,TRUE,"OMNIBUS(Bonf-minP).adj",0.996315789473684,0.0786524822695035,30.02,0.991578947368421,0.0959960563463995,20.97,160,19,0.31960859375,0.275297265625,0,100
"abundance",320,1.6,FALSE,TRUE,3,5,TRUE,TRUE,"OMNIBUS(Bonf-minP).noAdj",0.998421052631579,0.0873758865248227,31.29,0.993684210526316,0.114728481167955,21.49,160,19,0.31960859375,0.275297265625,0,100
"abundance",320,1.6,FALSE,TRUE,3,5,TRUE,TRUE,"oracle.prev.cov",0.0457894736842105,0.0470921985815603,7.51,0.000526315789473684,0.05,0.06,160,19,0.31960859375,0.275297265625,0,100
"abundance",320,1.6,FALSE,TRUE,3,5,TRUE,TRUE,"oracle.prev.noAdj",0.0331578947368421,0.0353191489361702,5.61,0.000526315789473684,0.04,0.05,160,19,0.31960859375,0.275297265625,0.05,100
"abundance",320,1.6,FALSE,TRUE,3,5,TRUE,TRUE,"pkg.ANCOMBC.cov",1,0.112624113475177,34.88,1,0.215741861989219,24.59,160,19,0.31960859375,0.275297265625,0,100
"abundance",320,1.6,FALSE,TRUE,3,5,TRUE,TRUE,"pkg.ANCOMBC.noAdj",1,0.114326241134752,35.12,1,0.219619978794467,24.72,160,19,0.31960859375,0.275297265625,0,100
"abundance",320,1.6,FALSE,TRUE,3,5,TRUE,TRUE,"pkg.DESeq2.cov",1,0.0513475177304965,26.24,1,0.0509654507162003,20.14,160,19,0.31960859375,0.275297265625,0,100
"abundance",320,1.6,FALSE,TRUE,3,5,TRUE,TRUE,"pkg.DESeq2.noAdj",1,0.055177304964539,26.78,1,0.0593985130811218,20.35,160,19,0.31960859375,0.275297265625,0,100
"abundance",320,1.6,FALSE,TRUE,3,5,TRUE,TRUE,"pkg.edgeR.cov",1,0.0539007092198582,26.6,1,0.0519596519422606,20.14,160,19,0.31960859375,0.275297265625,0,100
"abundance",320,1.6,FALSE,TRUE,3,5,TRUE,TRUE,"pkg.edgeR.noAdj",1,0.0578014184397163,27.15,1,0.0620348542761586,20.4,160,19,0.31960859375,0.275297265625,0,100
"abundance",320,1.6,FALSE,TRUE,3,5,TRUE,TRUE,"pkg.metagenomeSeq.cov",0.739473684210526,0.753404255319149,120.28,0.724210526315789,0.883314993757655,117.99,160,19,0.31960859375,0.275297265625,0,100
"abundance",320,1.6,FALSE,TRUE,3,5,TRUE,TRUE,"pkg.metagenomeSeq.noAdj",1,0.211489361702128,48.82,1,0.386781810959868,33.53,160,19,0.31960859375,0.275297265625,0,100
"abundance",320,1.6,FALSE,TRUE,3,5,TRUE,TRUE,"pkg.ZINQ.cov",1,0.36822695035461,70.92,1,0.572227112575225,52.51,160,19,0.31960859375,0.275297265625,0,100
"abundance",320,1.6,FALSE,TRUE,3,5,TRUE,TRUE,"pkg.ZINQ.depth",0.997894736842105,0.124893617021277,36.57,0.990526315789474,0.160006122071956,23,160,19,0.31960859375,0.275297265625,0,100
"abundance",320,1.6,FALSE,TRUE,3,5,TRUE,TRUE,"pkg.ZINQ.depthCov",0.997894736842105,0.134751773049645,37.96,0.993157894736842,0.188281934999589,24.18,160,19,0.31960859375,0.275297265625,0,100
"abundance",320,1.6,FALSE,TRUE,3,5,TRUE,TRUE,"pkg.ZINQ.noAdjust",0.991052631578947,0.33886524822695,66.61,0.991052631578947,0.549053312329257,48.37,160,19,0.31960859375,0.275297265625,0,100
"abundance",320,1.6,FALSE,TRUE,3,5,TRUE,TRUE,"presence(Fisher)",0.337894736842105,0.0970212765957447,20.1,0.150526315789474,0.27321176046176,4.43,160,19,0.31960859375,0.275297265625,0.01,100
"abundance",320,1.6,FALSE,TRUE,3,5,TRUE,TRUE,"presence(logistic+depth)",0.333684210526316,0.0518439716312057,13.65,0.152105263157895,0.029952380952381,3.03,160,19,0.31960859375,0.275297265625,0,100
"abundance",320,1.6,FALSE,TRUE,3,5,TRUE,TRUE,"presence(logistic+depth+z)",0.337894736842105,0.0517021276595745,13.71,0.157368421052632,0.0297301587301587,3.14,160,19,0.31960859375,0.275297265625,0,100
"abundance",320,1.6,FALSE,TRUE,3,5,TRUE,TRUE,"prevalence(Tobit).adj",0.403684210526316,0.0887234042553191,20.18,0.226842105263158,0.165154484404484,5.34,160,19,0.31960859375,0.275297265625,0,100
"abundance",320,1.6,FALSE,TRUE,3,5,TRUE,TRUE,"prevalence(Tobit).noAdj",0.471052631578947,0.104397163120567,23.67,0.356842105263158,0.196998978146037,8.73,160,19,0.31960859375,0.275297265625,0,100
"abundance",320,1.6,TRUE,TRUE,3,5,TRUE,TRUE,"abundance(AHC-LinDA).adj",0.997368421052632,0.0526950354609929,26.38,0.99,0.0475272469711829,19.8,160,19,0.3194611328125,0.2750568359375,0,100
"abundance",320,1.6,TRUE,TRUE,3,5,TRUE,TRUE,"abundance(AHC-LinDA).noAdj",0.98421052631579,0.24645390070922,53.45,0.971052631578948,0.491220865974733,38.07,160,19,0.3194611328125,0.2750568359375,0,100
"abundance",320,1.6,TRUE,TRUE,3,5,TRUE,TRUE,"obsTwo.depthCov",0.998421052631579,0.115815602836879,35.3,0.994736842105263,0.1562949863359,23.72,160,19,0.3194611328125,0.2750568359375,0,100
"abundance",320,1.6,TRUE,TRUE,3,5,TRUE,TRUE,"obsTwo.simple",0.943157894736842,0.565531914893617,97.66,0.943157894736842,0.795014158997257,88.93,160,19,0.3194611328125,0.2750568359375,0,100
"abundance",320,1.6,TRUE,TRUE,3,5,TRUE,TRUE,"OMNIBUS(ACAT).adj",0.999473684210526,0.0709929078014184,29,0.993157894736842,0.078053011866513,20.56,160,19,0.3194611328125,0.2750568359375,0,100
"abundance",320,1.6,TRUE,TRUE,3,5,TRUE,TRUE,"OMNIBUS(ACAT).noAdj",0.988421052631579,0.37645390070922,71.86,0.981578947368421,0.651734452259236,55.32,160,19,0.3194611328125,0.2750568359375,0,100
"abundance",320,1.6,TRUE,TRUE,3,5,TRUE,TRUE,"OMNIBUS(Bonf-minP).adj",0.999473684210526,0.0706382978723404,28.95,0.992631578947368,0.0759448808670776,20.5,160,19,0.3194611328125,0.2750568359375,0,100
"abundance",320,1.6,TRUE,TRUE,3,5,TRUE,TRUE,"OMNIBUS(Bonf-minP).noAdj",0.985789473684211,0.370070921985816,70.91,0.980526315789474,0.645670642134938,54.33,160,19,0.3194611328125,0.2750568359375,0,100
"abundance",320,1.6,TRUE,TRUE,3,5,TRUE,TRUE,"oracle.prev.cov",0.0542105263157895,0.0487234042553191,7.9,0,0.04,0.04,160,19,0.3194611328125,0.2750568359375,0,100
"abundance",320,1.6,TRUE,TRUE,3,5,TRUE,TRUE,"oracle.prev.noAdj",0.262105263157895,0.239503546099291,38.75,0.117368421052632,0.859397906131725,16.44,160,19,0.3194611328125,0.2750568359375,0.02,100
"abundance",320,1.6,TRUE,TRUE,3,5,TRUE,TRUE,"pkg.ANCOMBC.cov",0.999473684210526,0.116312056737589,35.39,0.999473684210526,0.230816334624909,25.01,160,19,0.3194611328125,0.2750568359375,0,100
"abundance",320,1.6,TRUE,TRUE,3,5,TRUE,TRUE,"pkg.ANCOMBC.noAdj",0.999473684210526,0.398368794326241,75.16,0.999473684210526,0.691829969248154,63.37,160,19,0.3194611328125,0.2750568359375,0,100
"abundance",320,1.6,TRUE,TRUE,3,5,TRUE,TRUE,"pkg.DESeq2.cov",1,0.0390780141843972,24.51,0.999473684210526,0.0432546707678286,19.89,160,19,0.3194611328125,0.2750568359375,0,100
"abundance",320,1.6,TRUE,TRUE,3,5,TRUE,TRUE,"pkg.DESeq2.noAdj",0.997368421052632,0.342765957446808,67.28,0.995789473684211,0.644091098432426,54.52,160,19,0.3194611328125,0.2750568359375,0,100
"abundance",320,1.6,TRUE,TRUE,3,5,TRUE,TRUE,"pkg.edgeR.cov",1,0.0417730496453901,24.89,0.999473684210526,0.0423463203463203,19.88,160,19,0.3194611328125,0.2750568359375,0,100
"abundance",320,1.6,TRUE,TRUE,3,5,TRUE,TRUE,"pkg.edgeR.noAdj",0.997894736842105,0.344042553191489,67.47,0.996315789473684,0.638988006280706,53.85,160,19,0.3194611328125,0.2750568359375,0,100
"abundance",320,1.6,TRUE,TRUE,3,5,TRUE,TRUE,"pkg.metagenomeSeq.cov",0.72578947368421,0.732269503546099,117.04,0.704736842105263,0.882795515767898,114.22,160,19,0.3194611328125,0.2750568359375,0,100
"abundance",320,1.6,TRUE,TRUE,3,5,TRUE,TRUE,"pkg.metagenomeSeq.noAdj",0.997368421052632,0.460992907801418,83.95,0.997368421052632,0.734799039591872,74.03,160,19,0.3194611328125,0.2750568359375,0,100
"abundance",320,1.6,TRUE,TRUE,3,5,TRUE,TRUE,"pkg.ZINQ.cov",1,0.294184397163121,60.48,1,0.468438206422816,41.59,160,19,0.3194611328125,0.2750568359375,0,100
"abundance",320,1.6,TRUE,TRUE,3,5,TRUE,TRUE,"pkg.ZINQ.depth",0.988421052631579,0.317304964539007,63.52,0.981052631578948,0.566803167873685,45.79,160,19,0.3194611328125,0.2750568359375,0,100
"abundance",320,1.6,TRUE,TRUE,3,5,TRUE,TRUE,"pkg.ZINQ.depthCov",0.995789473684211,0.118156028368794,35.58,0.984736842105263,0.158940749922459,23.39,160,19,0.3194611328125,0.2750568359375,0,100
"abundance",320,1.6,TRUE,TRUE,3,5,TRUE,TRUE,"pkg.ZINQ.noAdjust",0.990526315789474,0.569716312056738,99.15,0.990526315789474,0.787003468272082,90.04,160,19,0.3194611328125,0.2750568359375,0,100
"abundance",320,1.6,TRUE,TRUE,3,5,TRUE,TRUE,"presence(Fisher)",0.425789473684211,0.277872340425532,47.27,0.28421052631579,0.785848693674952,26.39,160,19,0.3194611328125,0.2750568359375,0,100
"abundance",320,1.6,TRUE,TRUE,3,5,TRUE,TRUE,"presence(logistic+depth)",0.381578947368421,0.160921985815603,29.94,0.203684210526316,0.464407252104621,8.52,160,19,0.3194611328125,0.2750568359375,0,100
"abundance",320,1.6,TRUE,TRUE,3,5,TRUE,TRUE,"presence(logistic+depth+z)",0.302631578947368,0.0536170212765957,13.31,0.116842105263158,0.0399761904761905,2.39,160,19,0.3194611328125,0.2750568359375,0,100
"abundance",320,1.6,TRUE,TRUE,3,5,TRUE,TRUE,"prevalence(Tobit).adj",0.363157894736842,0.0854609929078014,18.95,0.164210526315789,0.0949022366522367,3.65,160,19,0.3194611328125,0.2750568359375,0,100
"abundance",320,1.6,TRUE,TRUE,3,5,TRUE,TRUE,"prevalence(Tobit).noAdj",0.540526315789474,0.292127659574468,51.46,0.430526315789474,0.720991221363824,30.83,160,19,0.3194611328125,0.2750568359375,0,100
"abundance",320,2,FALSE,TRUE,3,5,TRUE,TRUE,"abundance(AHC-LinDA).adj",1,0.0512056737588652,26.22,0.996315789473684,0.0426178142985923,19.81,160,19,0.3224181640625,0.2747220703125,0,100
"abundance",320,2,FALSE,TRUE,3,5,TRUE,TRUE,"abundance(AHC-LinDA).noAdj",0.999473684210526,0.0515602836879432,26.26,0.993684210526316,0.0466495501066439,19.87,160,19,0.3224181640625,0.2747220703125,0,100
"abundance",320,2,FALSE,TRUE,3,5,TRUE,TRUE,"obsTwo.depthCov",1,0.253971631205674,54.81,0.999473684210526,0.37485010129508,38.99,160,19,0.3224181640625,0.2747220703125,0,100
"abundance",320,2,FALSE,TRUE,3,5,TRUE,TRUE,"obsTwo.simple",0.93421052631579,0.486524822695035,86.35,0.93421052631579,0.704232960059408,73.93,160,19,0.3224181640625,0.2747220703125,0,100
"abundance",320,2,FALSE,TRUE,3,5,TRUE,TRUE,"OMNIBUS(ACAT).adj",0.999473684210526,0.0968794326241134,32.65,0.998421052631579,0.134470592861315,22.22,160,19,0.3224181640625,0.2747220703125,0,100
"abundance",320,2,FALSE,TRUE,3,5,TRUE,TRUE,"OMNIBUS(ACAT).noAdj",1,0.11822695035461,35.67,0.998421052631579,0.186698403588972,23.95,160,19,0.3224181640625,0.2747220703125,0,100
"abundance",320,2,FALSE,TRUE,3,5,TRUE,TRUE,"OMNIBUS(Bonf-minP).adj",0.999473684210526,0.0964539007092198,32.59,0.997894736842105,0.134303178552596,22.21,160,19,0.3224181640625,0.2747220703125,0,100
"abundance",320,2,FALSE,TRUE,3,5,TRUE,TRUE,"OMNIBUS(Bonf-minP).noAdj",1,0.117517730496454,35.57,0.998421052631579,0.183696614233908,23.83,160,19,0.3224181640625,0.2747220703125,0,100
"abundance",320,2,FALSE,TRUE,3,5,TRUE,TRUE,"oracle.prev.cov",0.0478947368421053,0.0485106382978723,7.75,0.000526315789473684,0.05,0.09,160,19,0.3224181640625,0.2747220703125,0,100
"abundance",320,2,FALSE,TRUE,3,5,TRUE,TRUE,"oracle.prev.noAdj",0.0342105263157895,0.0367375886524823,5.83,0.000526315789473684,0.06,0.09,160,19,0.3224181640625,0.2747220703125,0.06,100
"abundance",320,2,FALSE,TRUE,3,5,TRUE,TRUE,"pkg.ANCOMBC.cov",0.999473684210526,0.102978723404255,33.51,0.999473684210526,0.19339734249509,23.92,160,19,0.3224181640625,0.2747220703125,0,100
"abundance",320,2,FALSE,TRUE,3,5,TRUE,TRUE,"pkg.ANCOMBC.noAdj",0.999473684210526,0.106666666666667,34.03,0.999473684210526,0.20065589102387,24.18,160,19,0.3224181640625,0.2747220703125,0,100
"abundance",320,2,FALSE,TRUE,3,5,TRUE,TRUE,"pkg.DESeq2.cov",1,0.0476595744680851,25.72,0.999473684210526,0.0493443564444708,20.04,160,19,0.3224181640625,0.2747220703125,0,100
"abundance",320,2,FALSE,TRUE,3,5,TRUE,TRUE,"pkg.DESeq2.noAdj",1,0.0521276595744681,26.35,0.999473684210526,0.0563459939374127,20.2,160,19,0.3224181640625,0.2747220703125,0,100
"abundance",320,2,FALSE,TRUE,3,5,TRUE,TRUE,"pkg.edgeR.cov",1,0.049290780141844,25.95,1,0.0425232825145868,19.91,160,19,0.3224181640625,0.2747220703125,0,100
"abundance",320,2,FALSE,TRUE,3,5,TRUE,TRUE,"pkg.edgeR.noAdj",1,0.055886524822695,26.88,1,0.0569503916373481,20.22,160,19,0.3224181640625,0.2747220703125,0,100
"abundance",320,2,FALSE,TRUE,3,5,TRUE,TRUE,"pkg.metagenomeSeq.cov",0.745789473684211,0.75822695035461,121.08,0.728947368421053,0.883457223427118,118.73,160,19,0.3224181640625,0.2747220703125,0,100
"abundance",320,2,FALSE,TRUE,3,5,TRUE,TRUE,"pkg.metagenomeSeq.noAdj",1,0.203333333333333,47.67,1,0.367124076915165,32.93,160,19,0.3224181640625,0.2747220703125,0,100
"abundance",320,2,FALSE,TRUE,3,5,TRUE,TRUE,"pkg.ZINQ.cov",1,0.541702127659574,95.38,1,0.707593532233895,81.9,160,19,0.3224181640625,0.2747220703125,0,100
"abundance",320,2,FALSE,TRUE,3,5,TRUE,TRUE,"pkg.ZINQ.depth",1,0.223971631205674,50.58,0.998947368421053,0.330444097473995,34.18,160,19,0.3224181640625,0.2747220703125,0,100
"abundance",320,2,FALSE,TRUE,3,5,TRUE,TRUE,"pkg.ZINQ.depthCov",1,0.240780141843972,52.95,0.999473684210526,0.355971071700537,36.11,160,19,0.3224181640625,0.2747220703125,0,100
"abundance",320,2,FALSE,TRUE,3,5,TRUE,TRUE,"pkg.ZINQ.noAdjust",0.992631578947368,0.504893617021277,90.05,0.992631578947368,0.685109350495292,74.89,160,19,0.3224181640625,0.2747220703125,0,100
"abundance",320,2,FALSE,TRUE,3,5,TRUE,TRUE,"presence(Fisher)",0.468947368421053,0.0805673758865248,20.27,0.305789473684211,0.174041985791986,7.36,160,19,0.3224181640625,0.2747220703125,0.02,100
"abundance",320,2,FALSE,TRUE,3,5,TRUE,TRUE,"presence(logistic+depth)",0.434736842105263,0.0619148936170213,16.99,0.264736842105263,0.056022089022089,5.45,160,19,0.3224181640625,0.2747220703125,0,100
"abundance",320,2,FALSE,TRUE,3,5,TRUE,TRUE,"presence(logistic+depth+z)",0.44,0.0626241134751773,17.19,0.272631578947369,0.0558633588633589,5.62,160,19,0.3224181640625,0.2747220703125,0,100
"abundance",320,2,FALSE,TRUE,3,5,TRUE,TRUE,"prevalence(Tobit).adj",0.475263157894737,0.117730496453901,25.63,0.309473684210526,0.248624720051191,8.51,160,19,0.3224181640625,0.2747220703125,0,100
"abundance",320,2,FALSE,TRUE,3,5,TRUE,TRUE,"prevalence(Tobit).noAdj",0.538947368421053,0.142056737588653,30.27,0.434736842105263,0.307208711045365,13.13,160,19,0.3224181640625,0.2747220703125,0,100
"abundance",320,2,TRUE,TRUE,3,5,TRUE,TRUE,"abundance(AHC-LinDA).adj",0.996842105263158,0.0568085106382979,26.95,0.995263157894737,0.0587907644605585,20.17,160,19,0.3254388671875,0.276761328125,0,100
"abundance",320,2,TRUE,TRUE,3,5,TRUE,TRUE,"abundance(AHC-LinDA).noAdj",0.992631578947368,0.228014184397163,51.01,0.982631578947369,0.456864090278598,36.11,160,19,0.3254388671875,0.276761328125,0,100
"abundance",320,2,TRUE,TRUE,3,5,TRUE,TRUE,"obsTwo.depthCov",1,0.257304964539007,55.28,0.997894736842105,0.380227136738382,40.4,160,19,0.3254388671875,0.276761328125,0,100
"abundance",320,2,TRUE,TRUE,3,5,TRUE,TRUE,"obsTwo.simple",0.948947368421053,0.625602836879433,106.24,0.948947368421053,0.814319862514624,100.41,160,19,0.3254388671875,0.276761328125,0,100
"abundance",320,2,TRUE,TRUE,3,5,TRUE,TRUE,"OMNIBUS(ACAT).adj",0.999473684210526,0.0980141843971632,32.81,0.996315789473684,0.12761497710872,22.03,160,19,0.3254388671875,0.276761328125,0,100
"abundance",320,2,TRUE,TRUE,3,5,TRUE,TRUE,"OMNIBUS(ACAT).noAdj",0.995789473684211,0.377588652482269,72.16,0.993684210526316,0.644690643733088,55.77,160,19,0.3254388671875,0.276761328125,0,100
"abundance",320,2,TRUE,TRUE,3,5,TRUE,TRUE,"OMNIBUS(Bonf-minP).adj",0.999473684210526,0.0968085106382979,32.64,0.996315789473684,0.125143983962967,21.93,160,19,0.3254388671875,0.276761328125,0,100
"abundance",320,2,TRUE,TRUE,3,5,TRUE,TRUE,"OMNIBUS(Bonf-minP).noAdj",0.995263157894737,0.369787234042553,71.05,0.992105263157895,0.639474858170461,54.93,160,19,0.3254388671875,0.276761328125,0,100
"abundance",320,2,TRUE,TRUE,3,5,TRUE,TRUE,"oracle.prev.cov",0.0431578947368421,0.0465957446808511,7.39,0.000526315789473684,0.085,0.1,160,19,0.3254388671875,0.276761328125,0,100
"abundance",320,2,TRUE,TRUE,3,5,TRUE,TRUE,"oracle.prev.noAdj",0.235789473684211,0.226950354609929,36.48,0.101578947368421,0.859644102036955,13.52,160,19,0.3254388671875,0.276761328125,0.06,100
"abundance",320,2,TRUE,TRUE,3,5,TRUE,TRUE,"pkg.ANCOMBC.cov",1,0.108936170212766,34.36,1,0.221984731160893,24.79,160,19,0.3254388671875,0.276761328125,0,100
"abundance",320,2,TRUE,TRUE,3,5,TRUE,TRUE,"pkg.ANCOMBC.noAdj",1,0.381560283687943,72.8,1,0.675982479130544,60.09,160,19,0.3254388671875,0.276761328125,0,100
"abundance",320,2,TRUE,TRUE,3,5,TRUE,TRUE,"pkg.DESeq2.cov",1,0.0495035460992908,25.98,1,0.0494355731225296,20.06,160,19,0.3254388671875,0.276761328125,0,100
"abundance",320,2,TRUE,TRUE,3,5,TRUE,TRUE,"pkg.DESeq2.noAdj",1,0.335390070921986,66.29,1,0.631209227476956,53.06,160,19,0.3254388671875,0.276761328125,0,100
"abundance",320,2,TRUE,TRUE,3,5,TRUE,TRUE,"pkg.edgeR.cov",1,0.0487234042553191,25.87,1,0.0417001693958215,19.88,160,19,0.3254388671875,0.276761328125,0,100
"abundance",320,2,TRUE,TRUE,3,5,TRUE,TRUE,"pkg.edgeR.noAdj",1,0.335673758865248,66.33,1,0.626676478094637,52.41,160,19,0.3254388671875,0.276761328125,0,100
"abundance",320,2,TRUE,TRUE,3,5,TRUE,TRUE,"pkg.metagenomeSeq.cov",0.719473684210526,0.733333333333333,117.07,0.696842105263158,0.88376024485364,113.75,160,19,0.3254388671875,0.276761328125,0,100
"abundance",320,2,TRUE,TRUE,3,5,TRUE,TRUE,"pkg.metagenomeSeq.noAdj",1,0.469219858156028,85.16,1,0.739709432864791,75.29,160,19,0.3254388671875,0.276761328125,0,100
"abundance",320,2,TRUE,TRUE,3,5,TRUE,TRUE,"pkg.ZINQ.cov",1,0.511418439716312,91.11,1,0.659478247610201,76.79,160,19,0.3254388671875,0.276761328125,0,100
"abundance",320,2,TRUE,TRUE,3,5,TRUE,TRUE,"pkg.ZINQ.depth",0.998947368421053,0.396099290780142,74.83,0.997368421052632,0.637783852239244,58.89,160,19,0.3254388671875,0.276761328125,0,100
"abundance",320,2,TRUE,TRUE,3,5,TRUE,TRUE,"pkg.ZINQ.depthCov",1,0.250851063829787,54.37,0.996315789473684,0.365469636261522,37.75,160,19,0.3254388671875,0.276761328125,0,100
"abundance",320,2,TRUE,TRUE,3,5,TRUE,TRUE,"pkg.ZINQ.noAdjust",0.993157894736842,0.645531914893617,109.89,0.993157894736842,0.810024009740988,103.16,160,19,0.3254388671875,0.276761328125,0,100
"abundance",320,2,TRUE,TRUE,3,5,TRUE,TRUE,"presence(Fisher)",0.520526315789474,0.251205673758865,45.31,0.400526315789474,0.679510750088099,24.9,160,19,0.3254388671875,0.276761328125,0.01,100
"abundance",320,2,TRUE,TRUE,3,5,TRUE,TRUE,"presence(logistic+depth)",0.458947368421053,0.163049645390071,31.71,0.294736842105263,0.405872321719525,10.88,160,19,0.3254388671875,0.276761328125,0,100
"abundance",320,2,TRUE,TRUE,3,5,TRUE,TRUE,"presence(logistic+depth+z)",0.389473684210526,0.0629787234042553,16.28,0.236315789473684,0.0663791486291486,4.95,160,19,0.3254388671875,0.276761328125,0,100
"abundance",320,2,TRUE,TRUE,3,5,TRUE,TRUE,"prevalence(Tobit).adj",0.425263157894737,0.110070921985816,23.6,0.268421052631579,0.227809610324316,7.15,160,19,0.3254388671875,0.276761328125,0,100
"abundance",320,2,TRUE,TRUE,3,5,TRUE,TRUE,"prevalence(Tobit).noAdj",0.601578947368421,0.306099290780142,54.59,0.505263157894737,0.703271120328322,34.71,160,19,0.3254388671875,0.276761328125,0,100
"abundance",320,2.6,FALSE,TRUE,3,5,TRUE,TRUE,"abundance(AHC-LinDA).adj",0.997894736842105,0.0483687943262411,25.78,0.995263157894737,0.0379417590418734,19.71,160,19,0.3329416015625,0.27640703125,0,100
"abundance",320,2.6,FALSE,TRUE,3,5,TRUE,TRUE,"abundance(AHC-LinDA).noAdj",0.996842105263158,0.0504964539007092,26.06,0.990526315789474,0.0441144825172285,19.74,160,19,0.3329416015625,0.27640703125,0,100
"abundance",320,2.6,FALSE,TRUE,3,5,TRUE,TRUE,"obsTwo.depthCov",1,0.56063829787234,98.05,1,0.685884964488554,86.3,160,19,0.3329416015625,0.27640703125,0,100
"abundance",320,2.6,FALSE,TRUE,3,5,TRUE,TRUE,"obsTwo.simple",0.943157894736842,0.729007092198582,120.71,0.943157894736842,0.826136505650979,116.26,160,19,0.3329416015625,0.27640703125,0,100
"abundance",320,2.6,FALSE,TRUE,3,5,TRUE,TRUE,"OMNIBUS(ACAT).adj",1,0.143900709219858,39.29,0.998421052631579,0.261417610155604,26.98,160,19,0.3329416015625,0.27640703125,0,100
"abundance",320,2.6,FALSE,TRUE,3,5,TRUE,TRUE,"OMNIBUS(ACAT).noAdj",1,0.190496453900709,45.86,0.999473684210526,0.368640797666415,32.93,160,19,0.3329416015625,0.27640703125,0,100
"abundance",320,2.6,FALSE,TRUE,3,5,TRUE,TRUE,"OMNIBUS(Bonf-minP).adj",1,0.144326241134752,39.35,0.998421052631579,0.260809215745534,26.96,160,19,0.3329416015625,0.27640703125,0,100
"abundance",320,2.6,FALSE,TRUE,3,5,TRUE,TRUE,"OMNIBUS(Bonf-minP).noAdj",1,0.191205673758865,45.96,0.999473684210526,0.368739364359467,32.93,160,19,0.3329416015625,0.27640703125,0,100
"abundance",320,2.6,FALSE,TRUE,3,5,TRUE,TRUE,"oracle.prev.cov",0.0463157894736842,0.0487943262411348,7.76,0.000526315789473684,0.04,0.05,160,19,0.3329416015625,0.27640703125,0,100
"abundance",320,2.6,FALSE,TRUE,3,5,TRUE,TRUE,"oracle.prev.noAdj",0.0347368421052632,0.0369503546099291,5.87,0.00105263157894737,0.04,0.06,160,19,0.3329416015625,0.27640703125,0.03,100
"abundance",320,2.6,FALSE,TRUE,3,5,TRUE,TRUE,"pkg.ANCOMBC.cov",1,0.0845390070921986,30.92,1,0.13615247359518,22.19,160,19,0.3329416015625,0.27640703125,0,100
"abundance",320,2.6,FALSE,TRUE,3,5,TRUE,TRUE,"pkg.ANCOMBC.noAdj",1,0.0882978723404255,31.45,1,0.141856449813721,22.32,160,19,0.3329416015625,0.27640703125,0,100
"abundance",320,2.6,FALSE,TRUE,3,5,TRUE,TRUE,"pkg.DESeq2.cov",1,0.0609219858156028,27.59,0.999473684210526,0.0666658919180658,20.48,160,19,0.3329416015625,0.27640703125,0,100
"abundance",320,2.6,FALSE,TRUE,3,5,TRUE,TRUE,"pkg.DESeq2.noAdj",1,0.0650354609929078,28.17,0.999473684210526,0.0734382045490741,20.61,160,19,0.3329416015625,0.27640703125,0,100
"abundance",320,2.6,FALSE,TRUE,3,5,TRUE,TRUE,"pkg.edgeR.cov",1,0.0599290780141844,27.45,1,0.0576407277188326,20.43,160,19,0.3329416015625,0.27640703125,0,100
"abundance",320,2.6,FALSE,TRUE,3,5,TRUE,TRUE,"pkg.edgeR.noAdj",1,0.0668794326241135,28.43,1,0.0735073159529681,20.77,160,19,0.3329416015625,0.27640703125,0,100
"abundance",320,2.6,FALSE,TRUE,3,5,TRUE,TRUE,"pkg.metagenomeSeq.cov",0.744736842105263,0.748936170212766,119.75,0.73,0.88153625772804,117.14,160,19,0.3329416015625,0.27640703125,0,100
"abundance",320,2.6,FALSE,TRUE,3,5,TRUE,TRUE,"pkg.metagenomeSeq.noAdj",1,0.168085106382979,42.7,1,0.305034892880099,29.22,160,19,0.3329416015625,0.27640703125,0,100
"abundance",320,2.6,FALSE,TRUE,3,5,TRUE,TRUE,"pkg.ZINQ.cov",1,0.834113475177305,136.61,1,0.836280778426808,132.03,160,19,0.3329416015625,0.27640703125,0,100
"abundance",320,2.6,FALSE,TRUE,3,5,TRUE,TRUE,"pkg.ZINQ.depth",1,0.493971631205674,88.65,0.999473684210526,0.647408201819019,74.58,160,19,0.3329416015625,0.27640703125,0,100
"abundance",320,2.6,FALSE,TRUE,3,5,TRUE,TRUE,"pkg.ZINQ.depthCov",1,0.52290780141844,92.73,1,0.667064678542528,79.03,160,19,0.3329416015625,0.27640703125,0,100
"abundance",320,2.6,FALSE,TRUE,3,5,TRUE,TRUE,"pkg.ZINQ.noAdjust",0.995263157894737,0.780425531914894,128.95,0.995263157894737,0.826487606253688,123.97,160,19,0.3329416015625,0.27640703125,0,100
"abundance",320,2.6,FALSE,TRUE,3,5,TRUE,TRUE,"presence(Fisher)",0.572105263157895,0.0569503546099291,18.9,0.472105263157895,0.079485014985015,9.92,160,19,0.3329416015625,0.27640703125,0,100
"abundance",320,2.6,FALSE,TRUE,3,5,TRUE,TRUE,"presence(logistic+depth)",0.513684210526316,0.0881560283687943,22.19,0.429473684210526,0.128428455531397,9.61,160,19,0.3329416015625,0.27640703125,0,100
"abundance",320,2.6,FALSE,TRUE,3,5,TRUE,TRUE,"presence(logistic+depth+z)",0.512105263157895,0.0872340425531915,22.03,0.432105263157895,0.12501023976024,9.69,160,19,0.3329416015625,0.27640703125,0,100
"abundance",320,2.6,FALSE,TRUE,3,5,TRUE,TRUE,"prevalence(Tobit).adj",0.524736842105263,0.180496453900709,35.42,0.432631578947368,0.419357813187025,16.77,160,19,0.3329416015625,0.27640703125,0,100
"abundance",320,2.6,FALSE,TRUE,3,5,TRUE,TRUE,"prevalence(Tobit).noAdj",0.569473684210526,0.229787234042553,43.22,0.517368421052632,0.539898084793192,26,160,19,0.3329416015625,0.27640703125,0,100
"abundance",320,2.6,TRUE,TRUE,3,5,TRUE,TRUE,"abundance(AHC-LinDA).adj",0.996842105263158,0.0538297872340425,26.53,0.994736842105263,0.0529103167999049,20.02,160,19,0.3337484375,0.2776955078125,0,100
"abundance",320,2.6,TRUE,TRUE,3,5,TRUE,TRUE,"abundance(AHC-LinDA).noAdj",0.996842105263158,0.213404255319149,49.03,0.99,0.417725370497035,34.01,160,19,0.3337484375,0.2776955078125,0,100
"abundance",320,2.6,TRUE,TRUE,3,5,TRUE,TRUE,"obsTwo.depthCov",1,0.501985815602837,89.78,1,0.647246694326683,76.64,160,19,0.3337484375,0.2776955078125,0,100
"abundance",320,2.6,TRUE,TRUE,3,5,TRUE,TRUE,"obsTwo.simple",0.958421052631579,0.733404255319149,121.62,0.958421052631579,0.843538312061087,118.77,160,19,0.3337484375,0.2776955078125,0,100
"abundance",320,2.6,TRUE,TRUE,3,5,TRUE,TRUE,"OMNIBUS(ACAT).adj",0.999473684210526,0.127517730496454,36.97,0.998421052631579,0.215935504624632,25.07,160,19,0.3337484375,0.2776955078125,0,100
"abundance",320,2.6,TRUE,TRUE,3,5,TRUE,TRUE,"OMNIBUS(ACAT).noAdj",0.998421052631579,0.412269503546099,77.1,0.996842105263158,0.678277011786424,62.08,160,19,0.3337484375,0.2776955078125,0,100
"abundance",320,2.6,TRUE,TRUE,3,5,TRUE,TRUE,"OMNIBUS(Bonf-minP).adj",0.999473684210526,0.126808510638298,36.87,0.998421052631579,0.213030543560226,24.97,160,19,0.3337484375,0.2776955078125,0,100
"abundance",320,2.6,TRUE,TRUE,3,5,TRUE,TRUE,"OMNIBUS(Bonf-minP).noAdj",0.997894736842105,0.405035460992908,76.07,0.996842105263158,0.672305221789772,61.03,160,19,0.3337484375,0.2776955078125,0,100
"abundance",320,2.6,TRUE,TRUE,3,5,TRUE,TRUE,"oracle.prev.cov",0.0442105263157895,0.049290780141844,7.79,0.000526315789473684,0,0.01,160,19,0.3337484375,0.2776955078125,0,100
"abundance",320,2.6,TRUE,TRUE,3,5,TRUE,TRUE,"oracle.prev.noAdj",0.249473684210526,0.238014184397163,38.3,0.101052631578947,0.866449681317617,15.3,160,19,0.3337484375,0.2776955078125,0.03,100
"abundance",320,2.6,TRUE,TRUE,3,5,TRUE,TRUE,"pkg.ANCOMBC.cov",1,0.0985815602836879,32.9,1,0.17687136476994,23.3,160,19,0.3337484375,0.2776955078125,0,100
"abundance",320,2.6,TRUE,TRUE,3,5,TRUE,TRUE,"pkg.ANCOMBC.noAdj",1,0.383049645390071,73.01,1,0.677784139575112,60.38,160,19,0.3337484375,0.2776955078125,0,100
"abundance",320,2.6,TRUE,TRUE,3,5,TRUE,TRUE,"pkg.DESeq2.cov",0.999473684210526,0.0504964539007092,26.11,0.998947368421053,0.0509283832109919,20.12,160,19,0.3337484375,0.2776955078125,0,100
"abundance",320,2.6,TRUE,TRUE,3,5,TRUE,TRUE,"pkg.DESeq2.noAdj",0.999473684210526,0.345602836879433,67.72,0.999473684210526,0.642240987523195,54.72,160,19,0.3337484375,0.2776955078125,0,100
"abundance",320,2.6,TRUE,TRUE,3,5,TRUE,TRUE,"pkg.edgeR.cov",1,0.0517730496453901,26.3,1,0.050302414976328,20.14,160,19,0.3337484375,0.2776955078125,0,100
"abundance",320,2.6,TRUE,TRUE,3,5,TRUE,TRUE,"pkg.edgeR.noAdj",1,0.344397163120567,67.56,1,0.637215602866577,54.09,160,19,0.3337484375,0.2776955078125,0,100
"abundance",320,2.6,TRUE,TRUE,3,5,TRUE,TRUE,"pkg.metagenomeSeq.cov",0.702631578947368,0.729645390070922,116.23,0.683684210526316,0.885208807671121,113.25,160,19,0.3337484375,0.2776955078125,0,100
"abundance",320,2.6,TRUE,TRUE,3,5,TRUE,TRUE,"pkg.metagenomeSeq.noAdj",1,0.492695035460993,88.47,1,0.75772833431605,79.88,160,19,0.3337484375,0.2776955078125,0,100
"abundance",320,2.6,TRUE,TRUE,3,5,TRUE,TRUE,"pkg.ZINQ.cov",1,0.763687943262411,126.68,1,0.810810142519153,119.83,160,19,0.3337484375,0.2776955078125,0,100
"abundance",320,2.6,TRUE,TRUE,3,5,TRUE,TRUE,"pkg.ZINQ.depth",1,0.539432624113475,95.06,1,0.745839646213876,83.91,160,19,0.3337484375,0.2776955078125,0,100
"abundance",320,2.6,TRUE,TRUE,3,5,TRUE,TRUE,"pkg.ZINQ.depthCov",0.999473684210526,0.475957446808511,86.1,0.999473684210526,0.624357877548928,70.66,160,19,0.3337484375,0.2776955078125,0,100
"abundance",320,2.6,TRUE,TRUE,3,5,TRUE,TRUE,"pkg.ZINQ.noAdjust",0.995263157894737,0.764822695035461,126.75,0.995263157894737,0.84325937493161,123.51,160,19,0.3337484375,0.2776955078125,0,100
"abundance",320,2.6,TRUE,TRUE,3,5,TRUE,TRUE,"presence(Fisher)",0.627894736842105,0.243758865248227,46.3,0.543157894736842,0.604931735448712,27.69,160,19,0.3337484375,0.2776955078125,0.01,100
"abundance",320,2.6,TRUE,TRUE,3,5,TRUE,TRUE,"presence(logistic+depth)",0.561578947368421,0.183049645390071,36.48,0.453684210526316,0.432610231228717,16.87,160,19,0.3337484375,0.2776955078125,0,100
"abundance",320,2.6,TRUE,TRUE,3,5,TRUE,TRUE,"presence(logistic+depth+z)",0.5,0.0817021276595745,21.02,0.410526315789474,0.115983836425013,9.08,160,19,0.3337484375,0.2776955078125,0,100
"abundance",320,2.6,TRUE,TRUE,3,5,TRUE,TRUE,"prevalence(Tobit).adj",0.502105263157895,0.155390070921986,31.45,0.411578947368421,0.340919421227858,13.61,160,19,0.3337484375,0.2776955078125,0,100
"abundance",320,2.6,TRUE,TRUE,3,5,TRUE,TRUE,"prevalence(Tobit).noAdj",0.659473684210526,0.354609929078014,62.53,0.593684210526316,0.732294397051181,45.95,160,19,0.3337484375,0.2776955078125,0,100
"abundance",80,0.8,FALSE,TRUE,3,5,TRUE,TRUE,"abundance(AHC-LinDA).adj",0.513684210526316,0.0527659574468085,17.2,0.0915789473684211,0.0653452380952381,2.07,160,19,0.3155703125,0.27666796875,0,100
"abundance",80,0.8,FALSE,TRUE,3,5,TRUE,TRUE,"abundance(AHC-LinDA).noAdj",0.476842105263158,0.054113475177305,16.69,0.0878947368421053,0.0945238095238095,2.01,160,19,0.3155703125,0.27666796875,0,100
"abundance",80,0.8,FALSE,TRUE,3,5,TRUE,TRUE,"obsTwo.depthCov",0.469473684210526,0.048936170212766,15.82,0.0789473684210527,0.0195119047619048,1.6,160,19,0.3155703125,0.27666796875,0,100
"abundance",80,0.8,FALSE,TRUE,3,5,TRUE,TRUE,"obsTwo.simple",0.511578947368421,0.0583687943262411,17.95,0.231052631578947,0.0753373015873016,4.85,160,19,0.3155703125,0.27666796875,0,100
"abundance",80,0.8,FALSE,TRUE,3,5,TRUE,TRUE,"OMNIBUS(ACAT).adj",0.431578947368421,0.0526950354609929,15.63,0.058421052631579,0.0513333333333333,1.32,160,19,0.3155703125,0.27666796875,0,100
"abundance",80,0.8,FALSE,TRUE,3,5,TRUE,TRUE,"OMNIBUS(ACAT).noAdj",0.405789473684211,0.0540425531914894,15.33,0.0605263157894737,0.0573571428571428,1.34,160,19,0.3155703125,0.27666796875,0,100
"abundance",80,0.8,FALSE,TRUE,3,5,TRUE,TRUE,"OMNIBUS(Bonf-minP).adj",0.434210526315789,0.0521276595744681,15.6,0.058421052631579,0.0513333333333333,1.32,160,19,0.3155703125,0.27666796875,0,100
"abundance",80,0.8,FALSE,TRUE,3,5,TRUE,TRUE,"OMNIBUS(Bonf-minP).noAdj",0.408947368421053,0.0533333333333333,15.29,0.0568421052631579,0.0565,1.26,160,19,0.3155703125,0.27666796875,0,100
"abundance",80,0.8,FALSE,TRUE,3,5,TRUE,TRUE,"oracle.prev.cov",0.041578947368421,0.0415602836879433,6.65,0,0,0,160,19,0.3155703125,0.27666796875,0,100
"abundance",80,0.8,FALSE,TRUE,3,5,TRUE,TRUE,"oracle.prev.noAdj",0.0315789473684211,0.0267375886524823,4.37,0,0.01,0.01,160,19,0.3155703125,0.27666796875,1.32,100
"abundance",80,0.8,FALSE,TRUE,3,5,TRUE,TRUE,"pkg.ANCOMBC.cov",0.885789473684211,0.0963120567375886,30.41,0.677894736842105,0.202475202562378,16.48,160,19,0.3155703125,0.27666796875,0,100
"abundance",80,0.8,FALSE,TRUE,3,5,TRUE,TRUE,"pkg.ANCOMBC.noAdj",0.843157894736842,0.0980851063829787,29.85,0.577894736842105,0.186626839165307,13.86,160,19,0.3155703125,0.27666796875,0,100
"abundance",80,0.8,FALSE,TRUE,3,5,TRUE,TRUE,"pkg.DESeq2.cov",0.640526315789474,0.0371631205673759,17.41,0.221052631578947,0.05170670995671,4.45,160,19,0.3155703125,0.27666796875,0,100
"abundance",80,0.8,FALSE,TRUE,3,5,TRUE,TRUE,"pkg.DESeq2.noAdj",0.610526315789474,0.0405673758865248,17.32,0.203157894736842,0.0575793650793651,4.17,160,19,0.3155703125,0.27666796875,0,100
"abundance",80,0.8,FALSE,TRUE,3,5,TRUE,TRUE,"pkg.edgeR.cov",0.632631578947368,0.0339007092198582,16.8,0.149473684210526,0.0185515873015873,2.96,160,19,0.3155703125,0.27666796875,0,100
"abundance",80,0.8,FALSE,TRUE,3,5,TRUE,TRUE,"pkg.edgeR.noAdj",0.61,0.0420567375886525,17.52,0.141578947368421,0.0445952380952381,2.86,160,19,0.3155703125,0.27666796875,0,100
"abundance",80,0.8,FALSE,TRUE,3,5,TRUE,TRUE,"pkg.metagenomeSeq.cov",0.547894736842105,0.541985815602837,86.83,0.486842105263158,0.880531542191953,77.48,160,19,0.3155703125,0.27666796875,0,100
"abundance",80,0.8,FALSE,TRUE,3,5,TRUE,TRUE,"pkg.metagenomeSeq.noAdj",0.7,0.139929078014184,33.03,0.451578947368421,0.336293181646355,13.41,160,19,0.3155703125,0.27666796875,0,100
"abundance",80,0.8,FALSE,TRUE,3,5,TRUE,TRUE,"pkg.ZINQ.cov",0.746842105263158,0.084468085106383,26.1,0.27,0.0905378787878788,5.82,160,19,0.3155703125,0.27666796875,0,100
"abundance",80,0.8,FALSE,TRUE,3,5,TRUE,TRUE,"pkg.ZINQ.depth",0.418947368421053,0.0563120567375886,15.9,0.0321052631578947,0.0508333333333333,0.71,160,19,0.3155703125,0.27666796875,0,100
"abundance",80,0.8,FALSE,TRUE,3,5,TRUE,TRUE,"pkg.ZINQ.depthCov",0.437368421052632,0.0576595744680851,16.44,0.0310526315789474,0.05,0.7,160,19,0.3155703125,0.27666796875,0,100
"abundance",80,0.8,FALSE,TRUE,3,5,TRUE,TRUE,"pkg.ZINQ.noAdjust",0.626315789473684,0.0786524822695035,22.99,0.199473684210526,0.0985692640692641,4.35,160,19,0.3155703125,0.27666796875,0,100
"abundance",80,0.8,FALSE,TRUE,3,5,TRUE,TRUE,"presence(Fisher)",0.0589473684210527,0.0453900709219858,7.52,0.000526315789473684,0.05,0.06,160,19,0.3155703125,0.27666796875,0.95,100
"abundance",80,0.8,FALSE,TRUE,3,5,TRUE,TRUE,"presence(logistic+depth)",0.0594736842105263,0.0466666666666667,7.71,0.000526315789473684,0,0.01,160,19,0.3155703125,0.27666796875,0,100
"abundance",80,0.8,FALSE,TRUE,3,5,TRUE,TRUE,"presence(logistic+depth+z)",0.0594736842105263,0.0477304964539007,7.86,0.000526315789473684,0,0.01,160,19,0.3155703125,0.27666796875,0,100
"abundance",80,0.8,FALSE,TRUE,3,5,TRUE,TRUE,"prevalence(Tobit).adj",0.0847368421052632,0.0524113475177305,9,0,0.03,0.03,160,19,0.3155703125,0.27666796875,0,100
"abundance",80,0.8,FALSE,TRUE,3,5,TRUE,TRUE,"prevalence(Tobit).noAdj",0.0936842105263158,0.0518439716312057,9.09,0.00210526315789474,0.01,0.05,160,19,0.3155703125,0.27666796875,0,100
"abundance",80,0.8,TRUE,TRUE,3,5,TRUE,TRUE,"abundance(AHC-LinDA).adj",0.443684210526316,0.0553191489361702,16.23,0.0863157894736843,0.0562063492063492,1.82,160,19,0.3156546875,0.27745625,0,100
"abundance",80,0.8,TRUE,TRUE,3,5,TRUE,TRUE,"abundance(AHC-LinDA).noAdj",0.452105263157895,0.100567375886525,22.77,0.136315789473684,0.207584942834943,3.99,160,19,0.3156546875,0.27745625,0,100
"abundance",80,0.8,TRUE,TRUE,3,5,TRUE,TRUE,"obsTwo.depthCov",0.404736842105263,0.0500709219858156,14.75,0.0573684210526316,0.00833333333333333,1.11,160,19,0.3156546875,0.27745625,0,100
"abundance",80,0.8,TRUE,TRUE,3,5,TRUE,TRUE,"obsTwo.simple",0.54,0.151276595744681,31.59,0.328421052631579,0.348501197470039,10.89,160,19,0.3156546875,0.27745625,0,100
"abundance",80,0.8,TRUE,TRUE,3,5,TRUE,TRUE,"OMNIBUS(ACAT).adj",0.368947368421053,0.0513475177304965,14.25,0.0505263157894737,0.0525,1.09,160,19,0.3156546875,0.27745625,0,100
"abundance",80,0.8,TRUE,TRUE,3,5,TRUE,TRUE,"OMNIBUS(ACAT).noAdj",0.423157894736842,0.118439716312057,24.74,0.1,0.20121645021645,3.04,160,19,0.3156546875,0.27745625,0,100
"abundance",80,0.8,TRUE,TRUE,3,5,TRUE,TRUE,"OMNIBUS(Bonf-minP).adj",0.364736842105263,0.0517021276595745,14.22,0.05,0.0475,1.07,160,19,0.3156546875,0.27745625,0,100
"abundance",80,0.8,TRUE,TRUE,3,5,TRUE,TRUE,"OMNIBUS(Bonf-minP).noAdj",0.407368421052632,0.115106382978723,23.97,0.0978947368421053,0.205146853146853,3.01,160,19,0.3156546875,0.27745625,0,100
"abundance",80,0.8,TRUE,TRUE,3,5,TRUE,TRUE,"oracle.prev.cov",0.0473684210526316,0.045531914893617,7.32,0,0,0,160,19,0.3156546875,0.27745625,0,100
"abundance",80,0.8,TRUE,TRUE,3,5,TRUE,TRUE,"oracle.prev.noAdj",0.0678947368421053,0.0708510638297872,11.28,0.00157894736842105,0.128333333333333,0.23,160,19,0.3156546875,0.27745625,0.9,100
"abundance",80,0.8,TRUE,TRUE,3,5,TRUE,TRUE,"pkg.ANCOMBC.cov",0.82421052631579,0.107872340425532,30.87,0.571578947368421,0.215295715507403,14.19,160,19,0.3156546875,0.27745625,0,100
"abundance",80,0.8,TRUE,TRUE,3,5,TRUE,TRUE,"pkg.ANCOMBC.noAdj",0.755263157894737,0.217446808510638,45.01,0.596842105263158,0.487923713751327,24.95,160,19,0.3156546875,0.27745625,0,100
"abundance",80,0.8,TRUE,TRUE,3,5,TRUE,TRUE,"pkg.DESeq2.cov",0.546315789473684,0.0358156028368794,15.43,0.139473684210526,0.0274285714285714,2.77,160,19,0.3156546875,0.27745625,0,100
"abundance",80,0.8,TRUE,TRUE,3,5,TRUE,TRUE,"pkg.DESeq2.noAdj",0.583684210526316,0.128156028368794,29.16,0.302631578947368,0.337674493033626,9.83,160,19,0.3156546875,0.27745625,0,100
"abundance",80,0.8,TRUE,TRUE,3,5,TRUE,TRUE,"pkg.edgeR.cov",0.54578947368421,0.0327659574468085,14.99,0.0763157894736842,0.0223333333333333,1.52,160,19,0.3156546875,0.27745625,0,100
"abundance",80,0.8,TRUE,TRUE,3,5,TRUE,TRUE,"pkg.edgeR.noAdj",0.594736842105263,0.12177304964539,28.47,0.268947368421053,0.275974972825592,8.05,160,19,0.3156546875,0.27745625,0,100
"abundance",80,0.8,TRUE,TRUE,3,5,TRUE,TRUE,"pkg.metagenomeSeq.cov",0.53,0.517659574468085,83.06,0.466842105263158,0.877190726917553,72.44,160,19,0.3156546875,0.27745625,0,100
"abundance",80,0.8,TRUE,TRUE,3,5,TRUE,TRUE,"pkg.metagenomeSeq.noAdj",0.672631578947368,0.233617021276596,45.72,0.504736842105263,0.568129189902617,24.55,160,19,0.3156546875,0.27745625,0,100
"abundance",80,0.8,TRUE,TRUE,3,5,TRUE,TRUE,"pkg.ZINQ.cov",0.637894736842105,0.0747517730496454,22.66,0.148947368421053,0.0945757575757576,3.23,160,19,0.3156546875,0.27745625,0,100
"abundance",80,0.8,TRUE,TRUE,3,5,TRUE,TRUE,"pkg.ZINQ.depth",0.410526315789474,0.0968085106382979,21.45,0.0557894736842105,0.16225974025974,1.56,160,19,0.3156546875,0.27745625,0,100
"abundance",80,0.8,TRUE,TRUE,3,5,TRUE,TRUE,"pkg.ZINQ.depthCov",0.394736842105263,0.0578723404255319,15.66,0.02,0.04,0.45,160,19,0.3156546875,0.27745625,0,100
"abundance",80,0.8,TRUE,TRUE,3,5,TRUE,TRUE,"pkg.ZINQ.noAdjust",0.631578947368421,0.183900709219858,37.93,0.328421052631579,0.383380238408237,11.51,160,19,0.3156546875,0.27745625,0,100
"abundance",80,0.8,TRUE,TRUE,3,5,TRUE,TRUE,"presence(Fisher)",0.0926315789473684,0.0865248226950354,13.96,0.00473684210526316,0.304,0.55,160,19,0.3156546875,0.27745625,0.88,100
"abundance",80,0.8,TRUE,TRUE,3,5,TRUE,TRUE,"presence(logistic+depth)",0.0715789473684211,0.0650354609929078,10.53,0.000526315789473684,0,0.01,160,19,0.3156546875,0.27745625,0,100
"abundance",80,0.8,TRUE,TRUE,3,5,TRUE,TRUE,"presence(logistic+depth+z)",0.0484210526315789,0.048936170212766,7.82,0,0,0,160,19,0.3156546875,0.27745625,0,100
"abundance",80,0.8,TRUE,TRUE,3,5,TRUE,TRUE,"prevalence(Tobit).adj",0.0784210526315789,0.0517021276595745,8.78,0,0.03,0.04,160,19,0.3156546875,0.27745625,0,100
"abundance",80,0.8,TRUE,TRUE,3,5,TRUE,TRUE,"prevalence(Tobit).noAdj",0.151578947368421,0.103617021276596,17.49,0.00421052631578947,0.2175,0.4,160,19,0.3156546875,0.27745625,0,100
"abundance",80,1.2,FALSE,TRUE,3,5,TRUE,TRUE,"abundance(AHC-LinDA).adj",0.75578947368421,0.0463829787234043,20.9,0.369473684210526,0.0398291153291153,7.36,160,19,0.31790625,0.27562734375,0,100
"abundance",80,1.2,FALSE,TRUE,3,5,TRUE,TRUE,"abundance(AHC-LinDA).noAdj",0.728947368421053,0.0514184397163121,21.1,0.338947368421053,0.0466568709068709,6.9,160,19,0.31790625,0.27562734375,0,100
"abundance",80,1.2,FALSE,TRUE,3,5,TRUE,TRUE,"obsTwo.depthCov",0.754210526315789,0.0518439716312057,21.64,0.393157894736842,0.0396572594072594,7.81,160,19,0.31790625,0.27562734375,0,100
"abundance",80,1.2,FALSE,TRUE,3,5,TRUE,TRUE,"obsTwo.simple",0.703684210526316,0.0685106382978723,23.03,0.575263157894737,0.0914514954000248,12.16,160,19,0.31790625,0.27562734375,0,100
"abundance",80,1.2,FALSE,TRUE,3,5,TRUE,TRUE,"OMNIBUS(ACAT).adj",0.70578947368421,0.0490070921985816,20.32,0.291052631578947,0.0313774558774559,5.78,160,19,0.31790625,0.27562734375,0,100
"abundance",80,1.2,FALSE,TRUE,3,5,TRUE,TRUE,"OMNIBUS(ACAT).noAdj",0.689473684210526,0.0517021276595745,20.39,0.277894736842105,0.0417319624819625,5.62,160,19,0.31790625,0.27562734375,0,100
"abundance",80,1.2,FALSE,TRUE,3,5,TRUE,TRUE,"OMNIBUS(Bonf-minP).adj",0.702105263157895,0.0480141843971631,20.11,0.287894736842105,0.0366711066711067,5.74,160,19,0.31790625,0.27562734375,0,100
"abundance",80,1.2,FALSE,TRUE,3,5,TRUE,TRUE,"OMNIBUS(Bonf-minP).noAdj",0.67578947368421,0.0493617021276596,19.8,0.273684210526316,0.0407148684648685,5.53,160,19,0.31790625,0.27562734375,0,100
"abundance",80,1.2,FALSE,TRUE,3,5,TRUE,TRUE,"oracle.prev.cov",0.0426315789473684,0.0414893617021277,6.66,0,0.01,0.01,160,19,0.31790625,0.27562734375,0,100
"abundance",80,1.2,FALSE,TRUE,3,5,TRUE,TRUE,"oracle.prev.noAdj",0.0268421052631579,0.0264539007092199,4.24,0,0.01,0.01,160,19,0.31790625,0.27562734375,1.17,100
"abundance",80,1.2,FALSE,TRUE,3,5,TRUE,TRUE,"pkg.ANCOMBC.cov",0.992105263157895,0.0916312056737589,31.77,0.962105263157895,0.145159672897827,21.62,160,19,0.31790625,0.27562734375,0,100
"abundance",80,1.2,FALSE,TRUE,3,5,TRUE,TRUE,"pkg.ANCOMBC.noAdj",0.988421052631579,0.0908510638297872,31.59,0.945263157894737,0.136568413536454,21.07,160,19,0.31790625,0.27562734375,0,100
"abundance",80,1.2,FALSE,TRUE,3,5,TRUE,TRUE,"pkg.DESeq2.cov",0.903684210526316,0.0363120567375887,22.29,0.689473684210526,0.0299689960452344,13.55,160,19,0.31790625,0.27562734375,0,100
"abundance",80,1.2,FALSE,TRUE,3,5,TRUE,TRUE,"pkg.DESeq2.noAdj",0.894736842105263,0.0407801418439716,22.75,0.676315789473684,0.0315958634588665,13.32,160,19,0.31790625,0.27562734375,0,100
"abundance",80,1.2,FALSE,TRUE,3,5,TRUE,TRUE,"pkg.edgeR.cov",0.914736842105263,0.0330496453900709,22.04,0.690526315789474,0.0199067788506643,13.42,160,19,0.31790625,0.27562734375,0,100
"abundance",80,1.2,FALSE,TRUE,3,5,TRUE,TRUE,"pkg.edgeR.noAdj",0.91,0.0380851063829787,22.66,0.67,0.0267865716584757,13.15,160,19,0.31790625,0.27562734375,0,100
"abundance",80,1.2,FALSE,TRUE,3,5,TRUE,TRUE,"pkg.metagenomeSeq.cov",0.549473684210526,0.551985815602837,88.27,0.491578947368421,0.881864834309257,79.04,160,19,0.31790625,0.27562734375,0,100
"abundance",80,1.2,FALSE,TRUE,3,5,TRUE,TRUE,"pkg.metagenomeSeq.noAdj",0.916315789473684,0.134326241134752,36.35,0.811052631578947,0.260751658908709,21.36,160,19,0.31790625,0.27562734375,0,100
"abundance",80,1.2,FALSE,TRUE,3,5,TRUE,TRUE,"pkg.ZINQ.cov",0.932105263157895,0.102056737588653,32.1,0.748947368421052,0.106802435925501,16.12,160,19,0.31790625,0.27562734375,0,100
"abundance",80,1.2,FALSE,TRUE,3,5,TRUE,TRUE,"pkg.ZINQ.depth",0.663157894736842,0.056241134751773,20.53,0.177368421052632,0.0400634920634921,3.57,160,19,0.31790625,0.27562734375,0,100
"abundance",80,1.2,FALSE,TRUE,3,5,TRUE,TRUE,"pkg.ZINQ.depthCov",0.691052631578947,0.0590070921985816,21.45,0.196315789473684,0.0329801587301587,3.93,160,19,0.31790625,0.27562734375,0,100
"abundance",80,1.2,FALSE,TRUE,3,5,TRUE,TRUE,"pkg.ZINQ.noAdjust",0.852105263157895,0.0931914893617021,29.33,0.642631578947368,0.107630140725325,13.83,160,19,0.31790625,0.27562734375,0,100
"abundance",80,1.2,FALSE,TRUE,3,5,TRUE,TRUE,"presence(Fisher)",0.07,0.0450354609929078,7.68,0.0031578947368421,0.055,0.12,160,19,0.31790625,0.27562734375,1.02,100
"abundance",80,1.2,FALSE,TRUE,3,5,TRUE,TRUE,"presence(logistic+depth)",0.0852631578947368,0.0464539007092199,8.17,0.00105263157894737,0.01,0.03,160,19,0.31790625,0.27562734375,0,100
"abundance",80,1.2,FALSE,TRUE,3,5,TRUE,TRUE,"presence(logistic+depth+z)",0.0905263157894737,0.044822695035461,8.04,0.000526315789473684,0.01,0.02,160,19,0.31790625,0.27562734375,0,100
"abundance",80,1.2,FALSE,TRUE,3,5,TRUE,TRUE,"prevalence(Tobit).adj",0.146842105263158,0.0529787234042553,10.26,0.00578947368421052,0.02,0.14,160,19,0.31790625,0.27562734375,0,100
"abundance",80,1.2,FALSE,TRUE,3,5,TRUE,TRUE,"prevalence(Tobit).noAdj",0.178421052631579,0.054468085106383,11.07,0.0110526315789474,0.0125,0.23,160,19,0.31790625,0.27562734375,0,100
"abundance",80,1.2,TRUE,TRUE,3,5,TRUE,TRUE,"abundance(AHC-LinDA).adj",0.707894736842105,0.0564539007092199,21.41,0.335789473684211,0.0569498001998002,6.87,160,19,0.31684765625,0.27542734375,0,100
"abundance",80,1.2,TRUE,TRUE,3,5,TRUE,TRUE,"abundance(AHC-LinDA).noAdj",0.7,0.104964539007092,28.1,0.383684210526316,0.222530968952396,10.16,160,19,0.31684765625,0.27542734375,0,100
"abundance",80,1.2,TRUE,TRUE,3,5,TRUE,TRUE,"obsTwo.depthCov",0.726842105263158,0.0499290780141844,20.85,0.346315789473684,0.0453706016206016,7.01,160,19,0.31684765625,0.27542734375,0,100
"abundance",80,1.2,TRUE,TRUE,3,5,TRUE,TRUE,"obsTwo.simple",0.707894736842105,0.169645390070922,37.37,0.616842105263158,0.350798473107116,19.08,160,19,0.31684765625,0.27542734375,0,100
"abundance",80,1.2,TRUE,TRUE,3,5,TRUE,TRUE,"OMNIBUS(ACAT).adj",0.656315789473684,0.0536170212765957,20.03,0.255789473684211,0.0447499722499723,5.25,160,19,0.31684765625,0.27542734375,0,100
"abundance",80,1.2,TRUE,TRUE,3,5,TRUE,TRUE,"OMNIBUS(ACAT).noAdj",0.682631578947368,0.130141843971631,31.32,0.348947368421053,0.254022954255926,9.77,160,19,0.31684765625,0.27542734375,0,100
"abundance",80,1.2,TRUE,TRUE,3,5,TRUE,TRUE,"OMNIBUS(Bonf-minP).adj",0.650526315789474,0.0525531914893617,19.77,0.256315789473684,0.0461785436785437,5.27,160,19,0.31684765625,0.27542734375,0,100
"abundance",80,1.2,TRUE,TRUE,3,5,TRUE,TRUE,"OMNIBUS(Bonf-minP).noAdj",0.668947368421053,0.126241134751773,30.51,0.34421052631579,0.244684168772404,9.53,160,19,0.31684765625,0.27542734375,0,100
"abundance",80,1.2,TRUE,TRUE,3,5,TRUE,TRUE,"oracle.prev.cov",0.0457894736842105,0.0423404255319149,6.84,0,0,0,160,19,0.31684765625,0.27542734375,0,100
"abundance",80,1.2,TRUE,TRUE,3,5,TRUE,TRUE,"oracle.prev.noAdj",0.0747368421052632,0.0740425531914894,11.86,0.00105263157894737,0.266,0.46,160,19,0.31684765625,0.27542734375,0.81,100
"abundance",80,1.2,TRUE,TRUE,3,5,TRUE,TRUE,"pkg.ANCOMBC.cov",0.977894736842105,0.109645390070922,34.04,0.936315789473684,0.204084147822716,22.75,160,19,0.31684765625,0.27542734375,0,100
"abundance",80,1.2,TRUE,TRUE,3,5,TRUE,TRUE,"pkg.ANCOMBC.noAdj",0.944736842105263,0.218297872340426,48.73,0.888421052631579,0.42751742479543,31.52,160,19,0.31684765625,0.27542734375,0,100
"abundance",80,1.2,TRUE,TRUE,3,5,TRUE,TRUE,"pkg.DESeq2.cov",0.853157894736842,0.0371631205673759,21.45,0.551052631578947,0.032179267627797,10.87,160,19,0.31684765625,0.27542734375,0,100
"abundance",80,1.2,TRUE,TRUE,3,5,TRUE,TRUE,"pkg.DESeq2.noAdj",0.847894736842105,0.138794326241135,35.68,0.690526315789474,0.292924457050733,19.26,160,19,0.31684765625,0.27542734375,0,100
"abundance",80,1.2,TRUE,TRUE,3,5,TRUE,TRUE,"pkg.edgeR.cov",0.86421052631579,0.0346099290780142,21.3,0.534736842105263,0.022187820349585,10.41,160,19,0.31684765625,0.27542734375,0,100
"abundance",80,1.2,TRUE,TRUE,3,5,TRUE,TRUE,"pkg.edgeR.noAdj",0.863157894736842,0.134609929078014,35.38,0.696315789473684,0.255869790925461,18.47,160,19,0.31684765625,0.27542734375,0,100
"abundance",80,1.2,TRUE,TRUE,3,5,TRUE,TRUE,"pkg.metagenomeSeq.cov",0.492631578947368,0.514255319148936,81.87,0.422105263157895,0.886965891468835,70.69,160,19,0.31684765625,0.27542734375,0,100
"abundance",80,1.2,TRUE,TRUE,3,5,TRUE,TRUE,"pkg.metagenomeSeq.noAdj",0.884736842105263,0.250780141843972,52.17,0.808421052631579,0.525891563921091,34.44,160,19,0.31684765625,0.27542734375,0,100
"abundance",80,1.2,TRUE,TRUE,3,5,TRUE,TRUE,"pkg.ZINQ.cov",0.893684210526316,0.0904255319148936,29.73,0.609473684210526,0.115475804123637,13.19,160,19,0.31684765625,0.27542734375,0,100
"abundance",80,1.2,TRUE,TRUE,3,5,TRUE,TRUE,"pkg.ZINQ.depth",0.667894736842105,0.113120567375887,28.64,0.235263157894737,0.1501834525124,5.83,160,19,0.31684765625,0.27542734375,0,100
"abundance",80,1.2,TRUE,TRUE,3,5,TRUE,TRUE,"pkg.ZINQ.depthCov",0.658421052631579,0.0586524822695036,20.78,0.167368421052632,0.0320912698412699,3.37,160,19,0.31684765625,0.27542734375,0,100
"abundance",80,1.2,TRUE,TRUE,3,5,TRUE,TRUE,"pkg.ZINQ.noAdjust",0.827894736842105,0.206950354609929,44.91,0.676315789473684,0.373511880404364,21.82,160,19,0.31684765625,0.27542734375,0.01,100
"abundance",80,1.2,TRUE,TRUE,3,5,TRUE,TRUE,"presence(Fisher)",0.11,0.09,14.78,0.00789473684210526,0.319166666666667,0.73,160,19,0.31684765625,0.27542734375,0.8,100
"abundance",80,1.2,TRUE,TRUE,3,5,TRUE,TRUE,"presence(logistic+depth)",0.119473684210526,0.0731205673758865,12.58,0.00105263157894737,0.02,0.05,160,19,0.31684765625,0.27542734375,0,100
"abundance",80,1.2,TRUE,TRUE,3,5,TRUE,TRUE,"presence(logistic+depth+z)",0.0831578947368421,0.0468085106382979,8.18,0.00105263157894737,0,0.02,160,19,0.31684765625,0.27542734375,0,100
"abundance",80,1.2,TRUE,TRUE,3,5,TRUE,TRUE,"prevalence(Tobit).adj",0.103684210526316,0.0485815602836879,8.82,0.00526315789473684,0.0216666666666667,0.14,160,19,0.31684765625,0.27542734375,0,100
"abundance",80,1.2,TRUE,TRUE,3,5,TRUE,TRUE,"prevalence(Tobit).noAdj",0.217368421052632,0.108794326241135,19.47,0.0278947368421053,0.224666666666667,1.14,160,19,0.31684765625,0.27542734375,0,100
"abundance",80,1.6,FALSE,TRUE,3,5,TRUE,TRUE,"abundance(AHC-LinDA).adj",0.884736842105263,0.0463829787234043,23.35,0.677368421052632,0.0510137092869291,13.58,160,19,0.3207984375,0.2769015625,0,100
"abundance",80,1.6,FALSE,TRUE,3,5,TRUE,TRUE,"abundance(AHC-LinDA).noAdj",0.857368421052632,0.0504255319148936,23.4,0.634210526315789,0.0530152146614995,12.74,160,19,0.3207984375,0.2769015625,0,100
"abundance",80,1.6,FALSE,TRUE,3,5,TRUE,TRUE,"obsTwo.depthCov",0.919473684210526,0.0634751773049645,26.42,0.750526315789474,0.0458033852542366,15.03,160,19,0.3207984375,0.2769015625,0,100
"abundance",80,1.6,FALSE,TRUE,3,5,TRUE,TRUE,"obsTwo.simple",0.773684210526316,0.0871631205673759,26.99,0.739473684210526,0.135354345187549,16.61,160,19,0.3207984375,0.2769015625,0,100
"abundance",80,1.6,FALSE,TRUE,3,5,TRUE,TRUE,"OMNIBUS(ACAT).adj",0.871578947368421,0.0511347517730496,23.77,0.630526315789474,0.0476502992191847,12.6,160,19,0.3207984375,0.2769015625,0,100
"abundance",80,1.6,FALSE,TRUE,3,5,TRUE,TRUE,"OMNIBUS(ACAT).noAdj",0.87,0.0547517730496454,24.25,0.609473684210526,0.0454795127043579,12.18,160,19,0.3207984375,0.2769015625,0,100
"abundance",80,1.6,FALSE,TRUE,3,5,TRUE,TRUE,"OMNIBUS(Bonf-minP).adj",0.856842105263158,0.05,23.33,0.617894736842105,0.0465109899989931,12.34,160,19,0.3207984375,0.2769015625,0,100
"abundance",80,1.6,FALSE,TRUE,3,5,TRUE,TRUE,"OMNIBUS(Bonf-minP).noAdj",0.862105263157895,0.0521276595744681,23.73,0.6,0.0473458808133731,12.03,160,19,0.3207984375,0.2769015625,0,100
"abundance",80,1.6,FALSE,TRUE,3,5,TRUE,TRUE,"oracle.prev.cov",0.0457894736842105,0.0412056737588652,6.68,0,0.02,0.02,160,19,0.3207984375,0.2769015625,0,100
"abundance",80,1.6,FALSE,TRUE,3,5,TRUE,TRUE,"oracle.prev.noAdj",0.0278947368421053,0.0273758865248227,4.39,0,0.02,0.02,160,19,0.3207984375,0.2769015625,1.27,100
"abundance",80,1.6,FALSE,TRUE,3,5,TRUE,TRUE,"pkg.ANCOMBC.cov",0.997894736842105,0.0841843971631205,30.83,0.992631578947368,0.127936540144612,21.82,160,19,0.3207984375,0.2769015625,0,100
"abundance",80,1.6,FALSE,TRUE,3,5,TRUE,TRUE,"pkg.ANCOMBC.noAdj",0.997894736842105,0.084822695035461,30.92,0.991052631578947,0.126485149865813,21.73,160,19,0.3207984375,0.2769015625,0,100
"abundance",80,1.6,FALSE,TRUE,3,5,TRUE,TRUE,"pkg.DESeq2.cov",0.978421052631579,0.0383687943262411,24,0.924736842105263,0.0316521579126068,18.18,160,19,0.3207984375,0.2769015625,0,100
"abundance",80,1.6,FALSE,TRUE,3,5,TRUE,TRUE,"pkg.DESeq2.noAdj",0.974736842105263,0.0404255319148936,24.22,0.917894736842105,0.0382361908219359,18.19,160,19,0.3207984375,0.2769015625,0,100
"abundance",80,1.6,FALSE,TRUE,3,5,TRUE,TRUE,"pkg.edgeR.cov",0.982631578947369,0.033758865248227,23.43,0.937368421052632,0.0191822202565237,18.18,160,19,0.3207984375,0.2769015625,0,100
"abundance",80,1.6,FALSE,TRUE,3,5,TRUE,TRUE,"pkg.edgeR.noAdj",0.986315789473684,0.0391489361702128,24.26,0.937368421052632,0.0268823864474019,18.34,160,19,0.3207984375,0.2769015625,0,100
"abundance",80,1.6,FALSE,TRUE,3,5,TRUE,TRUE,"pkg.metagenomeSeq.cov",0.527368421052632,0.554822695035461,88.25,0.479473684210526,0.884641345813702,79.26,160,19,0.3207984375,0.2769015625,0,100
"abundance",80,1.6,FALSE,TRUE,3,5,TRUE,TRUE,"pkg.metagenomeSeq.noAdj",0.98421052631579,0.131489361702128,37.24,0.953684210526316,0.233024820758719,24.08,160,19,0.3207984375,0.2769015625,0,100
"abundance",80,1.6,FALSE,TRUE,3,5,TRUE,TRUE,"pkg.ZINQ.cov",0.986842105263158,0.122340425531915,36,0.924736842105263,0.168796673420118,21.65,160,19,0.3207984375,0.2769015625,0,100
"abundance",80,1.6,FALSE,TRUE,3,5,TRUE,TRUE,"pkg.ZINQ.depth",0.852631578947369,0.0678723404255319,25.77,0.502105263157895,0.055856351981352,10.23,160,19,0.3207984375,0.2769015625,0,100
"abundance",80,1.6,FALSE,TRUE,3,5,TRUE,TRUE,"pkg.ZINQ.depthCov",0.862631578947368,0.069290780141844,26.16,0.54,0.055420415755555,10.95,160,19,0.3207984375,0.2769015625,0,100
"abundance",80,1.6,FALSE,TRUE,3,5,TRUE,TRUE,"pkg.ZINQ.noAdjust",0.914736842105263,0.116028368794326,33.74,0.838947368421053,0.153361651597656,19.32,160,19,0.3207984375,0.2769015625,0,100
"abundance",80,1.6,FALSE,TRUE,3,5,TRUE,TRUE,"presence(Fisher)",0.126842105263158,0.0397163120567376,8.01,0.00578947368421053,0.04,0.15,160,19,0.3207984375,0.2769015625,1.09,100
"abundance",80,1.6,FALSE,TRUE,3,5,TRUE,TRUE,"presence(logistic+depth)",0.152631578947368,0.0470921985815603,9.54,0.00263157894736842,0,0.05,160,19,0.3207984375,0.2769015625,0,100
"abundance",80,1.6,FALSE,TRUE,3,5,TRUE,TRUE,"presence(logistic+depth+z)",0.154736842105263,0.0484397163120567,9.77,0.00315789473684211,0,0.06,160,19,0.3207984375,0.2769015625,0,100
"abundance",80,1.6,FALSE,TRUE,3,5,TRUE,TRUE,"prevalence(Tobit).adj",0.212631578947368,0.0560283687943262,11.94,0.0168421052631579,0.0466666666666667,0.39,160,19,0.3207984375,0.2769015625,0,100
"abundance",80,1.6,FALSE,TRUE,3,5,TRUE,TRUE,"prevalence(Tobit).noAdj",0.285789473684211,0.0561702127659574,13.35,0.0378947368421053,0.035,0.79,160,19,0.3207984375,0.2769015625,0,100
"abundance",80,1.6,TRUE,TRUE,3,5,TRUE,TRUE,"abundance(AHC-LinDA).adj",0.824736842105263,0.0453900709219858,22.07,0.598421052631579,0.0527531577899225,12.04,160,19,0.31778203125,0.27349296875,0,100
"abundance",80,1.6,TRUE,TRUE,3,5,TRUE,TRUE,"abundance(AHC-LinDA).noAdj",0.815263157894737,0.0912765957446809,28.36,0.582631578947368,0.150242565698835,13.4,160,19,0.31778203125,0.27349296875,0,100
"abundance",80,1.6,TRUE,TRUE,3,5,TRUE,TRUE,"obsTwo.depthCov",0.893157894736842,0.0619148936170213,25.7,0.692105263157895,0.0569584370737621,14.05,160,19,0.31778203125,0.27349296875,0,100
"abundance",80,1.6,TRUE,TRUE,3,5,TRUE,TRUE,"obsTwo.simple",0.780526315789474,0.179007092198582,40.07,0.748947368421053,0.364023077359924,24.23,160,19,0.31778203125,0.27349296875,0,100
"abundance",80,1.6,TRUE,TRUE,3,5,TRUE,TRUE,"OMNIBUS(ACAT).adj",0.807894736842105,0.049290780141844,22.3,0.543684210526316,0.0494683233433234,10.93,160,19,0.31778203125,0.27349296875,0,100
"abundance",80,1.6,TRUE,TRUE,3,5,TRUE,TRUE,"OMNIBUS(ACAT).noAdj",0.822105263157895,0.115248226950355,31.87,0.565263157894737,0.169963069174958,13.31,160,19,0.31778203125,0.27349296875,0,100
"abundance",80,1.6,TRUE,TRUE,3,5,TRUE,TRUE,"OMNIBUS(Bonf-minP).adj",0.79578947368421,0.0465248226950355,21.68,0.538947368421053,0.0511764069264069,10.86,160,19,0.31778203125,0.27349296875,0,100
"abundance",80,1.6,TRUE,TRUE,3,5,TRUE,TRUE,"OMNIBUS(Bonf-minP).noAdj",0.81,0.110070921985816,30.91,0.554736842105263,0.169730574330621,13.08,160,19,0.31778203125,0.27349296875,0,100
"abundance",80,1.6,TRUE,TRUE,3,5,TRUE,TRUE,"oracle.prev.cov",0.0447368421052632,0.0436879432624113,7.01,0,0.01,0.01,160,19,0.31778203125,0.27349296875,0,100
"abundance",80,1.6,TRUE,TRUE,3,5,TRUE,TRUE,"oracle.prev.noAdj",0.0626315789473684,0.0668085106382979,10.61,0.00157894736842105,0.15,0.22,160,19,0.31778203125,0.27349296875,0.84,100
"abundance",80,1.6,TRUE,TRUE,3,5,TRUE,TRUE,"pkg.ANCOMBC.cov",0.998947368421053,0.102978723404255,33.5,0.992105263157895,0.176839037839559,23.13,160,19,0.31778203125,0.27349296875,0,100
"abundance",80,1.6,TRUE,TRUE,3,5,TRUE,TRUE,"pkg.ANCOMBC.noAdj",0.989473684210526,0.196737588652482,46.54,0.977368421052632,0.376557444485189,31.62,160,19,0.31778203125,0.27349296875,0,100
"abundance",80,1.6,TRUE,TRUE,3,5,TRUE,TRUE,"pkg.DESeq2.cov",0.96421052631579,0.039645390070922,23.91,0.863157894736842,0.0363839377856406,17.05,160,19,0.31778203125,0.27349296875,0,100
"abundance",80,1.6,TRUE,TRUE,3,5,TRUE,TRUE,"pkg.DESeq2.noAdj",0.96,0.127304964539007,36.19,0.89,0.235024937676181,22.61,160,19,0.31778203125,0.27349296875,0,100
"abundance",80,1.6,TRUE,TRUE,3,5,TRUE,TRUE,"pkg.edgeR.cov",0.973157894736842,0.0363120567375887,23.61,0.881052631578947,0.0281831441225202,17.26,160,19,0.31778203125,0.27349296875,0,100
"abundance",80,1.6,TRUE,TRUE,3,5,TRUE,TRUE,"pkg.edgeR.noAdj",0.966842105263158,0.121063829787234,35.44,0.902105263157895,0.208823765018351,22.05,160,19,0.31778203125,0.27349296875,0,100
"abundance",80,1.6,TRUE,TRUE,3,5,TRUE,TRUE,"pkg.metagenomeSeq.cov",0.504736842105263,0.513617021276596,82.01,0.431052631578947,0.884636169697282,71.21,160,19,0.31778203125,0.27349296875,0,100
"abundance",80,1.6,TRUE,TRUE,3,5,TRUE,TRUE,"pkg.metagenomeSeq.noAdj",0.972105263157895,0.229078014184397,50.77,0.943157894736842,0.448005428209184,34.51,160,19,0.31778203125,0.27349296875,0,100
"abundance",80,1.6,TRUE,TRUE,3,5,TRUE,TRUE,"pkg.ZINQ.cov",0.97,0.124113475177305,35.93,0.877368421052632,0.153620660232388,20.21,160,19,0.31778203125,0.27349296875,0,100
"abundance",80,1.6,TRUE,TRUE,3,5,TRUE,TRUE,"pkg.ZINQ.depth",0.830526315789474,0.112482269503546,31.64,0.503157894736842,0.133495912170433,11.6,160,19,0.31778203125,0.27349296875,0,100
"abundance",80,1.6,TRUE,TRUE,3,5,TRUE,TRUE,"pkg.ZINQ.depthCov",0.836315789473684,0.0725531914893617,26.12,0.488421052631579,0.0514650732824107,9.88,160,19,0.31778203125,0.27349296875,0,100
"abundance",80,1.6,TRUE,TRUE,3,5,TRUE,TRUE,"pkg.ZINQ.noAdjust",0.9,0.218652482269504,47.93,0.838421052631579,0.371309988300062,27.46,160,19,0.31778203125,0.27349296875,0,100
"abundance",80,1.6,TRUE,TRUE,3,5,TRUE,TRUE,"presence(Fisher)",0.152105263157895,0.0788652482269503,14.01,0.0163157894736842,0.218666666666667,0.84,160,19,0.31778203125,0.27349296875,0.87,100
"abundance",80,1.6,TRUE,TRUE,3,5,TRUE,TRUE,"presence(logistic+depth)",0.161578947368421,0.0642553191489362,12.13,0.00684210526315789,0.009,0.16,160,19,0.31778203125,0.27349296875,0,100
"abundance",80,1.6,TRUE,TRUE,3,5,TRUE,TRUE,"presence(logistic+depth+z)",0.133157894736842,0.0476595744680851,9.25,0.00315789473684211,0,0.06,160,19,0.31778203125,0.27349296875,0,100
"abundance",80,1.6,TRUE,TRUE,3,5,TRUE,TRUE,"prevalence(Tobit).adj",0.187894736842105,0.0554609929078014,11.39,0.00736842105263158,0.02,0.17,160,19,0.31778203125,0.27349296875,0,100
"abundance",80,1.6,TRUE,TRUE,3,5,TRUE,TRUE,"prevalence(Tobit).noAdj",0.307894736842105,0.102340425531915,20.28,0.0621052631578948,0.199809523809524,1.85,160,19,0.31778203125,0.27349296875,0,100
"abundance",80,2,FALSE,TRUE,3,5,TRUE,TRUE,"abundance(AHC-LinDA).adj",0.905263157894737,0.0495744680851064,24.19,0.753684210526316,0.0502288329145914,15.14,160,19,0.32264375,0.274815625,0,100
"abundance",80,2,FALSE,TRUE,3,5,TRUE,TRUE,"abundance(AHC-LinDA).noAdj",0.891052631578947,0.0529787234042553,24.4,0.726842105263158,0.0537791779775391,14.69,160,19,0.32264375,0.274815625,0,100
"abundance",80,2,FALSE,TRUE,3,5,TRUE,TRUE,"obsTwo.depthCov",0.964736842105263,0.0984397163120568,32.21,0.882105263157895,0.121549585484455,19.45,160,19,0.32264375,0.274815625,0,100
"abundance",80,2,FALSE,TRUE,3,5,TRUE,TRUE,"obsTwo.simple",0.831052631578947,0.147021276595745,36.52,0.821578947368421,0.264826203587515,22.79,160,19,0.32264375,0.274815625,0,100
"abundance",80,2,FALSE,TRUE,3,5,TRUE,TRUE,"OMNIBUS(ACAT).adj",0.916315789473684,0.0545390070921986,25.1,0.757894736842105,0.0507928229713631,15.28,160,19,0.32264375,0.274815625,0,100
"abundance",80,2,FALSE,TRUE,3,5,TRUE,TRUE,"OMNIBUS(ACAT).noAdj",0.927368421052632,0.0561702127659574,25.54,0.758421052631579,0.0499970696228436,15.23,160,19,0.32264375,0.274815625,0,100
"abundance",80,2,FALSE,TRUE,3,5,TRUE,TRUE,"OMNIBUS(Bonf-minP).adj",0.907894736842105,0.0534042553191489,24.78,0.751052631578947,0.0516578832207113,15.16,160,19,0.32264375,0.274815625,0,100
"abundance",80,2,FALSE,TRUE,3,5,TRUE,TRUE,"OMNIBUS(Bonf-minP).noAdj",0.922105263157895,0.0539007092198582,25.12,0.748947368421053,0.0505942918450658,15.06,160,19,0.32264375,0.274815625,0,100
"abundance",80,2,FALSE,TRUE,3,5,TRUE,TRUE,"oracle.prev.cov",0.0457894736842105,0.0424822695035461,6.86,0,0.01,0.01,160,19,0.32264375,0.274815625,0,100
"abundance",80,2,FALSE,TRUE,3,5,TRUE,TRUE,"oracle.prev.noAdj",0.0368421052631579,0.0272340425531915,4.54,0,0.02,0.02,160,19,0.32264375,0.274815625,1.02,100
"abundance",80,2,FALSE,TRUE,3,5,TRUE,TRUE,"pkg.ANCOMBC.cov",0.998421052631579,0.0861702127659575,31.12,0.997368421052632,0.131754604654605,21.98,160,19,0.32264375,0.274815625,0,100
"abundance",80,2,FALSE,TRUE,3,5,TRUE,TRUE,"pkg.ANCOMBC.noAdj",0.997894736842105,0.0828368794326241,30.64,0.996315789473684,0.12724080072004,21.86,160,19,0.32264375,0.274815625,0,100
"abundance",80,2,FALSE,TRUE,3,5,TRUE,TRUE,"pkg.DESeq2.cov",0.989473684210526,0.0368794326241135,24,0.969473684210526,0.0303831491267889,19.04,160,19,0.32264375,0.274815625,0,100
"abundance",80,2,FALSE,TRUE,3,5,TRUE,TRUE,"pkg.DESeq2.noAdj",0.99,0.0433333333333333,24.92,0.965789473684211,0.0375694226653979,19.11,160,19,0.32264375,0.274815625,0,100
"abundance",80,2,FALSE,TRUE,3,5,TRUE,TRUE,"pkg.edgeR.cov",0.997894736842105,0.0333333333333333,23.66,0.983684210526316,0.0199198094049353,19.1,160,19,0.32264375,0.274815625,0,100
"abundance",80,2,FALSE,TRUE,3,5,TRUE,TRUE,"pkg.edgeR.noAdj",0.998421052631579,0.0413475177304965,24.8,0.983157894736842,0.0351159436800169,19.4,160,19,0.32264375,0.274815625,0,100
"abundance",80,2,FALSE,TRUE,3,5,TRUE,TRUE,"pkg.metagenomeSeq.cov",0.52578947368421,0.552836879432624,87.94,0.459473684210526,0.888282953277119,78.28,160,19,0.32264375,0.274815625,0,100
"abundance",80,2,FALSE,TRUE,3,5,TRUE,TRUE,"pkg.metagenomeSeq.noAdj",0.996842105263158,0.123475177304965,36.35,0.992105263157895,0.206680900400458,24.19,160,19,0.32264375,0.274815625,0,100
"abundance",80,2,FALSE,TRUE,3,5,TRUE,TRUE,"pkg.ZINQ.cov",0.992105263157895,0.215673758865248,49.26,0.976842105263158,0.325050848028645,30.56,160,19,0.32264375,0.274815625,0,100
"abundance",80,2,FALSE,TRUE,3,5,TRUE,TRUE,"pkg.ZINQ.depth",0.923684210526316,0.0981560283687944,31.39,0.707368421052632,0.104950919368617,15.25,160,19,0.32264375,0.274815625,0,100
"abundance",80,2,FALSE,TRUE,3,5,TRUE,TRUE,"pkg.ZINQ.depthCov",0.931578947368421,0.104326241134752,32.41,0.724210526315789,0.126337991171195,16.06,160,19,0.32264375,0.274815625,0,100
"abundance",80,2,FALSE,TRUE,3,5,TRUE,TRUE,"pkg.ZINQ.noAdjust",0.937368421052632,0.185815602836879,44.01,0.908947368421053,0.27654122299501,25.77,160,19,0.32264375,0.274815625,0,100
"abundance",80,2,FALSE,TRUE,3,5,TRUE,TRUE,"presence(Fisher)",0.205263157894737,0.0353191489361702,8.88,0.0326315789473684,0.045,0.71,160,19,0.32264375,0.274815625,0.88,100
"abundance",80,2,FALSE,TRUE,3,5,TRUE,TRUE,"presence(logistic+depth)",0.226315789473684,0.0480851063829787,11.08,0.0121052631578947,0,0.23,160,19,0.32264375,0.274815625,0,100
"abundance",80,2,FALSE,TRUE,3,5,TRUE,TRUE,"presence(logistic+depth+z)",0.230526315789474,0.0494326241134752,11.35,0.0110526315789474,0,0.21,160,19,0.32264375,0.274815625,0,100
"abundance",80,2,FALSE,TRUE,3,5,TRUE,TRUE,"prevalence(Tobit).adj",0.288421052631579,0.0580851063829787,13.67,0.0778947368421053,0.0517619047619048,1.64,160,19,0.32264375,0.274815625,0,100
"abundance",80,2,FALSE,TRUE,3,5,TRUE,TRUE,"prevalence(Tobit).noAdj",0.382105263157895,0.060709219858156,15.82,0.134736842105263,0.0452619047619048,2.77,160,19,0.32264375,0.274815625,0,100
"abundance",80,2,TRUE,TRUE,3,5,TRUE,TRUE,"abundance(AHC-LinDA).adj",0.89421052631579,0.0473758865248227,23.67,0.696842105263158,0.0549602541421427,14.08,160,19,0.32418984375,0.27663515625,0,100
"abundance",80,2,TRUE,TRUE,3,5,TRUE,TRUE,"abundance(AHC-LinDA).noAdj",0.870526315789474,0.10354609929078,31.14,0.701578947368421,0.177658929911864,16.69,160,19,0.32418984375,0.27663515625,0,100
"abundance",80,2,TRUE,TRUE,3,5,TRUE,TRUE,"obsTwo.depthCov",0.956842105263158,0.0843971631205674,30.08,0.843684210526316,0.103521869085656,18.3,160,19,0.32418984375,0.27663515625,0,100
"abundance",80,2,TRUE,TRUE,3,5,TRUE,TRUE,"obsTwo.simple",0.833684210526316,0.232056737588652,48.56,0.821052631578947,0.468944609026599,32.64,160,19,0.32418984375,0.27663515625,0,100
"abundance",80,2,TRUE,TRUE,3,5,TRUE,TRUE,"OMNIBUS(ACAT).adj",0.89421052631579,0.0531914893617021,24.49,0.672105263157895,0.0503182697075886,13.53,160,19,0.32418984375,0.27663515625,0,100
"abundance",80,2,TRUE,TRUE,3,5,TRUE,TRUE,"OMNIBUS(ACAT).noAdj",0.901578947368421,0.126524822695036,34.97,0.740526315789474,0.2057144344442,18.37,160,19,0.32418984375,0.27663515625,0,100
"abundance",80,2,TRUE,TRUE,3,5,TRUE,TRUE,"OMNIBUS(Bonf-minP).adj",0.887368421052632,0.0521985815602837,24.22,0.662105263157895,0.049107195264316,13.31,160,19,0.32418984375,0.27663515625,0,100
"abundance",80,2,TRUE,TRUE,3,5,TRUE,TRUE,"OMNIBUS(Bonf-minP).noAdj",0.889473684210526,0.123049645390071,34.25,0.732631578947368,0.202118775296982,18.04,160,19,0.32418984375,0.27663515625,0,100
"abundance",80,2,TRUE,TRUE,3,5,TRUE,TRUE,"oracle.prev.cov",0.0415789473684211,0.0429078014184397,6.84,0,0,0,160,19,0.32418984375,0.27663515625,0,100
"abundance",80,2,TRUE,TRUE,3,5,TRUE,TRUE,"oracle.prev.noAdj",0.0715789473684211,0.0687234042553191,11.05,0.00263157894736842,0.221666666666667,0.33,160,19,0.32418984375,0.27663515625,0.96,100
"abundance",80,2,TRUE,TRUE,3,5,TRUE,TRUE,"pkg.ANCOMBC.cov",0.998421052631579,0.10177304964539,33.32,0.995789473684211,0.187919380181639,23.56,160,19,0.32418984375,0.27663515625,0,100
"abundance",80,2,TRUE,TRUE,3,5,TRUE,TRUE,"pkg.ANCOMBC.noAdj",0.998421052631579,0.213900709219858,49.13,0.990526315789474,0.392843451905246,33.35,160,19,0.32418984375,0.27663515625,0,100
"abundance",80,2,TRUE,TRUE,3,5,TRUE,TRUE,"pkg.DESeq2.cov",0.991052631578947,0.0405673758865248,24.55,0.944736842105263,0.0295169117088622,18.52,160,19,0.32418984375,0.27663515625,0,100
"abundance",80,2,TRUE,TRUE,3,5,TRUE,TRUE,"pkg.DESeq2.noAdj",0.988421052631579,0.13822695035461,38.27,0.961578947368421,0.256333188223486,25.35,160,19,0.32418984375,0.27663515625,0,100
"abundance",80,2,TRUE,TRUE,3,5,TRUE,TRUE,"pkg.edgeR.cov",0.99421052631579,0.0343262411347518,23.73,0.977368421052632,0.0245705931495405,19.06,160,19,0.32418984375,0.27663515625,0,100
"abundance",80,2,TRUE,TRUE,3,5,TRUE,TRUE,"pkg.edgeR.noAdj",0.991052631578947,0.128581560283688,36.96,0.975263157894737,0.218367088701778,24.39,160,19,0.32418984375,0.27663515625,0,100
"abundance",80,2,TRUE,TRUE,3,5,TRUE,TRUE,"pkg.metagenomeSeq.cov",0.5,0.512127659574468,81.71,0.434736842105263,0.88208491393354,70.26,160,19,0.32418984375,0.27663515625,0,100
"abundance",80,2,TRUE,TRUE,3,5,TRUE,TRUE,"pkg.metagenomeSeq.noAdj",0.990526315789474,0.25177304964539,54.32,0.983157894736842,0.488605593485697,38.73,160,19,0.32418984375,0.27663515625,0,100
"abundance",80,2,TRUE,TRUE,3,5,TRUE,TRUE,"pkg.ZINQ.cov",0.986842105263158,0.172553191489362,43.08,0.938421052631579,0.242462270109891,25.29,160,19,0.32418984375,0.27663515625,0,100
"abundance",80,2,TRUE,TRUE,3,5,TRUE,TRUE,"pkg.ZINQ.depth",0.905789473684211,0.148156028368794,38.1,0.695789473684211,0.215556063190033,17.97,160,19,0.32418984375,0.27663515625,0,100
"abundance",80,2,TRUE,TRUE,3,5,TRUE,TRUE,"pkg.ZINQ.depthCov",0.908421052631579,0.0919858156028369,30.23,0.666842105263158,0.0978767008705089,14.41,160,19,0.32418984375,0.27663515625,0,100
"abundance",80,2,TRUE,TRUE,3,5,TRUE,TRUE,"pkg.ZINQ.noAdjust",0.934736842105263,0.277021276595745,56.82,0.913157894736842,0.47895219519823,36.86,160,19,0.32418984375,0.27663515625,0,100
"abundance",80,2,TRUE,TRUE,3,5,TRUE,TRUE,"presence(Fisher)",0.24421052631579,0.0790070921985816,15.78,0.0505263157894737,0.231190476190476,1.53,160,19,0.32418984375,0.27663515625,0.83,100
"abundance",80,2,TRUE,TRUE,3,5,TRUE,TRUE,"presence(logistic+depth)",0.243157894736842,0.075177304964539,15.22,0.021578947368421,0.0325,0.46,160,19,0.32418984375,0.27663515625,0,100
"abundance",80,2,TRUE,TRUE,3,5,TRUE,TRUE,"presence(logistic+depth+z)",0.207368421052632,0.0486524822695035,10.8,0.0115789473684211,0,0.22,160,19,0.32418984375,0.27663515625,0,100
"abundance",80,2,TRUE,TRUE,3,5,TRUE,TRUE,"prevalence(Tobit).adj",0.252631578947368,0.0580851063829787,12.99,0.0405263157894737,0.015,0.8,160,19,0.32418984375,0.27663515625,0,100
"abundance",80,2,TRUE,TRUE,3,5,TRUE,TRUE,"prevalence(Tobit).noAdj",0.393157894736842,0.115460992907801,23.75,0.171052631578947,0.217970779220779,4.62,160,19,0.32418984375,0.27663515625,0,100
"abundance",80,2.6,FALSE,TRUE,3,5,TRUE,TRUE,"abundance(AHC-LinDA).adj",0.911578947368421,0.0460283687943262,23.81,0.79,0.0452094531715275,15.78,160,19,0.33264921875,0.27605625,0,100
"abundance",80,2.6,FALSE,TRUE,3,5,TRUE,TRUE,"abundance(AHC-LinDA).noAdj",0.9,0.0470921985815603,23.74,0.771578947368421,0.0448565696429473,15.43,160,19,0.33264921875,0.27605625,0,100
"abundance",80,2.6,FALSE,TRUE,3,5,TRUE,TRUE,"obsTwo.depthCov",0.991578947368421,0.184255319148936,44.82,0.957368421052632,0.275493375021581,28.29,160,19,0.33264921875,0.27605625,0,100
"abundance",80,2.6,FALSE,TRUE,3,5,TRUE,TRUE,"obsTwo.simple",0.862105263157895,0.260851063829787,53.16,0.858421052631579,0.467660244883553,37.49,160,19,0.33264921875,0.27605625,0,100
"abundance",80,2.6,FALSE,TRUE,3,5,TRUE,TRUE,"OMNIBUS(ACAT).adj",0.956842105263158,0.0646808510638298,27.3,0.85421052631579,0.0654404094189563,17.47,160,19,0.33264921875,0.27605625,0,100
"abundance",80,2.6,FALSE,TRUE,3,5,TRUE,TRUE,"OMNIBUS(ACAT).noAdj",0.967894736842105,0.0690070921985815,28.12,0.879473684210526,0.0703720043103574,18.09,160,19,0.33264921875,0.27605625,0,100
"abundance",80,2.6,FALSE,TRUE,3,5,TRUE,TRUE,"OMNIBUS(Bonf-minP).adj",0.949473684210526,0.0634751773049645,26.99,0.847894736842105,0.0654988164514177,17.35,160,19,0.33264921875,0.27605625,0,100
"abundance",80,2.6,FALSE,TRUE,3,5,TRUE,TRUE,"OMNIBUS(Bonf-minP).noAdj",0.963684210526316,0.0669503546099291,27.75,0.867368421052632,0.0701867639659065,17.85,160,19,0.33264921875,0.27605625,0,100
"abundance",80,2.6,FALSE,TRUE,3,5,TRUE,TRUE,"oracle.prev.cov",0.0373684210526316,0.0424822695035461,6.7,0,0.01,0.01,160,19,0.33264921875,0.27605625,0,100
"abundance",80,2.6,FALSE,TRUE,3,5,TRUE,TRUE,"oracle.prev.noAdj",0.028421052631579,0.028581560283688,4.57,0.000526315789473684,0.03,0.04,160,19,0.33264921875,0.27605625,1.2,100
"abundance",80,2.6,FALSE,TRUE,3,5,TRUE,TRUE,"pkg.ANCOMBC.cov",0.998947368421053,0.0877304964539007,31.35,0.996315789473684,0.121175039038426,21.76,160,19,0.33264921875,0.27605625,0,100
"abundance",80,2.6,FALSE,TRUE,3,5,TRUE,TRUE,"pkg.ANCOMBC.noAdj",0.998421052631579,0.0841843971631206,30.84,0.996315789473684,0.119959689243162,21.76,160,19,0.33264921875,0.27605625,0,100
"abundance",80,2.6,FALSE,TRUE,3,5,TRUE,TRUE,"pkg.DESeq2.cov",0.997894736842105,0.0420567375886525,24.89,0.993157894736842,0.0332844528977252,19.56,160,19,0.33264921875,0.27605625,0,100
"abundance",80,2.6,FALSE,TRUE,3,5,TRUE,TRUE,"pkg.DESeq2.noAdj",0.997894736842105,0.0446099290780142,25.25,0.993684210526316,0.0378754940711462,19.67,160,19,0.33264921875,0.27605625,0,100
"abundance",80,2.6,FALSE,TRUE,3,5,TRUE,TRUE,"pkg.edgeR.cov",0.999473684210526,0.0378723404255319,24.33,0.998947368421053,0.0238398268398268,19.47,160,19,0.33264921875,0.27605625,0,100
"abundance",80,2.6,FALSE,TRUE,3,5,TRUE,TRUE,"pkg.edgeR.noAdj",1,0.0436879432624113,25.16,0.998947368421053,0.0320641475229576,19.64,160,19,0.33264921875,0.27605625,0,100
"abundance",80,2.6,FALSE,TRUE,3,5,TRUE,TRUE,"pkg.metagenomeSeq.cov",0.514210526315789,0.539290780141844,85.81,0.451052631578947,0.886943882710428,75.78,160,19,0.33264921875,0.27605625,0,100
"abundance",80,2.6,FALSE,TRUE,3,5,TRUE,TRUE,"pkg.metagenomeSeq.noAdj",1,0.118581560283688,35.72,0.999473684210526,0.188495810770527,23.66,160,19,0.33264921875,0.27605625,0,100
"abundance",80,2.6,FALSE,TRUE,3,5,TRUE,TRUE,"pkg.ZINQ.cov",0.995789473684211,0.368936170212766,70.94,0.990526315789474,0.537592550967687,51.64,160,19,0.33264921875,0.27605625,0,100
"abundance",80,2.6,FALSE,TRUE,3,5,TRUE,TRUE,"pkg.ZINQ.depth",0.978421052631579,0.168723404255319,42.38,0.866842105263158,0.22476759777023,23.09,160,19,0.33264921875,0.27605625,0,100
"abundance",80,2.6,FALSE,TRUE,3,5,TRUE,TRUE,"pkg.ZINQ.depthCov",0.973157894736842,0.181063829787234,44.02,0.876315789473684,0.259336816804628,24.85,160,19,0.33264921875,0.27605625,0,100
"abundance",80,2.6,FALSE,TRUE,3,5,TRUE,TRUE,"pkg.ZINQ.noAdjust",0.95421052631579,0.318510638297872,63.04,0.948947368421053,0.485948624094344,43.3,160,19,0.33264921875,0.27605625,0,100
"abundance",80,2.6,FALSE,TRUE,3,5,TRUE,TRUE,"presence(Fisher)",0.382631578947368,0.0321985815602837,11.81,0.183684210526316,0.0297619047619048,3.63,160,19,0.33264921875,0.27605625,0.91,100
"abundance",80,2.6,FALSE,TRUE,3,5,TRUE,TRUE,"presence(logistic+depth)",0.353684210526316,0.0529078014184397,14.18,0.0957894736842105,0.0122619047619048,1.88,160,19,0.33264921875,0.27605625,0,100
"abundance",80,2.6,FALSE,TRUE,3,5,TRUE,TRUE,"presence(logistic+depth+z)",0.358421052631579,0.0546808510638298,14.52,0.0989473684210526,0.0183452380952381,1.96,160,19,0.33264921875,0.27605625,0,100
"abundance",80,2.6,FALSE,TRUE,3,5,TRUE,TRUE,"prevalence(Tobit).adj",0.397368421052632,0.0756028368794326,18.21,0.211052631578947,0.0795962142432731,4.58,160,19,0.33264921875,0.27605625,0,100
"abundance",80,2.6,FALSE,TRUE,3,5,TRUE,TRUE,"prevalence(Tobit).noAdj",0.48578947368421,0.0843971631205674,21.13,0.32,0.0806144460115049,6.83,160,19,0.33264921875,0.27605625,0,100
"abundance",80,2.6,TRUE,TRUE,3,5,TRUE,TRUE,"abundance(AHC-LinDA).adj",0.884736842105263,0.0485815602836879,23.66,0.74,0.0412144257960821,14.74,160,19,0.333721875,0.2766140625,0,100
"abundance",80,2.6,TRUE,TRUE,3,5,TRUE,TRUE,"abundance(AHC-LinDA).noAdj",0.877894736842105,0.0897872340425532,29.34,0.751578947368421,0.124134118718972,16.85,160,19,0.333721875,0.2766140625,0,100
"abundance",80,2.6,TRUE,TRUE,3,5,TRUE,TRUE,"obsTwo.depthCov",0.982631578947369,0.182836879432624,44.45,0.932105263157895,0.28798684392134,27.27,160,19,0.333721875,0.2766140625,0,100
"abundance",80,2.6,TRUE,TRUE,3,5,TRUE,TRUE,"obsTwo.simple",0.881578947368421,0.352553191489362,66.46,0.877894736842105,0.629725007321676,51.51,160,19,0.333721875,0.2766140625,0,100
"abundance",80,2.6,TRUE,TRUE,3,5,TRUE,TRUE,"OMNIBUS(ACAT).adj",0.935789473684211,0.0581560283687943,25.98,0.805263157894737,0.0487711780393669,16.15,160,19,0.333721875,0.2766140625,0,100
"abundance",80,2.6,TRUE,TRUE,3,5,TRUE,TRUE,"OMNIBUS(ACAT).noAdj",0.955263157894737,0.132624113475177,36.85,0.877368421052632,0.190993234814031,21.19,160,19,0.333721875,0.2766140625,0,100
"abundance",80,2.6,TRUE,TRUE,3,5,TRUE,TRUE,"OMNIBUS(Bonf-minP).adj",0.927368421052632,0.0578014184397163,25.77,0.798947368421053,0.0494974790861014,16.04,160,19,0.333721875,0.2766140625,0,100
"abundance",80,2.6,TRUE,TRUE,3,5,TRUE,TRUE,"OMNIBUS(Bonf-minP).noAdj",0.948947368421053,0.130354609929078,36.41,0.869473684210526,0.186653981495134,20.9,160,19,0.333721875,0.2766140625,0,100
"abundance",80,2.6,TRUE,TRUE,3,5,TRUE,TRUE,"oracle.prev.cov",0.0394736842105263,0.0423404255319149,6.72,0,0.01,0.01,160,19,0.333721875,0.2766140625,0,100
"abundance",80,2.6,TRUE,TRUE,3,5,TRUE,TRUE,"oracle.prev.noAdj",0.06,0.0717021276595745,11.25,0.000526315789473684,0.225,0.33,160,19,0.333721875,0.2766140625,0.8,100
"abundance",80,2.6,TRUE,TRUE,3,5,TRUE,TRUE,"pkg.ANCOMBC.cov",0.996315789473684,0.10290780141844,33.44,0.993684210526316,0.175101474533505,23.27,160,19,0.333721875,0.2766140625,0,100
"abundance",80,2.6,TRUE,TRUE,3,5,TRUE,TRUE,"pkg.ANCOMBC.noAdj",0.997894736842105,0.196028368794326,46.6,0.994736842105263,0.368736853440387,32.15,160,19,0.333721875,0.2766140625,0,100
"abundance",80,2.6,TRUE,TRUE,3,5,TRUE,TRUE,"pkg.DESeq2.cov",0.995263157894737,0.0448936170212766,25.24,0.978421052631579,0.0379157082429394,19.36,160,19,0.333721875,0.2766140625,0,100
"abundance",80,2.6,TRUE,TRUE,3,5,TRUE,TRUE,"pkg.DESeq2.noAdj",0.996315789473684,0.133475177304965,37.75,0.986842105263158,0.247019427179399,25.47,160,19,0.333721875,0.2766140625,0,100
"abundance",80,2.6,TRUE,TRUE,3,5,TRUE,TRUE,"pkg.edgeR.cov",0.999473684210526,0.0376595744680851,24.3,0.996842105263158,0.0337037138300296,19.64,160,19,0.333721875,0.2766140625,0,100
"abundance",80,2.6,TRUE,TRUE,3,5,TRUE,TRUE,"pkg.edgeR.noAdj",0.999473684210526,0.126808510638298,36.87,0.998421052631579,0.211385104042222,24.57,160,19,0.333721875,0.2766140625,0,100
"abundance",80,2.6,TRUE,TRUE,3,5,TRUE,TRUE,"pkg.metagenomeSeq.cov",0.499473684210526,0.509503546099291,81.33,0.416842105263158,0.886353236019984,69.5,160,19,0.333721875,0.2766140625,0,100
"abundance",80,2.6,TRUE,TRUE,3,5,TRUE,TRUE,"pkg.metagenomeSeq.noAdj",1,0.250496453900709,54.32,1,0.487559003802159,39.24,160,19,0.333721875,0.2766140625,0,100
"abundance",80,2.6,TRUE,TRUE,3,5,TRUE,TRUE,"pkg.ZINQ.cov",0.993157894736842,0.34468085106383,67.47,0.973684210526316,0.492937972552825,46.77,160,19,0.333721875,0.2766140625,0.02,100
"abundance",80,2.6,TRUE,TRUE,3,5,TRUE,TRUE,"pkg.ZINQ.depth",0.963684210526316,0.227943262411347,50.45,0.857368421052632,0.366462555767071,28.38,160,19,0.333721875,0.2766140625,0.02,100
"abundance",80,2.6,TRUE,TRUE,3,5,TRUE,TRUE,"pkg.ZINQ.depthCov",0.945789473684211,0.179716312056738,43.31,0.81,0.266793369583619,22.73,160,19,0.333721875,0.2766140625,0.02,100
"abundance",80,2.6,TRUE,TRUE,3,5,TRUE,TRUE,"pkg.ZINQ.noAdjust",0.956842105263158,0.411843971631206,76.25,0.952631578947369,0.645151296603508,58.04,160,19,0.333721875,0.2766140625,0.02,100
"abundance",80,2.6,TRUE,TRUE,3,5,TRUE,TRUE,"presence(Fisher)",0.395263157894737,0.0740425531914894,17.95,0.196842105263158,0.147508297258297,4.59,160,19,0.333721875,0.2766140625,0.82,100
"abundance",80,2.6,TRUE,TRUE,3,5,TRUE,TRUE,"presence(logistic+depth)",0.375263157894737,0.0782269503546099,18.16,0.098421052631579,0.0593571428571429,2.11,160,19,0.333721875,0.2766140625,0,100
"abundance",80,2.6,TRUE,TRUE,3,5,TRUE,TRUE,"presence(logistic+depth+z)",0.342631578947369,0.0542553191489362,14.16,0.0678947368421053,0.020952380952381,1.35,160,19,0.333721875,0.2766140625,0,100
"abundance",80,2.6,TRUE,TRUE,3,5,TRUE,TRUE,"prevalence(Tobit).adj",0.353157894736842,0.0692198581560284,16.47,0.156315789473684,0.0641111111111111,3.35,160,19,0.333721875,0.2766140625,0,100
"abundance",80,2.6,TRUE,TRUE,3,5,TRUE,TRUE,"prevalence(Tobit).noAdj",0.492105263157895,0.140992907801418,29.23,0.345263157894737,0.220660614762513,9.06,160,19,0.333721875,0.2766140625,0,100
"both",160,0.8,FALSE,TRUE,3,5,TRUE,TRUE,"abundance(AHC-LinDA).adj",0.764736842105263,0.0543262411347518,22.19,0.433157894736842,0.0623318331994803,8.85,160,19,0.325367578125,0.286773046875,0,100
"both",160,0.8,FALSE,TRUE,3,5,TRUE,TRUE,"abundance(AHC-LinDA).noAdj",0.736315789473684,0.0539716312056738,21.6,0.375789473684211,0.0605245166769935,7.8,160,19,0.325367578125,0.286773046875,0,100
"both",160,0.8,FALSE,TRUE,3,5,TRUE,TRUE,"obsTwo.depthCov",0.801578947368421,0.0487234042553191,22.1,0.406842105263158,0.0301759710877358,8.04,160,19,0.325367578125,0.286773046875,0,100
"both",160,0.8,FALSE,TRUE,3,5,TRUE,TRUE,"obsTwo.simple",0.891052631578947,0.0905673758865248,29.7,0.738947368421053,0.140011344873251,16.56,160,19,0.325367578125,0.286773046875,0,100
"both",160,0.8,FALSE,TRUE,3,5,TRUE,TRUE,"OMNIBUS(ACAT).adj",0.863684210526316,0.0551063829787234,24.18,0.547368421052632,0.0451525459834283,10.95,160,19,0.325367578125,0.286773046875,0,100
"both",160,0.8,FALSE,TRUE,3,5,TRUE,TRUE,"OMNIBUS(ACAT).noAdj",0.845263157894737,0.055886524822695,23.94,0.521578947368421,0.0530013574746547,10.55,160,19,0.325367578125,0.286773046875,0,100
"both",160,0.8,FALSE,TRUE,3,5,TRUE,TRUE,"OMNIBUS(Bonf-minP).adj",0.846315789473684,0.0539716312056738,23.69,0.517894736842105,0.0449802460611284,10.36,160,19,0.325367578125,0.286773046875,0,100
"both",160,0.8,FALSE,TRUE,3,5,TRUE,TRUE,"OMNIBUS(Bonf-minP).noAdj",0.828947368421053,0.0561702127659575,23.67,0.500526315789474,0.0510453902392757,10.09,160,19,0.325367578125,0.286773046875,0,100
"both",160,0.8,FALSE,TRUE,3,5,TRUE,TRUE,"oracle.prev.cov",0.613157894736842,0.0482269503546099,18.45,0.151052631578947,0.0165674603174603,2.95,160,19,0.325367578125,0.286773046875,0,100
"both",160,0.8,FALSE,TRUE,3,5,TRUE,TRUE,"oracle.prev.noAdj",0.55578947368421,0.0326950354609929,15.17,0.127894736842105,0.0179285714285714,2.5,160,19,0.325367578125,0.286773046875,0.49,100
"both",160,0.8,FALSE,TRUE,3,5,TRUE,TRUE,"pkg.ANCOMBC.cov",0.972631578947369,0.103262411347518,33.04,0.938947368421053,0.190582981898351,22.32,160,19,0.325367578125,0.286773046875,0,100
"both",160,0.8,FALSE,TRUE,3,5,TRUE,TRUE,"pkg.ANCOMBC.noAdj",0.962105263157895,0.109645390070922,33.74,0.916842105263158,0.204294568873899,22.36,160,19,0.325367578125,0.286773046875,0,100
"both",160,0.8,FALSE,TRUE,3,5,TRUE,TRUE,"pkg.DESeq2.cov",0.735263157894737,0.0438297872340426,20.15,0.51,0.0401147324897325,10.14,160,19,0.325367578125,0.286773046875,0,100
"both",160,0.8,FALSE,TRUE,3,5,TRUE,TRUE,"pkg.DESeq2.noAdj",0.728947368421053,0.0522695035460993,21.22,0.501052631578947,0.063210290526467,10.24,160,19,0.325367578125,0.286773046875,0,100
"both",160,0.8,FALSE,TRUE,3,5,TRUE,TRUE,"pkg.edgeR.cov",0.754736842105263,0.0398581560283688,19.96,0.552631578947368,0.0282674686424686,10.84,160,19,0.325367578125,0.286773046875,0,100
"both",160,0.8,FALSE,TRUE,3,5,TRUE,TRUE,"pkg.edgeR.noAdj",0.758421052631579,0.0493617021276596,21.37,0.527368421052631,0.0476624192800663,10.59,160,19,0.325367578125,0.286773046875,0,100
"both",160,0.8,FALSE,TRUE,3,5,TRUE,TRUE,"pkg.metagenomeSeq.cov",0.670526315789474,0.667730496453901,106.89,0.64,0.880891943004645,102.14,160,19,0.325367578125,0.286773046875,0,100
"both",160,0.8,FALSE,TRUE,3,5,TRUE,TRUE,"pkg.metagenomeSeq.noAdj",0.866315789473684,0.197872340425532,44.36,0.758947368421053,0.424907438588667,26.09,160,19,0.325367578125,0.286773046875,0,100
"both",160,0.8,FALSE,TRUE,3,5,TRUE,TRUE,"pkg.ZINQ.cov",0.928947368421053,0.10241134751773,32.09,0.744210526315789,0.149315357456292,16.87,160,19,0.325367578125,0.286773046875,0,100
"both",160,0.8,FALSE,TRUE,3,5,TRUE,TRUE,"pkg.ZINQ.depth",0.726842105263158,0.0505673758865248,20.94,0.2,0.0498161005661006,4.07,160,19,0.325367578125,0.286773046875,0,100
"both",160,0.8,FALSE,TRUE,3,5,TRUE,TRUE,"pkg.ZINQ.depthCov",0.753157894736842,0.0534751773049645,21.85,0.240526315789474,0.0539233405483405,4.88,160,19,0.325367578125,0.286773046875,0,100
"both",160,0.8,FALSE,TRUE,3,5,TRUE,TRUE,"pkg.ZINQ.noAdjust",0.897894736842105,0.103758865248227,31.69,0.690526315789474,0.151897290489009,15.78,160,19,0.325367578125,0.286773046875,0,100
"both",160,0.8,FALSE,TRUE,3,5,TRUE,TRUE,"presence(Fisher)",0.422631578947368,0.0736879432624113,18.42,0.0831578947368421,0.185345238095238,2.16,160,19,0.325367578125,0.286773046875,0.14,100
"both",160,0.8,FALSE,TRUE,3,5,TRUE,TRUE,"presence(logistic+depth)",0.37,0.050354609929078,14.13,0.0247368421052632,0.015,0.51,160,19,0.325367578125,0.286773046875,0,100
"both",160,0.8,FALSE,TRUE,3,5,TRUE,TRUE,"presence(logistic+depth+z)",0.368421052631579,0.0498581560283688,14.03,0.0226315789473684,0.015,0.45,160,19,0.325367578125,0.286773046875,0,100
"both",160,0.8,FALSE,TRUE,3,5,TRUE,TRUE,"prevalence(Tobit).adj",0.619473684210526,0.0539007092198582,19.37,0.24,0.0365559163059163,4.78,160,19,0.325367578125,0.286773046875,0,100
"both",160,0.8,FALSE,TRUE,3,5,TRUE,TRUE,"prevalence(Tobit).noAdj",0.628947368421053,0.0553191489361702,19.75,0.263684210526316,0.0396121933621934,5.26,160,19,0.325367578125,0.286773046875,0,100
"both",160,0.8,TRUE,TRUE,3,5,TRUE,TRUE,"abundance(AHC-LinDA).adj",0.744736842105263,0.0559574468085106,22.04,0.383157894736842,0.0659338063896888,7.89,160,19,0.32351328125,0.28523671875,0,100
"both",160,0.8,TRUE,TRUE,3,5,TRUE,TRUE,"abundance(AHC-LinDA).noAdj",0.701052631578947,0.162765957446809,36.27,0.458421052631579,0.378495847849969,15.88,160,19,0.32351328125,0.28523671875,0,100
"both",160,0.8,TRUE,TRUE,3,5,TRUE,TRUE,"obsTwo.depthCov",0.781578947368421,0.0497872340425532,21.87,0.317894736842105,0.0308221223221223,6.28,160,19,0.32351328125,0.28523671875,0,100
"both",160,0.8,TRUE,TRUE,3,5,TRUE,TRUE,"obsTwo.simple",0.838947368421053,0.278652482269504,55.23,0.751578947368421,0.563909647824129,35.32,160,19,0.32351328125,0.28523671875,0,100
"both",160,0.8,TRUE,TRUE,3,5,TRUE,TRUE,"OMNIBUS(ACAT).adj",0.832631578947368,0.0556028368794326,23.66,0.452631578947368,0.0588378843378843,9.23,160,19,0.32351328125,0.28523671875,0,100
"both",160,0.8,TRUE,TRUE,3,5,TRUE,TRUE,"OMNIBUS(ACAT).noAdj",0.836842105263158,0.204397163120567,44.72,0.63578947368421,0.372497357073285,21.72,160,19,0.32351328125,0.28523671875,0,100
"both",160,0.8,TRUE,TRUE,3,5,TRUE,TRUE,"OMNIBUS(Bonf-minP).adj",0.811052631578947,0.0541843971631206,23.05,0.428947368421053,0.0582227355977356,8.75,160,19,0.32351328125,0.28523671875,0,100
"both",160,0.8,TRUE,TRUE,3,5,TRUE,TRUE,"OMNIBUS(Bonf-minP).noAdj",0.822631578947368,0.199007092198582,43.69,0.618947368421053,0.36840096878863,21.04,160,19,0.32351328125,0.28523671875,0,100
"both",160,0.8,TRUE,TRUE,3,5,TRUE,TRUE,"oracle.prev.cov",0.548947368421053,0.0439716312056738,16.63,0.08,0.015,1.55,160,19,0.32351328125,0.28523671875,0,100
"both",160,0.8,TRUE,TRUE,3,5,TRUE,TRUE,"oracle.prev.noAdj",0.522105263157895,0.117304964539007,26.46,0.274736842105263,0.299137663506085,8.25,160,19,0.32351328125,0.28523671875,0.29,100
"both",160,0.8,TRUE,TRUE,3,5,TRUE,TRUE,"pkg.ANCOMBC.cov",0.969473684210526,0.109929078014184,33.92,0.917894736842105,0.230109328111888,22.91,160,19,0.32351328125,0.28523671875,0,100
"both",160,0.8,TRUE,TRUE,3,5,TRUE,TRUE,"pkg.ANCOMBC.noAdj",0.876315789473684,0.304184397163121,59.54,0.825263157894737,0.598718878097099,42.43,160,19,0.32351328125,0.28523671875,0,100
"both",160,0.8,TRUE,TRUE,3,5,TRUE,TRUE,"pkg.DESeq2.cov",0.711578947368421,0.0387234042553191,18.98,0.456842105263158,0.0293502453428924,9,160,19,0.32351328125,0.28523671875,0,100
"both",160,0.8,TRUE,TRUE,3,5,TRUE,TRUE,"pkg.DESeq2.noAdj",0.705263157894737,0.210354609929078,43.06,0.545263157894737,0.509002368118933,22.95,160,19,0.32351328125,0.28523671875,0,100
"both",160,0.8,TRUE,TRUE,3,5,TRUE,TRUE,"pkg.edgeR.cov",0.744736842105263,0.0359574468085106,19.22,0.473684210526316,0.0190485625485625,9.23,160,19,0.32351328125,0.28523671875,0,100
"both",160,0.8,TRUE,TRUE,3,5,TRUE,TRUE,"pkg.edgeR.noAdj",0.738947368421053,0.204822695035461,42.92,0.578421052631579,0.478657585104765,22.7,160,19,0.32351328125,0.28523671875,0,100
"both",160,0.8,TRUE,TRUE,3,5,TRUE,TRUE,"pkg.metagenomeSeq.cov",0.636842105263158,0.642553191489362,102.7,0.597368421052632,0.882592081118093,96.76,160,19,0.32351328125,0.28523671875,0,100
"both",160,0.8,TRUE,TRUE,3,5,TRUE,TRUE,"pkg.metagenomeSeq.noAdj",0.808947368421053,0.346099290780142,64.17,0.738421052631579,0.685964453860334,47.67,160,19,0.32351328125,0.28523671875,0,100
"both",160,0.8,TRUE,TRUE,3,5,TRUE,TRUE,"pkg.ZINQ.cov",0.904736842105263,0.0912765957446808,30.06,0.62,0.120757511920185,13.61,160,19,0.32351328125,0.28523671875,0,100
"both",160,0.8,TRUE,TRUE,3,5,TRUE,TRUE,"pkg.ZINQ.depth",0.710526315789474,0.15177304964539,34.9,0.331052631578947,0.294661990254894,9.93,160,19,0.32351328125,0.28523671875,0,100
"both",160,0.8,TRUE,TRUE,3,5,TRUE,TRUE,"pkg.ZINQ.depthCov",0.717894736842105,0.0546808510638298,21.35,0.175263157894737,0.0280198412698413,3.47,160,19,0.32351328125,0.28523671875,0,100
"both",160,0.8,TRUE,TRUE,3,5,TRUE,TRUE,"pkg.ZINQ.noAdjust",0.87,0.304539007092199,59.47,0.752105263157895,0.569850558702388,35.87,160,19,0.32351328125,0.28523671875,0,100
"both",160,0.8,TRUE,TRUE,3,5,TRUE,TRUE,"presence(Fisher)",0.422105263157895,0.154822695035461,29.85,0.211578947368421,0.500654278169371,9.18,160,19,0.32351328125,0.28523671875,0.08,100
"both",160,0.8,TRUE,TRUE,3,5,TRUE,TRUE,"presence(logistic+depth)",0.387368421052632,0.0943971631205674,20.67,0.0568421052631579,0.137833333333333,1.55,160,19,0.32351328125,0.28523671875,0,100
"both",160,0.8,TRUE,TRUE,3,5,TRUE,TRUE,"presence(logistic+depth+z)",0.362105263157895,0.0474468085106383,13.57,0.0189473684210526,0.0133333333333333,0.38,160,19,0.32351328125,0.28523671875,0,100
"both",160,0.8,TRUE,TRUE,3,5,TRUE,TRUE,"prevalence(Tobit).adj",0.558947368421053,0.0529787234042553,18.09,0.151052631578947,0.0372348484848485,3.03,160,19,0.32351328125,0.28523671875,0,100
"both",160,0.8,TRUE,TRUE,3,5,TRUE,TRUE,"prevalence(Tobit).noAdj",0.607368421052631,0.153262411347518,33.15,0.375263157894737,0.319358153551702,11.41,160,19,0.32351328125,0.28523671875,0,100
"both",160,1.2,FALSE,TRUE,3,5,TRUE,TRUE,"abundance(AHC-LinDA).adj",0.941578947368421,0.0568794326241135,25.91,0.813157894736842,0.0571453232010507,16.45,160,19,0.33067890625,0.2911375,0,100
"both",160,1.2,FALSE,TRUE,3,5,TRUE,TRUE,"abundance(AHC-LinDA).noAdj",0.93421052631579,0.0575177304964539,25.86,0.776842105263158,0.0672448452390403,15.91,160,19,0.33067890625,0.2911375,0,100
"both",160,1.2,FALSE,TRUE,3,5,TRUE,TRUE,"obsTwo.depthCov",0.970526315789474,0.0485815602836879,25.29,0.836315789473684,0.0438960073836066,16.68,160,19,0.33067890625,0.2911375,0,100
"both",160,1.2,FALSE,TRUE,3,5,TRUE,TRUE,"obsTwo.simple",0.975263157894737,0.094468085106383,31.85,0.956842105263158,0.153840895417274,21.69,160,19,0.33067890625,0.2911375,0,100
"both",160,1.2,FALSE,TRUE,3,5,TRUE,TRUE,"OMNIBUS(ACAT).adj",0.983684210526316,0.0575177304964539,26.8,0.922105263157895,0.0590768569927104,18.69,160,19,0.33067890625,0.2911375,0,100
"both",160,1.2,FALSE,TRUE,3,5,TRUE,TRUE,"OMNIBUS(ACAT).noAdj",0.983157894736842,0.0588652482269503,26.98,0.906315789473684,0.0577911940832085,18.35,160,19,0.33067890625,0.2911375,0,100
"both",160,1.2,FALSE,TRUE,3,5,TRUE,TRUE,"OMNIBUS(Bonf-minP).adj",0.981052631578948,0.0563829787234043,26.59,0.91,0.0600728418300265,18.47,160,19,0.33067890625,0.2911375,0,100
"both",160,1.2,FALSE,TRUE,3,5,TRUE,TRUE,"OMNIBUS(Bonf-minP).noAdj",0.98,0.0573049645390071,26.7,0.888947368421053,0.05675566296486,18,160,19,0.33067890625,0.2911375,0,100
"both",160,1.2,FALSE,TRUE,3,5,TRUE,TRUE,"oracle.prev.cov",0.914736842105263,0.0463829787234042,23.92,0.668947368421053,0.0319485795851895,13.16,160,19,0.33067890625,0.2911375,0,100
"both",160,1.2,FALSE,TRUE,3,5,TRUE,TRUE,"oracle.prev.noAdj",0.871052631578947,0.030709219858156,20.88,0.593157894736842,0.0242226090902561,11.59,160,19,0.33067890625,0.2911375,0.32,100
"both",160,1.2,FALSE,TRUE,3,5,TRUE,TRUE,"pkg.ANCOMBC.cov",0.997368421052632,0.10113475177305,33.21,0.995789473684211,0.188496160633192,23.57,160,19,0.33067890625,0.2911375,0,100
"both",160,1.2,FALSE,TRUE,3,5,TRUE,TRUE,"pkg.ANCOMBC.noAdj",0.996842105263158,0.105744680851064,33.85,0.993157894736842,0.197514275963504,23.78,160,19,0.33067890625,0.2911375,0,100
"both",160,1.2,FALSE,TRUE,3,5,TRUE,TRUE,"pkg.DESeq2.cov",0.82421052631579,0.0465248226950355,22.22,0.711578947368421,0.0415404529680845,14.16,160,19,0.33067890625,0.2911375,0,100
"both",160,1.2,FALSE,TRUE,3,5,TRUE,TRUE,"pkg.DESeq2.noAdj",0.830526315789474,0.0504255319148936,22.89,0.711052631578947,0.0536573291259824,14.36,160,19,0.33067890625,0.2911375,0,100
"both",160,1.2,FALSE,TRUE,3,5,TRUE,TRUE,"pkg.edgeR.cov",0.86421052631579,0.0382978723404255,21.82,0.743684210526316,0.0249905561414849,14.55,160,19,0.33067890625,0.2911375,0,100
"both",160,1.2,FALSE,TRUE,3,5,TRUE,TRUE,"pkg.edgeR.noAdj",0.873157894736842,0.0451063829787234,22.95,0.757894736842105,0.0328948524068325,14.98,160,19,0.33067890625,0.2911375,0,100
"both",160,1.2,FALSE,TRUE,3,5,TRUE,TRUE,"pkg.metagenomeSeq.cov",0.647894736842105,0.666666666666667,106.31,0.616842105263158,0.884553237659216,101.45,160,19,0.33067890625,0.2911375,0,100
"both",160,1.2,FALSE,TRUE,3,5,TRUE,TRUE,"pkg.metagenomeSeq.noAdj",0.942105263157895,0.210921985815603,47.64,0.917368421052632,0.387499788617476,29.55,160,19,0.33067890625,0.2911375,0,100
"both",160,1.2,FALSE,TRUE,3,5,TRUE,TRUE,"pkg.ZINQ.cov",0.99421052631579,0.112056737588652,34.69,0.965789473684211,0.168215172914121,22.33,160,19,0.33067890625,0.2911375,0,100
"both",160,1.2,FALSE,TRUE,3,5,TRUE,TRUE,"pkg.ZINQ.depth",0.94,0.0534751773049645,25.4,0.695263157894737,0.0509737133351684,13.97,160,19,0.33067890625,0.2911375,0,100
"both",160,1.2,FALSE,TRUE,3,5,TRUE,TRUE,"pkg.ZINQ.depthCov",0.946842105263158,0.0553900709219858,25.8,0.726842105263158,0.053342204106523,14.69,160,19,0.33067890625,0.2911375,0,100
"both",160,1.2,FALSE,TRUE,3,5,TRUE,TRUE,"pkg.ZINQ.noAdjust",0.986315789473684,0.110212765957447,34.28,0.955263157894737,0.157857236093849,21.77,160,19,0.33067890625,0.2911375,0,100
"both",160,1.2,FALSE,TRUE,3,5,TRUE,TRUE,"presence(Fisher)",0.764736842105263,0.0732624113475177,24.86,0.491578947368421,0.134100620735885,10.97,160,19,0.33067890625,0.2911375,0.15,100
"both",160,1.2,FALSE,TRUE,3,5,TRUE,TRUE,"presence(logistic+depth)",0.631578947368421,0.0480141843971631,18.77,0.209473684210526,0.0319206349206349,4.18,160,19,0.33067890625,0.2911375,0,100
"both",160,1.2,FALSE,TRUE,3,5,TRUE,TRUE,"presence(logistic+depth+z)",0.642105263157895,0.0476595744680851,18.92,0.217894736842105,0.0285418192918193,4.35,160,19,0.33067890625,0.2911375,0,100
"both",160,1.2,FALSE,TRUE,3,5,TRUE,TRUE,"prevalence(Tobit).adj",0.873684210526316,0.0537588652482269,24.18,0.677368421052632,0.0536351230468878,13.66,160,19,0.33067890625,0.2911375,0,100
"both",160,1.2,FALSE,TRUE,3,5,TRUE,TRUE,"prevalence(Tobit).noAdj",0.865789473684211,0.0560283687943262,24.35,0.69,0.0524399301249146,13.91,160,19,0.33067890625,0.2911375,0,100
"both",160,1.2,TRUE,TRUE,3,5,TRUE,TRUE,"abundance(AHC-LinDA).adj",0.92,0.054468085106383,25.16,0.776842105263158,0.0590886435228372,15.75,160,19,0.329709765625,0.291273046875,0,100
"both",160,1.2,TRUE,TRUE,3,5,TRUE,TRUE,"abundance(AHC-LinDA).noAdj",0.87421052631579,0.164255319148936,39.77,0.742631578947368,0.334760971301386,22.76,160,19,0.329709765625,0.291273046875,0,100
"both",160,1.2,TRUE,TRUE,3,5,TRUE,TRUE,"obsTwo.depthCov",0.960526315789474,0.049290780141844,25.2,0.811052631578947,0.0336977506927197,15.98,160,19,0.329709765625,0.291273046875,0,100
"both",160,1.2,TRUE,TRUE,3,5,TRUE,TRUE,"obsTwo.simple",0.957368421052632,0.302482269503546,60.84,0.936315789473684,0.569969640360193,43.76,160,19,0.329709765625,0.291273046875,0,100
"both",160,1.2,TRUE,TRUE,3,5,TRUE,TRUE,"OMNIBUS(ACAT).adj",0.973157894736842,0.0532624113475177,26,0.878947368421053,0.0525459095260044,17.68,160,19,0.329709765625,0.291273046875,0,100
"both",160,1.2,TRUE,TRUE,3,5,TRUE,TRUE,"OMNIBUS(ACAT).noAdj",0.961052631578947,0.212482269503546,48.22,0.890526315789474,0.388295584548853,29.52,160,19,0.329709765625,0.291273046875,0,100
"both",160,1.2,TRUE,TRUE,3,5,TRUE,TRUE,"OMNIBUS(Bonf-minP).adj",0.96421052631579,0.0521985815602837,25.68,0.861578947368421,0.0525478623805115,17.33,160,19,0.329709765625,0.291273046875,0,100
"both",160,1.2,TRUE,TRUE,3,5,TRUE,TRUE,"OMNIBUS(Bonf-minP).noAdj",0.955789473684211,0.205531914893617,47.14,0.88421052631579,0.379708153797683,28.84,160,19,0.329709765625,0.291273046875,0,100
"both",160,1.2,TRUE,TRUE,3,5,TRUE,TRUE,"oracle.prev.cov",0.858947368421053,0.0470212765957447,22.95,0.512631578947368,0.0296729242979243,10.08,160,19,0.329709765625,0.291273046875,0,100
"both",160,1.2,TRUE,TRUE,3,5,TRUE,TRUE,"oracle.prev.noAdj",0.79,0.13063829787234,33.43,0.605263157894737,0.294382912881403,16.92,160,19,0.329709765625,0.291273046875,0.26,100
"both",160,1.2,TRUE,TRUE,3,5,TRUE,TRUE,"pkg.ANCOMBC.cov",0.996842105263158,0.111347517730496,34.64,0.992631578947369,0.205785003451921,24.16,160,19,0.329709765625,0.291273046875,0,100
"both",160,1.2,TRUE,TRUE,3,5,TRUE,TRUE,"pkg.ANCOMBC.noAdj",0.977894736842105,0.301347517730496,61.07,0.96421052631579,0.582998012261772,46.42,160,19,0.329709765625,0.291273046875,0,100
"both",160,1.2,TRUE,TRUE,3,5,TRUE,TRUE,"pkg.DESeq2.cov",0.777894736842105,0.041063829787234,20.57,0.638947368421052,0.0465541015142408,12.79,160,19,0.329709765625,0.291273046875,0,100
"both",160,1.2,TRUE,TRUE,3,5,TRUE,TRUE,"pkg.DESeq2.noAdj",0.793157894736842,0.222836879432624,46.49,0.700526315789474,0.511188015932841,29.18,160,19,0.329709765625,0.291273046875,0,100
"both",160,1.2,TRUE,TRUE,3,5,TRUE,TRUE,"pkg.edgeR.cov",0.826315789473684,0.0370921985815603,20.93,0.671052631578947,0.0264137414872709,13.14,160,19,0.329709765625,0.291273046875,0,100
"both",160,1.2,TRUE,TRUE,3,5,TRUE,TRUE,"pkg.edgeR.noAdj",0.826315789473684,0.215744680851064,46.12,0.742631578947368,0.466681279649268,28.14,160,19,0.329709765625,0.291273046875,0,100
"both",160,1.2,TRUE,TRUE,3,5,TRUE,TRUE,"pkg.metagenomeSeq.cov",0.617368421052632,0.630921985815603,100.69,0.578947368421053,0.884224068007933,94.89,160,19,0.329709765625,0.291273046875,0,100
"both",160,1.2,TRUE,TRUE,3,5,TRUE,TRUE,"pkg.metagenomeSeq.noAdj",0.906315789473684,0.34581560283688,65.98,0.876315789473684,0.657465179357634,51.64,160,19,0.329709765625,0.291273046875,0,100
"both",160,1.2,TRUE,TRUE,3,5,TRUE,TRUE,"pkg.ZINQ.cov",0.985789473684211,0.0967375886524823,32.37,0.932631578947369,0.129508200016159,20.55,160,19,0.329709765625,0.291273046875,0,100
"both",160,1.2,TRUE,TRUE,3,5,TRUE,TRUE,"pkg.ZINQ.depth",0.909473684210526,0.163120567375887,40.28,0.737894736842105,0.278258201352612,20.34,160,19,0.329709765625,0.291273046875,0,100
"both",160,1.2,TRUE,TRUE,3,5,TRUE,TRUE,"pkg.ZINQ.depthCov",0.937368421052632,0.0522695035460993,25.18,0.705789473684211,0.0475176966995852,14.14,160,19,0.329709765625,0.291273046875,0,100
"both",160,1.2,TRUE,TRUE,3,5,TRUE,TRUE,"pkg.ZINQ.noAdjust",0.967368421052632,0.324042553191489,64.07,0.933684210526316,0.571884609972858,44.07,160,19,0.329709765625,0.291273046875,0,100
"both",160,1.2,TRUE,TRUE,3,5,TRUE,TRUE,"presence(Fisher)",0.713684210526316,0.163900709219858,36.67,0.519473684210526,0.421401069598971,18.05,160,19,0.329709765625,0.291273046875,0.12,100
"both",160,1.2,TRUE,TRUE,3,5,TRUE,TRUE,"presence(logistic+depth)",0.640526315789474,0.0979432624113475,25.98,0.281052631578947,0.130329975579976,6.53,160,19,0.329709765625,0.291273046875,0,100
"both",160,1.2,TRUE,TRUE,3,5,TRUE,TRUE,"presence(logistic+depth+z)",0.647368421052631,0.0470212765957447,18.93,0.183157894736842,0.0327146464646465,3.61,160,19,0.329709765625,0.291273046875,0,100
"both",160,1.2,TRUE,TRUE,3,5,TRUE,TRUE,"prevalence(Tobit).adj",0.831052631578947,0.0539007092198582,23.39,0.572105263157895,0.0479667872976696,11.45,160,19,0.329709765625,0.291273046875,0,100
"both",160,1.2,TRUE,TRUE,3,5,TRUE,TRUE,"prevalence(Tobit).noAdj",0.83,0.161560283687943,38.55,0.683157894736842,0.342363073226616,20.47,160,19,0.329709765625,0.291273046875,0,100
"both",160,1.6,FALSE,TRUE,3,5,TRUE,TRUE,"abundance(AHC-LinDA).adj",0.977368421052632,0.0559574468085106,26.46,0.925789473684211,0.0503315648601858,18.59,160,19,0.336710546875,0.29658515625,0,100
"both",160,1.6,FALSE,TRUE,3,5,TRUE,TRUE,"abundance(AHC-LinDA).noAdj",0.97,0.0556737588652482,26.28,0.913684210526316,0.0542130151582164,18.44,160,19,0.336710546875,0.29658515625,0,100
"both",160,1.6,FALSE,TRUE,3,5,TRUE,TRUE,"obsTwo.depthCov",0.995789473684211,0.0490070921985816,25.83,0.971052631578948,0.0433643578643579,19.33,160,19,0.336710546875,0.29658515625,0,100
"both",160,1.6,FALSE,TRUE,3,5,TRUE,TRUE,"obsTwo.simple",0.993684210526316,0.0951063829787234,32.29,0.991052631578947,0.145613468311753,22.28,160,19,0.336710546875,0.29658515625,0,100
"both",160,1.6,FALSE,TRUE,3,5,TRUE,TRUE,"OMNIBUS(ACAT).adj",0.995789473684211,0.0569503546099291,26.95,0.988421052631579,0.0566544908054061,19.97,160,19,0.336710546875,0.29658515625,0,100
"both",160,1.6,FALSE,TRUE,3,5,TRUE,TRUE,"OMNIBUS(ACAT).noAdj",0.99421052631579,0.0582269503546099,27.1,0.985789473684211,0.0512616146756879,19.8,160,19,0.336710546875,0.29658515625,0,100
"both",160,1.6,FALSE,TRUE,3,5,TRUE,TRUE,"OMNIBUS(Bonf-minP).adj",0.995263157894737,0.0571631205673759,26.97,0.985263157894737,0.0544268383409115,19.86,160,19,0.336710546875,0.29658515625,0,100
"both",160,1.6,FALSE,TRUE,3,5,TRUE,TRUE,"OMNIBUS(Bonf-minP).noAdj",0.994736842105263,0.0574468085106383,27,0.982105263157895,0.0523798268728474,19.75,160,19,0.336710546875,0.29658515625,0,100
"both",160,1.6,FALSE,TRUE,3,5,TRUE,TRUE,"oracle.prev.cov",0.993157894736842,0.0474468085106383,25.56,0.943684210526316,0.0293254035266419,18.5,160,19,0.336710546875,0.29658515625,0,100
"both",160,1.6,FALSE,TRUE,3,5,TRUE,TRUE,"oracle.prev.noAdj",0.986842105263158,0.0312765957446808,23.16,0.92421052631579,0.0223606626861271,17.98,160,19,0.336710546875,0.29658515625,0.49,100
"both",160,1.6,FALSE,TRUE,3,5,TRUE,TRUE,"pkg.ANCOMBC.cov",1,0.102836879432624,33.5,1,0.189315390651466,23.71,160,19,0.336710546875,0.29658515625,0,100
"both",160,1.6,FALSE,TRUE,3,5,TRUE,TRUE,"pkg.ANCOMBC.noAdj",1,0.104964539007092,33.8,1,0.184828428482645,23.6,160,19,0.336710546875,0.29658515625,0,100
"both",160,1.6,FALSE,TRUE,3,5,TRUE,TRUE,"pkg.DESeq2.cov",0.846315789473684,0.051063829787234,23.28,0.739473684210526,0.0516378486065018,14.86,160,19,0.336710546875,0.29658515625,0,100
"both",160,1.6,FALSE,TRUE,3,5,TRUE,TRUE,"pkg.DESeq2.noAdj",0.853684210526316,0.0540425531914894,23.84,0.751052631578947,0.0582841138479683,15.23,160,19,0.336710546875,0.29658515625,0,100
"both",160,1.6,FALSE,TRUE,3,5,TRUE,TRUE,"pkg.edgeR.cov",0.897368421052632,0.0382269503546099,22.44,0.784736842105263,0.0266947059648298,15.34,160,19,0.336710546875,0.29658515625,0,100
"both",160,1.6,FALSE,TRUE,3,5,TRUE,TRUE,"pkg.edgeR.noAdj",0.908421052631579,0.0431914893617021,23.35,0.806315789473684,0.0330413050833195,15.89,160,19,0.336710546875,0.29658515625,0,100
"both",160,1.6,FALSE,TRUE,3,5,TRUE,TRUE,"pkg.metagenomeSeq.cov",0.635263157894737,0.661418439716312,105.33,0.599473684210526,0.88714703788679,100.58,160,19,0.336710546875,0.29658515625,0,100
"both",160,1.6,FALSE,TRUE,3,5,TRUE,TRUE,"pkg.metagenomeSeq.noAdj",0.931578947368421,0.213900709219858,47.86,0.902105263157895,0.404461997613977,30.46,160,19,0.336710546875,0.29658515625,0,100
"both",160,1.6,FALSE,TRUE,3,5,TRUE,TRUE,"pkg.ZINQ.cov",0.997368421052632,0.110992907801418,34.6,0.995789473684211,0.158696027662855,22.74,160,19,0.336710546875,0.29658515625,0,100
"both",160,1.6,FALSE,TRUE,3,5,TRUE,TRUE,"pkg.ZINQ.depth",0.991052631578947,0.055531914893617,26.66,0.93421052631579,0.0451947117901318,18.65,160,19,0.336710546875,0.29658515625,0,100
"both",160,1.6,FALSE,TRUE,3,5,TRUE,TRUE,"pkg.ZINQ.depthCov",0.993684210526316,0.0542553191489362,26.53,0.941052631578947,0.0539154231243846,18.96,160,19,0.336710546875,0.29658515625,0,100
"both",160,1.6,FALSE,TRUE,3,5,TRUE,TRUE,"pkg.ZINQ.noAdjust",0.996315789473684,0.109432624113475,34.36,0.992105263157895,0.149902105389949,22.45,160,19,0.336710546875,0.29658515625,0,100
"both",160,1.6,FALSE,TRUE,3,5,TRUE,TRUE,"presence(Fisher)",0.934736842105263,0.0711347517730496,27.79,0.848947368421053,0.0992405072492904,18.05,160,19,0.336710546875,0.29658515625,0.17,100
"both",160,1.6,FALSE,TRUE,3,5,TRUE,TRUE,"presence(logistic+depth)",0.858947368421053,0.0475177304964539,23.02,0.594210526315789,0.02816718004218,11.67,160,19,0.336710546875,0.29658515625,0,100
"both",160,1.6,FALSE,TRUE,3,5,TRUE,TRUE,"presence(logistic+depth+z)",0.87421052631579,0.0472340425531915,23.27,0.614736842105263,0.0303578031445678,12.09,160,19,0.336710546875,0.29658515625,0,100
"both",160,1.6,FALSE,TRUE,3,5,TRUE,TRUE,"prevalence(Tobit).adj",0.968421052631579,0.0594326241134752,26.78,0.91,0.0510563859515098,18.26,160,19,0.336710546875,0.29658515625,0,100
"both",160,1.6,FALSE,TRUE,3,5,TRUE,TRUE,"prevalence(Tobit).noAdj",0.966842105263158,0.059645390070922,26.78,0.911578947368421,0.0456765789250309,18.2,160,19,0.336710546875,0.29658515625,0,100
"both",160,1.6,TRUE,TRUE,3,5,TRUE,TRUE,"abundance(AHC-LinDA).adj",0.954736842105263,0.0580141843971631,26.32,0.876315789473684,0.0587590884179759,17.77,160,19,0.335005078125,0.295644140625,0,100
"both",160,1.6,TRUE,TRUE,3,5,TRUE,TRUE,"abundance(AHC-LinDA).noAdj",0.935789473684211,0.168439716312057,41.53,0.862105263157895,0.319729539692813,25.53,160,19,0.335005078125,0.295644140625,0,100
"both",160,1.6,TRUE,TRUE,3,5,TRUE,TRUE,"obsTwo.depthCov",0.993684210526316,0.0566666666666667,26.87,0.949473684210526,0.0516671361665809,19.09,160,19,0.335005078125,0.295644140625,0,100
"both",160,1.6,TRUE,TRUE,3,5,TRUE,TRUE,"obsTwo.simple",0.988947368421053,0.316950354609929,63.48,0.98421052631579,0.577006365051858,46.67,160,19,0.335005078125,0.295644140625,0,100
"both",160,1.6,TRUE,TRUE,3,5,TRUE,TRUE,"OMNIBUS(ACAT).adj",0.994736842105263,0.0597163120567376,27.32,0.97421052631579,0.0603012336506615,19.78,160,19,0.335005078125,0.295644140625,0,100
"both",160,1.6,TRUE,TRUE,3,5,TRUE,TRUE,"OMNIBUS(ACAT).noAdj",0.991578947368421,0.225106382978723,50.58,0.976315789473684,0.388579078987266,32.25,160,19,0.335005078125,0.295644140625,0,100
"both",160,1.6,TRUE,TRUE,3,5,TRUE,TRUE,"OMNIBUS(Bonf-minP).adj",0.993157894736842,0.0586524822695036,27.14,0.970526315789474,0.0584884378271106,19.66,160,19,0.335005078125,0.295644140625,0,100
"both",160,1.6,TRUE,TRUE,3,5,TRUE,TRUE,"OMNIBUS(Bonf-minP).noAdj",0.991052631578947,0.221205673758865,50.02,0.971578947368421,0.379296835686449,31.56,160,19,0.335005078125,0.295644140625,0,100
"both",160,1.6,TRUE,TRUE,3,5,TRUE,TRUE,"oracle.prev.cov",0.977368421052632,0.0495035460992908,25.55,0.87,0.0415913322573539,17.3,160,19,0.335005078125,0.295644140625,0,100
"both",160,1.6,TRUE,TRUE,3,5,TRUE,TRUE,"oracle.prev.noAdj",0.92421052631579,0.139432624113475,37.22,0.842631578947368,0.270622153676934,22.51,160,19,0.335005078125,0.295644140625,0.44,100
"both",160,1.6,TRUE,TRUE,3,5,TRUE,TRUE,"pkg.ANCOMBC.cov",0.998947368421053,0.114751773049645,35.16,0.998421052631579,0.220432013294338,24.64,160,19,0.335005078125,0.295644140625,0,100
"both",160,1.6,TRUE,TRUE,3,5,TRUE,TRUE,"pkg.ANCOMBC.noAdj",0.996315789473684,0.307801418439716,62.33,0.992631578947368,0.580965505328713,47.11,160,19,0.335005078125,0.295644140625,0,100
"both",160,1.6,TRUE,TRUE,3,5,TRUE,TRUE,"pkg.DESeq2.cov",0.811578947368421,0.0456028368794326,21.85,0.678947368421053,0.0302857830164332,13.36,160,19,0.335005078125,0.295644140625,0,100
"both",160,1.6,TRUE,TRUE,3,5,TRUE,TRUE,"pkg.DESeq2.noAdj",0.832105263157895,0.226737588652482,47.78,0.752105263157895,0.505318556609678,30.67,160,19,0.335005078125,0.295644140625,0,100
"both",160,1.6,TRUE,TRUE,3,5,TRUE,TRUE,"pkg.edgeR.cov",0.859473684210526,0.0360992907801418,21.42,0.743684210526316,0.0215028039555903,14.47,160,19,0.335005078125,0.295644140625,0,100
"both",160,1.6,TRUE,TRUE,3,5,TRUE,TRUE,"pkg.edgeR.noAdj",0.88,0.216170212765957,47.2,0.806842105263158,0.455994441544663,29.67,160,19,0.335005078125,0.295644140625,0,100
"both",160,1.6,TRUE,TRUE,3,5,TRUE,TRUE,"pkg.metagenomeSeq.cov",0.598947368421053,0.632553191489362,100.57,0.558947368421053,0.8880696563659,94.79,160,19,0.335005078125,0.295644140625,0,100
"both",160,1.6,TRUE,TRUE,3,5,TRUE,TRUE,"pkg.metagenomeSeq.noAdj",0.925263157894737,0.364397163120567,68.96,0.90421052631579,0.675649245083,55.06,160,19,0.335005078125,0.295644140625,0,100
"both",160,1.6,TRUE,TRUE,3,5,TRUE,TRUE,"pkg.ZINQ.cov",0.998947368421053,0.103829787234043,33.62,0.983684210526316,0.140225402892171,21.94,160,19,0.335005078125,0.295644140625,0,100
"both",160,1.6,TRUE,TRUE,3,5,TRUE,TRUE,"pkg.ZINQ.depth",0.981052631578948,0.171418439716312,42.81,0.923157894736842,0.265736430263369,25.17,160,19,0.335005078125,0.295644140625,0,100
"both",160,1.6,TRUE,TRUE,3,5,TRUE,TRUE,"pkg.ZINQ.depthCov",0.98421052631579,0.0599290780141844,27.15,0.913157894736842,0.0548393289978295,18.41,160,19,0.335005078125,0.295644140625,0,100
"both",160,1.6,TRUE,TRUE,3,5,TRUE,TRUE,"pkg.ZINQ.noAdjust",0.995263157894737,0.342198581560284,67.16,0.991578947368421,0.585953305645148,48.14,160,19,0.335005078125,0.295644140625,0,100
"both",160,1.6,TRUE,TRUE,3,5,TRUE,TRUE,"presence(Fisher)",0.892105263157895,0.167375886524823,40.55,0.8,0.357103178195689,24.48,160,19,0.335005078125,0.295644140625,0.18,100
"both",160,1.6,TRUE,TRUE,3,5,TRUE,TRUE,"presence(logistic+depth)",0.832631578947368,0.101914893617021,30.19,0.614210526315789,0.153729232735004,14.15,160,19,0.335005078125,0.295644140625,0,100
"both",160,1.6,TRUE,TRUE,3,5,TRUE,TRUE,"presence(logistic+depth+z)",0.842631578947369,0.0474468085106383,22.7,0.542631578947368,0.0319192751692752,10.69,160,19,0.335005078125,0.295644140625,0,100
"both",160,1.6,TRUE,TRUE,3,5,TRUE,TRUE,"prevalence(Tobit).adj",0.946842105263158,0.0604964539007092,26.52,0.841578947368421,0.0561066017316017,17.02,160,19,0.335005078125,0.295644140625,0,100
"both",160,1.6,TRUE,TRUE,3,5,TRUE,TRUE,"prevalence(Tobit).noAdj",0.935789473684211,0.178156028368794,42.9,0.879473684210526,0.323618639318586,25.47,160,19,0.335005078125,0.295644140625,0,100
"both",160,2,FALSE,TRUE,3,5,TRUE,TRUE,"abundance(AHC-LinDA).adj",0.958947368421053,0.0509219858156028,25.4,0.917894736842105,0.0517376287974451,18.45,160,19,0.34028046875,0.300692578125,0,100
"both",160,2,FALSE,TRUE,3,5,TRUE,TRUE,"abundance(AHC-LinDA).noAdj",0.961052631578947,0.0490780141843972,25.18,0.91,0.0504238799985704,18.26,160,19,0.34028046875,0.300692578125,0,100
"both",160,2,FALSE,TRUE,3,5,TRUE,TRUE,"obsTwo.depthCov",0.99421052631579,0.0514893617021277,26.15,0.989473684210526,0.0498138331665791,19.85,160,19,0.34028046875,0.300692578125,0,100
"both",160,2,FALSE,TRUE,3,5,TRUE,TRUE,"obsTwo.simple",0.993157894736842,0.0958156028368794,32.38,0.993157894736842,0.136382769433497,22.09,160,19,0.34028046875,0.300692578125,0,100
"both",160,2,FALSE,TRUE,3,5,TRUE,TRUE,"OMNIBUS(ACAT).adj",1,0.0563120567375886,26.94,0.996315789473684,0.0469269963446165,19.91,160,19,0.34028046875,0.300692578125,0,100
"both",160,2,FALSE,TRUE,3,5,TRUE,TRUE,"OMNIBUS(ACAT).noAdj",1,0.0560992907801418,26.91,0.994736842105263,0.0541116625555985,20.03,160,19,0.34028046875,0.300692578125,0,100
"both",160,2,FALSE,TRUE,3,5,TRUE,TRUE,"OMNIBUS(Bonf-minP).adj",1,0.0546808510638298,26.71,0.996315789473684,0.0473317582493784,19.92,160,19,0.34028046875,0.300692578125,0,100
"both",160,2,FALSE,TRUE,3,5,TRUE,TRUE,"OMNIBUS(Bonf-minP).noAdj",1,0.0538297872340425,26.59,0.993684210526316,0.0537595322297839,20,160,19,0.34028046875,0.300692578125,0,100
"both",160,2,FALSE,TRUE,3,5,TRUE,TRUE,"oracle.prev.cov",0.998947368421053,0.0458156028368794,25.44,0.995789473684211,0.0342171337434495,19.63,160,19,0.34028046875,0.300692578125,0,100
"both",160,2,FALSE,TRUE,3,5,TRUE,TRUE,"oracle.prev.noAdj",0.998421052631579,0.0305673758865248,23.28,0.992631578947368,0.0215710488342067,19.3,160,19,0.34028046875,0.300692578125,0.45,100
"both",160,2,FALSE,TRUE,3,5,TRUE,TRUE,"pkg.ANCOMBC.cov",0.997894736842105,0.0966666666666667,32.59,0.997894736842105,0.182184981354775,23.41,160,19,0.34028046875,0.300692578125,0,100
"both",160,2,FALSE,TRUE,3,5,TRUE,TRUE,"pkg.ANCOMBC.noAdj",0.997894736842105,0.0978014184397163,32.75,0.997894736842105,0.172964570369033,23.13,160,19,0.34028046875,0.300692578125,0,100
"both",160,2,FALSE,TRUE,3,5,TRUE,TRUE,"pkg.DESeq2.cov",0.839473684210526,0.0536879432624113,23.52,0.744210526315789,0.063859291863145,15.22,160,19,0.34028046875,0.300692578125,0,100
"both",160,2,FALSE,TRUE,3,5,TRUE,TRUE,"pkg.DESeq2.noAdj",0.85,0.0568794326241135,24.17,0.761578947368421,0.0632792460807167,15.56,160,19,0.34028046875,0.300692578125,0,100
"both",160,2,FALSE,TRUE,3,5,TRUE,TRUE,"pkg.edgeR.cov",0.888947368421053,0.0365957446808511,22.05,0.810526315789474,0.0285761237816191,15.89,160,19,0.34028046875,0.300692578125,0,100
"both",160,2,FALSE,TRUE,3,5,TRUE,TRUE,"pkg.edgeR.noAdj",0.909473684210526,0.0409929078014184,23.06,0.831578947368421,0.0314823247787644,16.35,160,19,0.34028046875,0.300692578125,0,100
"both",160,2,FALSE,TRUE,3,5,TRUE,TRUE,"pkg.metagenomeSeq.cov",0.626842105263158,0.674326241134752,106.99,0.595263157894737,0.888838312884148,101.83,160,19,0.34028046875,0.300692578125,0,100
"both",160,2,FALSE,TRUE,3,5,TRUE,TRUE,"pkg.metagenomeSeq.noAdj",0.877894736842105,0.208723404255319,46.11,0.840526315789474,0.406021850204658,28.19,160,19,0.34028046875,0.300692578125,0,100
"both",160,2,FALSE,TRUE,3,5,TRUE,TRUE,"pkg.ZINQ.cov",0.997368421052632,0.112836879432624,34.86,0.996842105263158,0.154894743657901,22.64,160,19,0.34028046875,0.300692578125,0.04,100
"both",160,2,FALSE,TRUE,3,5,TRUE,TRUE,"pkg.ZINQ.depth",0.995263157894737,0.0527659574468085,26.35,0.980526315789474,0.0429766750539062,19.52,160,19,0.34028046875,0.300692578125,0.04,100
"both",160,2,FALSE,TRUE,3,5,TRUE,TRUE,"pkg.ZINQ.depthCov",0.996315789473684,0.0531205673758865,26.42,0.982105263157895,0.0504687038743102,19.73,160,19,0.34028046875,0.300692578125,0.04,100
"both",160,2,FALSE,TRUE,3,5,TRUE,TRUE,"pkg.ZINQ.noAdjust",0.997368421052632,0.108652482269504,34.27,0.997368421052632,0.157460694097743,22.76,160,19,0.34028046875,0.300692578125,0.04,100
"both",160,2,FALSE,TRUE,3,5,TRUE,TRUE,"presence(Fisher)",0.978947368421053,0.0683687943262411,28.24,0.951052631578947,0.0868005746139613,19.91,160,19,0.34028046875,0.300692578125,0.2,100
"both",160,2,FALSE,TRUE,3,5,TRUE,TRUE,"presence(logistic+depth)",0.96,0.0443971631205674,24.5,0.858947368421053,0.0266810469801956,16.8,160,19,0.34028046875,0.300692578125,0,100
"both",160,2,FALSE,TRUE,3,5,TRUE,TRUE,"presence(logistic+depth+z)",0.960526315789474,0.0454609929078014,24.66,0.875789473684211,0.0307442319032876,17.21,160,19,0.34028046875,0.300692578125,0,100
"both",160,2,FALSE,TRUE,3,5,TRUE,TRUE,"prevalence(Tobit).adj",0.992631578947368,0.055886524822695,26.74,0.975789473684211,0.0502081257161349,19.57,160,19,0.34028046875,0.300692578125,0,100
"both",160,2,FALSE,TRUE,3,5,TRUE,TRUE,"prevalence(Tobit).noAdj",0.992631578947368,0.055886524822695,26.74,0.977894736842105,0.0527525269035566,19.67,160,19,0.34028046875,0.300692578125,0,100
"both",160,2,TRUE,TRUE,3,5,TRUE,TRUE,"abundance(AHC-LinDA).adj",0.950526315789474,0.0534042553191489,25.59,0.912631578947369,0.0586567063827126,18.49,160,19,0.340447265625,0.300198046875,0,100
"both",160,2,TRUE,TRUE,3,5,TRUE,TRUE,"abundance(AHC-LinDA).noAdj",0.95,0.16822695035461,41.77,0.907894736842105,0.319763202723698,26.75,160,19,0.340447265625,0.300198046875,0,100
"both",160,2,TRUE,TRUE,3,5,TRUE,TRUE,"obsTwo.depthCov",0.995263157894737,0.0514893617021276,26.17,0.977894736842105,0.0560932326424317,19.82,160,19,0.340447265625,0.300198046875,0,100
"both",160,2,TRUE,TRUE,3,5,TRUE,TRUE,"obsTwo.simple",0.992631578947368,0.320851063829787,64.1,0.990526315789474,0.576053163355558,46.74,160,19,0.340447265625,0.300198046875,0,100
"both",160,2,TRUE,TRUE,3,5,TRUE,TRUE,"OMNIBUS(ACAT).adj",0.998421052631579,0.0558156028368794,26.84,0.993684210526316,0.0532879940425707,20.02,160,19,0.340447265625,0.300198046875,0,100
"both",160,2,TRUE,TRUE,3,5,TRUE,TRUE,"OMNIBUS(ACAT).noAdj",0.997894736842105,0.219148936170213,49.86,0.993684210526316,0.382802793840791,32.25,160,19,0.340447265625,0.300198046875,0,100
"both",160,2,TRUE,TRUE,3,5,TRUE,TRUE,"OMNIBUS(Bonf-minP).adj",0.998421052631579,0.0554609929078014,26.79,0.992631578947368,0.053768184142326,20.01,160,19,0.340447265625,0.300198046875,0,100
"both",160,2,TRUE,TRUE,3,5,TRUE,TRUE,"OMNIBUS(Bonf-minP).noAdj",0.998421052631579,0.212269503546099,48.9,0.990526315789474,0.379064688025192,31.8,160,19,0.340447265625,0.300198046875,0,100
"both",160,2,TRUE,TRUE,3,5,TRUE,TRUE,"oracle.prev.cov",0.998421052631579,0.0456737588652482,25.41,0.983684210526316,0.0321004974557606,19.35,160,19,0.340447265625,0.300198046875,0,100
"both",160,2,TRUE,TRUE,3,5,TRUE,TRUE,"oracle.prev.noAdj",0.985789473684211,0.134609929078014,37.71,0.958421052631579,0.254575033049292,25.11,160,19,0.340447265625,0.300198046875,0.35,100
"both",160,2,TRUE,TRUE,3,5,TRUE,TRUE,"pkg.ANCOMBC.cov",0.998947368421053,0.110496453900709,34.56,0.998421052631579,0.21657763983116,24.51,160,19,0.340447265625,0.300198046875,0,100
"both",160,2,TRUE,TRUE,3,5,TRUE,TRUE,"pkg.ANCOMBC.noAdj",0.997368421052632,0.303049645390071,61.68,0.997368421052632,0.569415492677994,46.33,160,19,0.340447265625,0.300198046875,0,100
"both",160,2,TRUE,TRUE,3,5,TRUE,TRUE,"pkg.DESeq2.cov",0.824736842105263,0.0492198581560284,22.61,0.713157894736842,0.0503941759247318,14.36,160,19,0.340447265625,0.300198046875,0,100
"both",160,2,TRUE,TRUE,3,5,TRUE,TRUE,"pkg.DESeq2.noAdj",0.842105263157895,0.223120567375887,47.46,0.777894736842105,0.493036024648865,30.9,160,19,0.340447265625,0.300198046875,0,100
"both",160,2,TRUE,TRUE,3,5,TRUE,TRUE,"pkg.edgeR.cov",0.88,0.0346099290780142,21.6,0.773157894736842,0.0252572024321082,15.12,160,19,0.340447265625,0.300198046875,0,100
"both",160,2,TRUE,TRUE,3,5,TRUE,TRUE,"pkg.edgeR.noAdj",0.892631578947369,0.208439716312057,46.35,0.833684210526316,0.435109526146877,29.7,160,19,0.340447265625,0.300198046875,0,100
"both",160,2,TRUE,TRUE,3,5,TRUE,TRUE,"pkg.metagenomeSeq.cov",0.584736842105263,0.627163120567376,99.54,0.548421052631579,0.888364106992663,93.24,160,19,0.340447265625,0.300198046875,0,100
"both",160,2,TRUE,TRUE,3,5,TRUE,TRUE,"pkg.metagenomeSeq.noAdj",0.889473684210526,0.383191489361702,70.93,0.868421052631579,0.705559821847535,58.12,160,19,0.340447265625,0.300198046875,0,100
"both",160,2,TRUE,TRUE,3,5,TRUE,TRUE,"pkg.ZINQ.cov",0.998421052631579,0.114751773049645,35.15,0.996315789473684,0.159431415646685,23.26,160,19,0.340447265625,0.300198046875,0.01,100
"both",160,2,TRUE,TRUE,3,5,TRUE,TRUE,"pkg.ZINQ.depth",0.99421052631579,0.172978723404255,43.28,0.967894736842105,0.257759775340879,25.98,160,19,0.340447265625,0.300198046875,0.01,100
"both",160,2,TRUE,TRUE,3,5,TRUE,TRUE,"pkg.ZINQ.depthCov",0.996842105263158,0.0594326241134752,27.32,0.970526315789474,0.0613312835861418,19.82,160,19,0.340447265625,0.300198046875,0.01,100
"both",160,2,TRUE,TRUE,3,5,TRUE,TRUE,"pkg.ZINQ.noAdjust",0.997368421052632,0.337304964539007,66.51,0.994736842105263,0.584754763470291,47.87,160,19,0.340447265625,0.300198046875,0.01,100
"both",160,2,TRUE,TRUE,3,5,TRUE,TRUE,"presence(Fisher)",0.953684210526316,0.161489361702128,40.89,0.922105263157895,0.330320834578326,26.84,160,19,0.340447265625,0.300198046875,0.16,100
"both",160,2,TRUE,TRUE,3,5,TRUE,TRUE,"presence(logistic+depth)",0.92,0.101489361702128,31.79,0.79578947368421,0.113790943395009,17.37,160,19,0.340447265625,0.300198046875,0,100
"both",160,2,TRUE,TRUE,3,5,TRUE,TRUE,"presence(logistic+depth+z)",0.94,0.0458156028368794,24.32,0.797894736842105,0.0338165488192578,15.72,160,19,0.340447265625,0.300198046875,0,100
"both",160,2,TRUE,TRUE,3,5,TRUE,TRUE,"prevalence(Tobit).adj",0.979473684210526,0.055177304964539,26.39,0.95,0.0525773061072428,19.14,160,19,0.340447265625,0.300198046875,0,100
"both",160,2,TRUE,TRUE,3,5,TRUE,TRUE,"prevalence(Tobit).noAdj",0.976842105263158,0.169007092198582,42.39,0.953157894736842,0.310536282945801,26.94,160,19,0.340447265625,0.300198046875,0,100
"both",160,2.6,FALSE,TRUE,3,5,TRUE,TRUE,"abundance(AHC-LinDA).adj",0.83421052631579,0.0573049645390071,23.93,0.796842105263158,0.0550114395520574,16.06,160,19,0.34747421875,0.306569921875,0,100
"both",160,2.6,FALSE,TRUE,3,5,TRUE,TRUE,"abundance(AHC-LinDA).noAdj",0.832631578947369,0.0528368794326241,23.27,0.791052631578947,0.0524647322062183,15.92,160,19,0.34747421875,0.306569921875,0,100
"both",160,2.6,FALSE,TRUE,3,5,TRUE,TRUE,"obsTwo.depthCov",0.968421052631579,0.0645390070921986,27.5,0.966842105263158,0.0594338162597686,19.71,160,19,0.34747421875,0.306569921875,0,100
"both",160,2.6,FALSE,TRUE,3,5,TRUE,TRUE,"obsTwo.simple",0.968421052631579,0.116879432624113,34.88,0.968421052631579,0.194962674749942,23.65,160,19,0.34747421875,0.306569921875,0,100
"both",160,2.6,FALSE,TRUE,3,5,TRUE,TRUE,"OMNIBUS(ACAT).adj",0.996315789473684,0.0614893617021277,27.6,0.993684210526316,0.0560654333462113,20.08,160,19,0.34747421875,0.306569921875,0,100
"both",160,2.6,FALSE,TRUE,3,5,TRUE,TRUE,"OMNIBUS(ACAT).noAdj",1,0.0621985815602837,27.77,0.998421052631579,0.060159059209288,20.26,160,19,0.34747421875,0.306569921875,0,100
"both",160,2.6,FALSE,TRUE,3,5,TRUE,TRUE,"OMNIBUS(Bonf-minP).adj",0.996315789473684,0.060354609929078,27.44,0.993684210526316,0.0545178142985923,20.05,160,19,0.34747421875,0.306569921875,0,100
"both",160,2.6,FALSE,TRUE,3,5,TRUE,TRUE,"OMNIBUS(Bonf-minP).noAdj",0.999473684210526,0.0602127659574468,27.48,0.998421052631579,0.058851006468741,20.23,160,19,0.34747421875,0.306569921875,0,100
"both",160,2.6,FALSE,TRUE,3,5,TRUE,TRUE,"oracle.prev.cov",0.998947368421053,0.0474468085106383,25.67,0.996842105263158,0.0311305536568694,19.58,160,19,0.34747421875,0.306569921875,0,100
"both",160,2.6,FALSE,TRUE,3,5,TRUE,TRUE,"oracle.prev.noAdj",1,0.0313475177304965,23.42,0.998421052631579,0.0246240601503759,19.47,160,19,0.34747421875,0.306569921875,0.36,100
"both",160,2.6,FALSE,TRUE,3,5,TRUE,TRUE,"pkg.ANCOMBC.cov",0.988947368421053,0.0980851063829787,32.62,0.987894736842105,0.181460967136294,23.18,160,19,0.34747421875,0.306569921875,0,100
"both",160,2.6,FALSE,TRUE,3,5,TRUE,TRUE,"pkg.ANCOMBC.noAdj",0.988421052631579,0.0992198581560284,32.77,0.987894736842105,0.175988089706035,23.03,160,19,0.34747421875,0.306569921875,0,100
"both",160,2.6,FALSE,TRUE,3,5,TRUE,TRUE,"pkg.DESeq2.cov",0.849473684210526,0.0570921985815603,24.19,0.748947368421053,0.0654424293886368,15.31,160,19,0.34747421875,0.306569921875,0,100
"both",160,2.6,FALSE,TRUE,3,5,TRUE,TRUE,"pkg.DESeq2.noAdj",0.829473684210526,0.0624822695035461,24.57,0.759473684210526,0.0662057770772773,15.56,160,19,0.34747421875,0.306569921875,0,100
"both",160,2.6,FALSE,TRUE,3,5,TRUE,TRUE,"pkg.edgeR.cov",0.901578947368421,0.0332624113475177,21.82,0.82,0.0188407292741658,15.9,160,19,0.34747421875,0.306569921875,0,100
"both",160,2.6,FALSE,TRUE,3,5,TRUE,TRUE,"pkg.edgeR.noAdj",0.926315789473684,0.0387234042553192,23.06,0.858421052631579,0.0244118635492475,16.74,160,19,0.34747421875,0.306569921875,0,100
"both",160,2.6,FALSE,TRUE,3,5,TRUE,TRUE,"pkg.metagenomeSeq.cov",0.567894736842105,0.662553191489362,104.21,0.528947368421053,0.898436707977148,99.17,160,19,0.34747421875,0.306569921875,0,100
"both",160,2.6,FALSE,TRUE,3,5,TRUE,TRUE,"pkg.metagenomeSeq.noAdj",0.837368421052632,0.221560283687943,47.15,0.792105263157895,0.444901693690521,28.65,160,19,0.34747421875,0.306569921875,0,100
"both",160,2.6,FALSE,TRUE,3,5,TRUE,TRUE,"pkg.ZINQ.cov",0.988947368421053,0.142624113475177,38.9,0.988421052631579,0.216181127108006,24.91,160,19,0.34747421875,0.306569921875,0.21,100
"both",160,2.6,FALSE,TRUE,3,5,TRUE,TRUE,"pkg.ZINQ.depth",0.987368421052632,0.0666666666666667,28.16,0.979473684210526,0.061911305981376,19.96,160,19,0.34747421875,0.306569921875,0.21,100
"both",160,2.6,FALSE,TRUE,3,5,TRUE,TRUE,"pkg.ZINQ.depthCov",0.987368421052632,0.0685106382978723,28.42,0.981052631578948,0.0694436180277907,20.19,160,19,0.34747421875,0.306569921875,0.21,100
"both",160,2.6,FALSE,TRUE,3,5,TRUE,TRUE,"pkg.ZINQ.noAdjust",0.988947368421053,0.132056737588653,37.41,0.987894736842105,0.21546714090322,24.72,160,19,0.34747421875,0.306569921875,0.21,100
"both",160,2.6,FALSE,TRUE,3,5,TRUE,TRUE,"presence(Fisher)",0.994736842105263,0.0638297872340425,27.9,0.985789473684211,0.0957278017854676,20.83,160,19,0.34747421875,0.306569921875,0.15,100
"both",160,2.6,FALSE,TRUE,3,5,TRUE,TRUE,"presence(logistic+depth)",0.977368421052632,0.0507801418439716,25.73,0.947894736842105,0.0412410894320977,18.83,160,19,0.34747421875,0.306569921875,0,100
"both",160,2.6,FALSE,TRUE,3,5,TRUE,TRUE,"presence(logistic+depth+z)",0.977368421052632,0.0512056737588652,25.79,0.950526315789474,0.0408734658276319,18.88,160,19,0.34747421875,0.306569921875,0,100
"both",160,2.6,FALSE,TRUE,3,5,TRUE,TRUE,"prevalence(Tobit).adj",0.995789473684211,0.0605673758865248,27.46,0.991052631578947,0.0576609161243028,20.05,160,19,0.34747421875,0.306569921875,0,100
"both",160,2.6,FALSE,TRUE,3,5,TRUE,TRUE,"prevalence(Tobit).noAdj",0.997894736842105,0.0652482269503546,28.16,0.994736842105263,0.0615283604267586,20.23,160,19,0.34747421875,0.306569921875,0,100
"both",160,2.6,TRUE,TRUE,3,5,TRUE,TRUE,"abundance(AHC-LinDA).adj",0.837368421052632,0.0541843971631206,23.55,0.794736842105263,0.060671740708253,16.17,160,19,0.34882734375,0.308421484375,0,100
"both",160,2.6,TRUE,TRUE,3,5,TRUE,TRUE,"abundance(AHC-LinDA).noAdj",0.826315789473684,0.160921985815603,38.39,0.787894736842105,0.292674119810723,22.88,160,19,0.34882734375,0.308421484375,0,100
"both",160,2.6,TRUE,TRUE,3,5,TRUE,TRUE,"obsTwo.depthCov",0.971052631578948,0.0564539007092198,26.41,0.97,0.0503569092361998,19.48,160,19,0.34882734375,0.308421484375,0,100
"both",160,2.6,TRUE,TRUE,3,5,TRUE,TRUE,"obsTwo.simple",0.971052631578948,0.306950354609929,61.73,0.971052631578948,0.563211111963895,45.05,160,19,0.34882734375,0.308421484375,0,100
"both",160,2.6,TRUE,TRUE,3,5,TRUE,TRUE,"OMNIBUS(ACAT).adj",0.999473684210526,0.0587943262411348,27.28,0.997368421052632,0.0577174484850686,20.19,160,19,0.34882734375,0.308421484375,0,100
"both",160,2.6,TRUE,TRUE,3,5,TRUE,TRUE,"OMNIBUS(ACAT).noAdj",0.999473684210526,0.21113475177305,48.76,0.998947368421053,0.352562021886447,31.14,160,19,0.34882734375,0.308421484375,0,100
"both",160,2.6,TRUE,TRUE,3,5,TRUE,TRUE,"OMNIBUS(Bonf-minP).adj",1,0.0566666666666667,26.99,0.997368421052632,0.0571068664744866,20.17,160,19,0.34882734375,0.308421484375,0,100
"both",160,2.6,TRUE,TRUE,3,5,TRUE,TRUE,"OMNIBUS(Bonf-minP).noAdj",0.999473684210526,0.203617021276596,47.7,0.998947368421053,0.344374577278231,30.68,160,19,0.34882734375,0.308421484375,0,100
"both",160,2.6,TRUE,TRUE,3,5,TRUE,TRUE,"oracle.prev.cov",0.998947368421053,0.0478014184397163,25.72,0.998947368421053,0.0305566188197767,19.6,160,19,0.34882734375,0.308421484375,0,100
"both",160,2.6,TRUE,TRUE,3,5,TRUE,TRUE,"oracle.prev.noAdj",0.998947368421053,0.131347517730496,37.5,0.996842105263158,0.222246995589659,24.82,160,19,0.34882734375,0.308421484375,0.28,100
"both",160,2.6,TRUE,TRUE,3,5,TRUE,TRUE,"pkg.ANCOMBC.cov",0.992105263157895,0.118794326241135,35.6,0.991578947368421,0.225436581590864,24.82,160,19,0.34882734375,0.308421484375,0,100
"both",160,2.6,TRUE,TRUE,3,5,TRUE,TRUE,"pkg.ANCOMBC.noAdj",0.992105263157895,0.301631205673759,61.38,0.992105263157895,0.572650322632043,47.27,160,19,0.34882734375,0.308421484375,0,100
"both",160,2.6,TRUE,TRUE,3,5,TRUE,TRUE,"pkg.DESeq2.cov",0.814210526315789,0.0500709219858156,22.53,0.693684210526316,0.0465401417897548,13.88,160,19,0.34882734375,0.308421484375,0,100
"both",160,2.6,TRUE,TRUE,3,5,TRUE,TRUE,"pkg.DESeq2.noAdj",0.798947368421053,0.227375886524823,47.24,0.753684210526316,0.504400093989435,31.19,160,19,0.34882734375,0.308421484375,0,100
"both",160,2.6,TRUE,TRUE,3,5,TRUE,TRUE,"pkg.edgeR.cov",0.867368421052632,0.033758865248227,21.24,0.783157894736842,0.0188185537372844,15.2,160,19,0.34882734375,0.308421484375,0,100
"both",160,2.6,TRUE,TRUE,3,5,TRUE,TRUE,"pkg.edgeR.noAdj",0.89421052631579,0.203687943262411,45.71,0.842105263157895,0.420733901348322,29.11,160,19,0.34882734375,0.308421484375,0,100
"both",160,2.6,TRUE,TRUE,3,5,TRUE,TRUE,"pkg.metagenomeSeq.cov",0.54,0.63354609929078,99.59,0.498421052631579,0.89819894760195,93.16,160,19,0.34882734375,0.308421484375,0,100
"both",160,2.6,TRUE,TRUE,3,5,TRUE,TRUE,"pkg.metagenomeSeq.noAdj",0.841052631578947,0.373829787234043,68.69,0.804736842105263,0.705599834411788,54.61,160,19,0.34882734375,0.308421484375,0,100
"both",160,2.6,TRUE,TRUE,3,5,TRUE,TRUE,"pkg.ZINQ.cov",0.992631578947368,0.11468085106383,35.03,0.992631578947368,0.148899800583049,22.45,160,19,0.34882734375,0.308421484375,0.14,100
"both",160,2.6,TRUE,TRUE,3,5,TRUE,TRUE,"pkg.ZINQ.depth",0.992105263157895,0.164964539007092,42.11,0.987368421052632,0.248262733264818,26.22,160,19,0.34882734375,0.308421484375,0.14,100
"both",160,2.6,TRUE,TRUE,3,5,TRUE,TRUE,"pkg.ZINQ.depthCov",0.991052631578947,0.0611347517730497,27.45,0.988421052631579,0.0480611509009678,19.8,160,19,0.34882734375,0.308421484375,0.14,100
"both",160,2.6,TRUE,TRUE,3,5,TRUE,TRUE,"pkg.ZINQ.noAdjust",0.992105263157895,0.326666666666667,64.91,0.992105263157895,0.559889317166145,45.77,160,19,0.34882734375,0.308421484375,0.14,100
"both",160,2.6,TRUE,TRUE,3,5,TRUE,TRUE,"presence(Fisher)",0.991052631578947,0.160212765957447,41.42,0.984736842105263,0.307107241124056,27.62,160,19,0.34882734375,0.308421484375,0.12,100
"both",160,2.6,TRUE,TRUE,3,5,TRUE,TRUE,"presence(logistic+depth)",0.976315789473684,0.0982978723404255,32.41,0.947368421052632,0.133841247192257,21.02,160,19,0.34882734375,0.308421484375,0,100
"both",160,2.6,TRUE,TRUE,3,5,TRUE,TRUE,"presence(logistic+depth+z)",0.985263157894737,0.0483687943262411,25.54,0.95,0.0337440543202927,18.71,160,19,0.34882734375,0.308421484375,0,100
"both",160,2.6,TRUE,TRUE,3,5,TRUE,TRUE,"prevalence(Tobit).adj",0.998947368421053,0.0587234042553191,27.26,0.992631578947368,0.0549237206983202,20,160,19,0.34882734375,0.308421484375,0,100
"both",160,2.6,TRUE,TRUE,3,5,TRUE,TRUE,"prevalence(Tobit).noAdj",0.997368421052632,0.170425531914894,42.98,0.992105263157895,0.293316028597328,27.31,160,19,0.34882734375,0.308421484375,0,100
"both",320,0.8,FALSE,TRUE,3,5,TRUE,TRUE,"abundance(AHC-LinDA).adj",0.95,0.0571631205673759,26.11,0.844736842105263,0.0567069069561329,17.07,160,19,0.3250537109375,0.2857869140625,0,100
"both",320,0.8,FALSE,TRUE,3,5,TRUE,TRUE,"abundance(AHC-LinDA).noAdj",0.93,0.055531914893617,25.5,0.805263157894737,0.0609171294821449,16.39,160,19,0.3250537109375,0.2857869140625,0,100
"both",320,0.8,FALSE,TRUE,3,5,TRUE,TRUE,"obsTwo.depthCov",0.971578947368421,0.0513475177304965,25.7,0.868421052631579,0.0431414854924917,17.3,160,19,0.3250537109375,0.2857869140625,0,100
"both",320,0.8,FALSE,TRUE,3,5,TRUE,TRUE,"obsTwo.simple",0.97421052631579,0.153333333333333,40.13,0.95,0.331989928432263,27.55,160,19,0.3250537109375,0.2857869140625,0,100
"both",320,0.8,FALSE,TRUE,3,5,TRUE,TRUE,"OMNIBUS(ACAT).adj",0.981052631578948,0.0624113475177305,27.44,0.913684210526316,0.0558583753278026,18.43,160,19,0.3250537109375,0.2857869140625,0,100
"both",320,0.8,FALSE,TRUE,3,5,TRUE,TRUE,"OMNIBUS(ACAT).noAdj",0.972631578947369,0.0686524822695035,28.16,0.89,0.0743342419104803,18.33,160,19,0.3250537109375,0.2857869140625,0,100
"both",320,0.8,FALSE,TRUE,3,5,TRUE,TRUE,"OMNIBUS(Bonf-minP).adj",0.976842105263158,0.0629078014184397,27.43,0.907368421052632,0.0573678654077261,18.33,160,19,0.3250537109375,0.2857869140625,0,100
"both",320,0.8,FALSE,TRUE,3,5,TRUE,TRUE,"OMNIBUS(Bonf-minP).noAdj",0.968421052631579,0.0678014184397163,27.96,0.876842105263158,0.0735871238754366,18.04,160,19,0.3250537109375,0.2857869140625,0,100
"both",320,0.8,FALSE,TRUE,3,5,TRUE,TRUE,"oracle.prev.cov",0.879473684210526,0.0490070921985816,23.62,0.579473684210526,0.0381126096126096,11.47,160,19,0.3250537109375,0.2857869140625,0,100
"both",320,0.8,FALSE,TRUE,3,5,TRUE,TRUE,"oracle.prev.noAdj",0.83421052631579,0.0375177304964539,21.14,0.511578947368421,0.0318063325563326,10.07,160,19,0.3250537109375,0.2857869140625,0.04,100
"both",320,0.8,FALSE,TRUE,3,5,TRUE,TRUE,"pkg.ANCOMBC.cov",0.994736842105263,0.129078014184397,37.1,0.99,0.27784657938404,26.47,160,19,0.3250537109375,0.2857869140625,0,100
"both",320,0.8,FALSE,TRUE,3,5,TRUE,TRUE,"pkg.ANCOMBC.noAdj",0.992631578947368,0.131985815602837,37.47,0.983684210526316,0.287881892332126,26.86,160,19,0.3250537109375,0.2857869140625,0,100
"both",320,0.8,FALSE,TRUE,3,5,TRUE,TRUE,"pkg.DESeq2.cov",0.863684210526316,0.0575177304964539,24.52,0.722105263157895,0.0611438049506767,14.7,160,19,0.3250537109375,0.2857869140625,0,100
"both",320,0.8,FALSE,TRUE,3,5,TRUE,TRUE,"pkg.DESeq2.noAdj",0.866315789473684,0.061063829787234,25.07,0.723684210526316,0.0691974258541596,14.89,160,19,0.3250537109375,0.2857869140625,0,100
"both",320,0.8,FALSE,TRUE,3,5,TRUE,TRUE,"pkg.edgeR.cov",0.891052631578947,0.0517730496453901,24.23,0.768947368421053,0.0406458875232095,15.29,160,19,0.3250537109375,0.2857869140625,0,100
"both",320,0.8,FALSE,TRUE,3,5,TRUE,TRUE,"pkg.edgeR.noAdj",0.893157894736842,0.0588652482269504,25.27,0.773684210526316,0.0535014759492313,15.63,160,19,0.3250537109375,0.2857869140625,0,100
"both",320,0.8,FALSE,TRUE,3,5,TRUE,TRUE,"pkg.metagenomeSeq.cov",0.758421052631579,0.756241134751773,121.04,0.739473684210526,0.881426432744239,118.45,160,19,0.3250537109375,0.2857869140625,0,100
"both",320,0.8,FALSE,TRUE,3,5,TRUE,TRUE,"pkg.metagenomeSeq.noAdj",0.962631578947369,0.274893617021277,57.05,0.937368421052632,0.522683186611955,39.41,160,19,0.3250537109375,0.2857869140625,0,100
"both",320,0.8,FALSE,TRUE,3,5,TRUE,TRUE,"pkg.ZINQ.cov",0.988421052631579,0.156382978723404,40.83,0.963157894736842,0.307768216898675,26.9,160,19,0.3250537109375,0.2857869140625,0,100
"both",320,0.8,FALSE,TRUE,3,5,TRUE,TRUE,"pkg.ZINQ.depth",0.94421052631579,0.0508510638297872,25.11,0.72,0.0435172794611649,14.38,160,19,0.3250537109375,0.2857869140625,0,100
"both",320,0.8,FALSE,TRUE,3,5,TRUE,TRUE,"pkg.ZINQ.depthCov",0.955263157894737,0.0512056737588652,25.37,0.763684210526316,0.0430745882346367,15.23,160,19,0.3250537109375,0.2857869140625,0,100
"both",320,0.8,FALSE,TRUE,3,5,TRUE,TRUE,"pkg.ZINQ.noAdjust",0.98,0.154822695035461,40.45,0.945263157894737,0.314507919065096,26.72,160,19,0.3250537109375,0.2857869140625,0,100
"both",320,0.8,FALSE,TRUE,3,5,TRUE,TRUE,"presence(Fisher)",0.674736842105263,0.129290780141844,31.05,0.381052631578947,0.373994879166241,12.16,160,19,0.3250537109375,0.2857869140625,0.01,100
"both",320,0.8,FALSE,TRUE,3,5,TRUE,TRUE,"presence(logistic+depth)",0.595789473684211,0.0474468085106383,18.01,0.19,0.0308055555555556,3.77,160,19,0.3250537109375,0.2857869140625,0,100
"both",320,0.8,FALSE,TRUE,3,5,TRUE,TRUE,"presence(logistic+depth+z)",0.608947368421053,0.0491489361702128,18.5,0.193157894736842,0.0297063492063492,3.82,160,19,0.3250537109375,0.2857869140625,0,100
"both",320,0.8,FALSE,TRUE,3,5,TRUE,TRUE,"prevalence(Tobit).adj",0.84,0.0641843971631205,25.01,0.593157894736842,0.0557084582084582,12,160,19,0.3250537109375,0.2857869140625,0,100
"both",320,0.8,FALSE,TRUE,3,5,TRUE,TRUE,"prevalence(Tobit).noAdj",0.828947368421053,0.0724822695035461,25.97,0.594736842105263,0.0870695727561053,12.48,160,19,0.3250537109375,0.2857869140625,0,100
"both",320,0.8,TRUE,TRUE,3,5,TRUE,TRUE,"abundance(AHC-LinDA).adj",0.931578947368421,0.0574468085106383,25.8,0.816315789473684,0.056699441081794,16.48,160,19,0.323528125,0.2848177734375,0,100
"both",320,0.8,TRUE,TRUE,3,5,TRUE,TRUE,"abundance(AHC-LinDA).noAdj",0.831578947368421,0.259503546099291,52.39,0.739473684210526,0.564945181510602,34.76,160,19,0.323528125,0.2848177734375,0,100
"both",320,0.8,TRUE,TRUE,3,5,TRUE,TRUE,"obsTwo.depthCov",0.962105263157895,0.0477304964539007,25.01,0.832631578947369,0.0427378192413022,16.59,160,19,0.323528125,0.2848177734375,0,100
"both",320,0.8,TRUE,TRUE,3,5,TRUE,TRUE,"obsTwo.simple",0.913157894736842,0.504468085106383,88.48,0.898421052631579,0.772755129302258,76.74,160,19,0.323528125,0.2848177734375,0,100
"both",320,0.8,TRUE,TRUE,3,5,TRUE,TRUE,"OMNIBUS(ACAT).adj",0.973157894736842,0.0612056737588652,27.12,0.892631578947368,0.068113296275448,18.26,160,19,0.323528125,0.2848177734375,0,100
"both",320,0.8,TRUE,TRUE,3,5,TRUE,TRUE,"OMNIBUS(ACAT).noAdj",0.936315789473684,0.359503546099291,68.48,0.885789473684211,0.64808171846518,50.79,160,19,0.323528125,0.2848177734375,0,100
"both",320,0.8,TRUE,TRUE,3,5,TRUE,TRUE,"OMNIBUS(Bonf-minP).adj",0.967368421052632,0.0591489361702128,26.72,0.883684210526316,0.0675739264605364,18.06,160,19,0.323528125,0.2848177734375,0,100
"both",320,0.8,TRUE,TRUE,3,5,TRUE,TRUE,"OMNIBUS(Bonf-minP).noAdj",0.928421052631579,0.348936170212766,66.84,0.880526315789474,0.641839348075621,49.75,160,19,0.323528125,0.2848177734375,0,100
"both",320,0.8,TRUE,TRUE,3,5,TRUE,TRUE,"oracle.prev.cov",0.804210526315789,0.045531914893617,21.7,0.422631578947368,0.0332220834720835,8.37,160,19,0.323528125,0.2848177734375,0,100
"both",320,0.8,TRUE,TRUE,3,5,TRUE,TRUE,"oracle.prev.noAdj",0.716842105263158,0.23113475177305,46.21,0.575789473684211,0.566306083091975,26.52,160,19,0.323528125,0.2848177734375,0.01,100
"both",320,0.8,TRUE,TRUE,3,5,TRUE,TRUE,"pkg.ANCOMBC.cov",0.988947368421053,0.128014184397163,36.84,0.981578947368421,0.276831761228454,26.2,160,19,0.323528125,0.2848177734375,0,100
"both",320,0.8,TRUE,TRUE,3,5,TRUE,TRUE,"pkg.ANCOMBC.noAdj",0.925263157894737,0.403475177304965,74.47,0.908947368421053,0.715730623732863,62.56,160,19,0.323528125,0.2848177734375,0,100
"both",320,0.8,TRUE,TRUE,3,5,TRUE,TRUE,"pkg.DESeq2.cov",0.859473684210526,0.0460283687943262,22.82,0.705789473684211,0.0478504107261847,14.15,160,19,0.323528125,0.2848177734375,0,100
"both",320,0.8,TRUE,TRUE,3,5,TRUE,TRUE,"pkg.DESeq2.noAdj",0.808947368421053,0.34063829787234,63.4,0.744736842105263,0.689673510593302,47.21,160,19,0.323528125,0.2848177734375,0,100
"both",320,0.8,TRUE,TRUE,3,5,TRUE,TRUE,"pkg.edgeR.cov",0.88421052631579,0.0439007092198582,22.99,0.741578947368421,0.043335108089365,14.79,160,19,0.323528125,0.2848177734375,0,100
"both",320,0.8,TRUE,TRUE,3,5,TRUE,TRUE,"pkg.edgeR.noAdj",0.83,0.337943262411347,63.42,0.768947368421053,0.679376872005839,47.32,160,19,0.323528125,0.2848177734375,0,100
"both",320,0.8,TRUE,TRUE,3,5,TRUE,TRUE,"pkg.metagenomeSeq.cov",0.726842105263158,0.734751773049645,117.41,0.707894736842105,0.882417332499007,114.49,160,19,0.323528125,0.2848177734375,0,100
"both",320,0.8,TRUE,TRUE,3,5,TRUE,TRUE,"pkg.metagenomeSeq.noAdj",0.89,0.471205673758865,83.35,0.861578947368421,0.769631511233112,72.94,160,19,0.323528125,0.2848177734375,0,100
"both",320,0.8,TRUE,TRUE,3,5,TRUE,TRUE,"pkg.ZINQ.cov",0.976842105263158,0.135035460992908,37.6,0.94421052631579,0.256102203154426,24.51,160,19,0.323528125,0.2848177734375,0,100
"both",320,0.8,TRUE,TRUE,3,5,TRUE,TRUE,"pkg.ZINQ.depth",0.888947368421053,0.277163120567376,55.97,0.762105263157895,0.51611366347324,32.67,160,19,0.323528125,0.2848177734375,0,100
"both",320,0.8,TRUE,TRUE,3,5,TRUE,TRUE,"pkg.ZINQ.depthCov",0.943684210526316,0.054822695035461,25.66,0.716315789473684,0.0578841792882041,14.5,160,19,0.323528125,0.2848177734375,0,100
"both",320,0.8,TRUE,TRUE,3,5,TRUE,TRUE,"pkg.ZINQ.noAdjust",0.938421052631579,0.509574468085106,89.68,0.916842105263158,0.767208839315781,76.64,160,19,0.323528125,0.2848177734375,0,100
"both",320,0.8,TRUE,TRUE,3,5,TRUE,TRUE,"presence(Fisher)",0.626842105263158,0.28468085106383,52.05,0.477894736842105,0.71756389497663,32.97,160,19,0.323528125,0.2848177734375,0.01,100
"both",320,0.8,TRUE,TRUE,3,5,TRUE,TRUE,"presence(logistic+depth)",0.573157894736842,0.156950354609929,33.02,0.308947368421053,0.384206377129075,10.28,160,19,0.323528125,0.2848177734375,0,100
"both",320,0.8,TRUE,TRUE,3,5,TRUE,TRUE,"presence(logistic+depth+z)",0.566842105263158,0.0478723404255319,17.52,0.147368421052632,0.0290995670995671,2.93,160,19,0.323528125,0.2848177734375,0,100
"both",320,0.8,TRUE,TRUE,3,5,TRUE,TRUE,"prevalence(Tobit).adj",0.771052631578947,0.0607801418439716,23.22,0.482631578947368,0.0608619101486748,9.84,160,19,0.323528125,0.2848177734375,0,100
"both",320,0.8,TRUE,TRUE,3,5,TRUE,TRUE,"prevalence(Tobit).noAdj",0.747894736842105,0.25886524822695,50.71,0.637368421052632,0.595433193610802,31.38,160,19,0.323528125,0.2848177734375,0,100
"both",320,1.2,FALSE,TRUE,3,5,TRUE,TRUE,"abundance(AHC-LinDA).adj",0.993684210526316,0.0539007092198581,26.48,0.977368421052632,0.053117229056521,19.67,160,19,0.327730859375,0.2890796875,0,100
"both",320,1.2,FALSE,TRUE,3,5,TRUE,TRUE,"abundance(AHC-LinDA).noAdj",0.986842105263158,0.0543262411347518,26.41,0.962631578947369,0.0550870814174085,19.41,160,19,0.327730859375,0.2890796875,0,100
"both",320,1.2,FALSE,TRUE,3,5,TRUE,TRUE,"obsTwo.depthCov",0.997894736842105,0.0518439716312057,26.27,0.99,0.0455039119879568,19.79,160,19,0.327730859375,0.2890796875,0,100
"both",320,1.2,FALSE,TRUE,3,5,TRUE,TRUE,"obsTwo.simple",0.992105263157895,0.15531914893617,40.75,0.988947368421053,0.305082103820455,27.74,160,19,0.327730859375,0.2890796875,0,100
"both",320,1.2,FALSE,TRUE,3,5,TRUE,TRUE,"OMNIBUS(ACAT).adj",0.996315789473684,0.0629787234042553,27.81,0.991052631578947,0.0716140848387988,20.37,160,19,0.327730859375,0.2890796875,0,100
"both",320,1.2,FALSE,TRUE,3,5,TRUE,TRUE,"OMNIBUS(ACAT).noAdj",0.995789473684211,0.0680851063829787,28.52,0.988947368421053,0.0849974987342895,20.67,160,19,0.327730859375,0.2890796875,0,100
"both",320,1.2,FALSE,TRUE,3,5,TRUE,TRUE,"OMNIBUS(Bonf-minP).adj",0.995789473684211,0.0619148936170213,27.65,0.990526315789474,0.072895470120184,20.39,160,19,0.327730859375,0.2890796875,0,100
"both",320,1.2,FALSE,TRUE,3,5,TRUE,TRUE,"OMNIBUS(Bonf-minP).noAdj",0.996315789473684,0.0682269503546099,28.55,0.988947368421053,0.0857402305638634,20.69,160,19,0.327730859375,0.2890796875,0,100
"both",320,1.2,FALSE,TRUE,3,5,TRUE,TRUE,"oracle.prev.cov",0.995789473684211,0.0476595744680851,25.64,0.971052631578948,0.0388846077644705,19.24,160,19,0.327730859375,0.2890796875,0,100
"both",320,1.2,FALSE,TRUE,3,5,TRUE,TRUE,"oracle.prev.noAdj",0.993157894736842,0.0353900709219858,23.86,0.958947368421053,0.0288797439230876,18.8,160,19,0.327730859375,0.2890796875,0.04,100
"both",320,1.2,FALSE,TRUE,3,5,TRUE,TRUE,"pkg.ANCOMBC.cov",0.999473684210526,0.121347517730496,36.1,0.999473684210526,0.258969421312375,26.02,160,19,0.327730859375,0.2890796875,0,100
"both",320,1.2,FALSE,TRUE,3,5,TRUE,TRUE,"pkg.ANCOMBC.noAdj",0.999473684210526,0.124468085106383,36.54,0.998947368421053,0.267058888870111,26.25,160,19,0.327730859375,0.2890796875,0,100
"both",320,1.2,FALSE,TRUE,3,5,TRUE,TRUE,"pkg.DESeq2.cov",0.916842105263158,0.0567375886524823,25.42,0.823157894736842,0.0619285305337937,16.78,160,19,0.327730859375,0.2890796875,0,100
"both",320,1.2,FALSE,TRUE,3,5,TRUE,TRUE,"pkg.DESeq2.noAdj",0.921578947368421,0.0629078014184397,26.38,0.832631578947368,0.0708929170846354,17.13,160,19,0.327730859375,0.2890796875,0,100
"both",320,1.2,FALSE,TRUE,3,5,TRUE,TRUE,"pkg.edgeR.cov",0.947894736842105,0.0509219858156029,25.19,0.875263157894737,0.039484489409799,17.37,160,19,0.327730859375,0.2890796875,0,100
"both",320,1.2,FALSE,TRUE,3,5,TRUE,TRUE,"pkg.edgeR.noAdj",0.954736842105263,0.0558156028368794,26.01,0.881578947368421,0.056705047343811,17.85,160,19,0.327730859375,0.2890796875,0,100
"both",320,1.2,FALSE,TRUE,3,5,TRUE,TRUE,"pkg.metagenomeSeq.cov",0.763684210526316,0.75063829787234,120.35,0.747368421052632,0.879612466657065,117.94,160,19,0.327730859375,0.2890796875,0,100
"both",320,1.2,FALSE,TRUE,3,5,TRUE,TRUE,"pkg.metagenomeSeq.noAdj",0.971052631578948,0.299007092198582,60.61,0.958421052631579,0.543472305740207,42.7,160,19,0.327730859375,0.2890796875,0,100
"both",320,1.2,FALSE,TRUE,3,5,TRUE,TRUE,"pkg.ZINQ.cov",0.998421052631579,0.159858156028369,41.51,0.995263157894737,0.295760192763361,27.48,160,19,0.327730859375,0.2890796875,0,100
"both",320,1.2,FALSE,TRUE,3,5,TRUE,TRUE,"pkg.ZINQ.depth",0.995789473684211,0.0553191489361702,26.72,0.97421052631579,0.0500842064114375,19.55,160,19,0.327730859375,0.2890796875,0,100
"both",320,1.2,FALSE,TRUE,3,5,TRUE,TRUE,"pkg.ZINQ.depthCov",0.996842105263158,0.0571631205673759,27,0.982631578947369,0.0538179828688982,19.81,160,19,0.327730859375,0.2890796875,0,100
"both",320,1.2,FALSE,TRUE,3,5,TRUE,TRUE,"pkg.ZINQ.noAdjust",0.996315789473684,0.153333333333333,40.55,0.992105263157895,0.292356930512483,27.16,160,19,0.327730859375,0.2890796875,0,100
"both",320,1.2,FALSE,TRUE,3,5,TRUE,TRUE,"presence(Fisher)",0.928947368421053,0.116808510638298,34.12,0.872631578947369,0.242370515039345,22.32,160,19,0.327730859375,0.2890796875,0.02,100
"both",320,1.2,FALSE,TRUE,3,5,TRUE,TRUE,"presence(logistic+depth)",0.880526315789474,0.0456737588652482,23.17,0.687894736842105,0.0386354429883842,13.62,160,19,0.327730859375,0.2890796875,0,100
"both",320,1.2,FALSE,TRUE,3,5,TRUE,TRUE,"presence(logistic+depth+z)",0.886842105263158,0.0482978723404255,23.66,0.702631578947368,0.0376211517240929,13.89,160,19,0.327730859375,0.2890796875,0,100
"both",320,1.2,FALSE,TRUE,3,5,TRUE,TRUE,"prevalence(Tobit).adj",0.967368421052632,0.0667375886524823,27.79,0.929473684210526,0.0730988112739526,19.17,160,19,0.327730859375,0.2890796875,0,100
"both",320,1.2,FALSE,TRUE,3,5,TRUE,TRUE,"prevalence(Tobit).noAdj",0.967368421052632,0.0748936170212766,28.94,0.929473684210526,0.0885356568420238,19.51,160,19,0.327730859375,0.2890796875,0,100
"both",320,1.2,TRUE,TRUE,3,5,TRUE,TRUE,"abundance(AHC-LinDA).adj",0.987894736842105,0.0521276595744681,26.12,0.967368421052632,0.0538945294045778,19.49,160,19,0.3299146484375,0.2915064453125,0,100
"both",320,1.2,TRUE,TRUE,3,5,TRUE,TRUE,"abundance(AHC-LinDA).noAdj",0.959473684210526,0.250070921985816,53.49,0.928947368421053,0.504682205108446,37.69,160,19,0.3299146484375,0.2915064453125,0,100
"both",320,1.2,TRUE,TRUE,3,5,TRUE,TRUE,"obsTwo.depthCov",0.998947368421053,0.0507801418439716,26.14,0.988947368421053,0.0462537222502897,19.75,160,19,0.3299146484375,0.2915064453125,0,100
"both",320,1.2,TRUE,TRUE,3,5,TRUE,TRUE,"obsTwo.simple",0.986315789473684,0.503687943262411,89.76,0.983684210526316,0.759440285283705,79.22,160,19,0.3299146484375,0.2915064453125,0,100
"both",320,1.2,TRUE,TRUE,3,5,TRUE,TRUE,"OMNIBUS(ACAT).adj",0.993684210526316,0.0592198581560284,27.23,0.987894736842105,0.0668238993399176,20.19,160,19,0.3299146484375,0.2915064453125,0,100
"both",320,1.2,TRUE,TRUE,3,5,TRUE,TRUE,"OMNIBUS(ACAT).noAdj",0.991578947368421,0.354751773049645,68.86,0.982631578947369,0.625883723894136,52.21,160,19,0.3299146484375,0.2915064453125,0,100
"both",320,1.2,TRUE,TRUE,3,5,TRUE,TRUE,"OMNIBUS(Bonf-minP).adj",0.993684210526316,0.059290780141844,27.24,0.986315789473684,0.0659191374351557,20.14,160,19,0.3299146484375,0.2915064453125,0,100
"both",320,1.2,TRUE,TRUE,3,5,TRUE,TRUE,"OMNIBUS(Bonf-minP).noAdj",0.989473684210526,0.346028368794326,67.59,0.981578947368421,0.618302083689398,51.11,160,19,0.3299146484375,0.2915064453125,0,100
"both",320,1.2,TRUE,TRUE,3,5,TRUE,TRUE,"oracle.prev.cov",0.98421052631579,0.0526241134751773,26.12,0.919473684210526,0.0504563350997427,18.46,160,19,0.3299146484375,0.2915064453125,0,100
"both",320,1.2,TRUE,TRUE,3,5,TRUE,TRUE,"oracle.prev.noAdj",0.916315789473684,0.242765957446809,51.64,0.856842105263158,0.520853954529979,35.1,160,19,0.3299146484375,0.2915064453125,0.02,100
"both",320,1.2,TRUE,TRUE,3,5,TRUE,TRUE,"pkg.ANCOMBC.cov",0.999473684210526,0.133333333333333,37.79,0.999473684210526,0.269159597954502,26.43,160,19,0.3299146484375,0.2915064453125,0,100
"both",320,1.2,TRUE,TRUE,3,5,TRUE,TRUE,"pkg.ANCOMBC.noAdj",0.992105263157895,0.410070921985816,76.67,0.988421052631579,0.706449031282406,65.52,160,19,0.3299146484375,0.2915064453125,0,100
"both",320,1.2,TRUE,TRUE,3,5,TRUE,TRUE,"pkg.DESeq2.cov",0.885789473684211,0.0514184397163121,24.08,0.781578947368421,0.0463507980349917,15.65,160,19,0.3299146484375,0.2915064453125,0,100
"both",320,1.2,TRUE,TRUE,3,5,TRUE,TRUE,"pkg.DESeq2.noAdj",0.881052631578947,0.341702127659574,64.92,0.836315789473684,0.673964926106993,50.1,160,19,0.3299146484375,0.2915064453125,0,100
"both",320,1.2,TRUE,TRUE,3,5,TRUE,TRUE,"pkg.edgeR.cov",0.921578947368421,0.0436879432624113,23.67,0.832105263157895,0.0328504320551198,16.42,160,19,0.3299146484375,0.2915064453125,0,100
"both",320,1.2,TRUE,TRUE,3,5,TRUE,TRUE,"pkg.edgeR.noAdj",0.913157894736842,0.332695035460993,64.26,0.874736842105263,0.648323994154992,48.67,160,19,0.3299146484375,0.2915064453125,0,100
"both",320,1.2,TRUE,TRUE,3,5,TRUE,TRUE,"pkg.metagenomeSeq.cov",0.721578947368421,0.728794326241135,116.47,0.699473684210526,0.882911697488909,113.43,160,19,0.3299146484375,0.2915064453125,0,100
"both",320,1.2,TRUE,TRUE,3,5,TRUE,TRUE,"pkg.metagenomeSeq.noAdj",0.951052631578947,0.488723404255319,86.98,0.942631578947369,0.764559767364783,77.62,160,19,0.3299146484375,0.2915064453125,0,100
"both",320,1.2,TRUE,TRUE,3,5,TRUE,TRUE,"pkg.ZINQ.cov",0.997368421052632,0.141843971631206,38.95,0.990526315789474,0.251099109237044,25.61,160,19,0.3299146484375,0.2915064453125,0,100
"both",320,1.2,TRUE,TRUE,3,5,TRUE,TRUE,"pkg.ZINQ.depth",0.985789473684211,0.261985815602837,55.67,0.952631578947368,0.460306558334084,36.28,160,19,0.3299146484375,0.2915064453125,0,100
"both",320,1.2,TRUE,TRUE,3,5,TRUE,TRUE,"pkg.ZINQ.depthCov",0.994736842105263,0.054468085106383,26.58,0.972105263157895,0.0496682235892762,19.49,160,19,0.3299146484375,0.2915064453125,0,100
"both",320,1.2,TRUE,TRUE,3,5,TRUE,TRUE,"pkg.ZINQ.noAdjust",0.992631578947368,0.507304964539007,90.39,0.988947368421053,0.754355709650026,78.11,160,19,0.3299146484375,0.2915064453125,0,100
"both",320,1.2,TRUE,TRUE,3,5,TRUE,TRUE,"presence(Fisher)",0.851052631578947,0.284539007092199,56.29,0.787368421052631,0.615665867636532,39.9,160,19,0.3299146484375,0.2915064453125,0.01,100
"both",320,1.2,TRUE,TRUE,3,5,TRUE,TRUE,"presence(logistic+depth)",0.80578947368421,0.149929078014184,36.45,0.641052631578947,0.287925667928737,17.9,160,19,0.3299146484375,0.2915064453125,0,100
"both",320,1.2,TRUE,TRUE,3,5,TRUE,TRUE,"presence(logistic+depth+z)",0.858421052631579,0.0490070921985815,23.22,0.608947368421053,0.0481344515048075,12.21,160,19,0.3299146484375,0.2915064453125,0,100
"both",320,1.2,TRUE,TRUE,3,5,TRUE,TRUE,"prevalence(Tobit).adj",0.943684210526316,0.0668085106382978,27.35,0.865263157894737,0.0694781084498577,17.72,160,19,0.3299146484375,0.2915064453125,0,100
"both",320,1.2,TRUE,TRUE,3,5,TRUE,TRUE,"prevalence(Tobit).noAdj",0.901578947368421,0.269078014184397,55.07,0.853684210526316,0.555049016942386,37.54,160,19,0.3299146484375,0.2915064453125,0,100
"both",320,1.6,FALSE,TRUE,3,5,TRUE,TRUE,"abundance(AHC-LinDA).adj",0.996842105263158,0.0554609929078014,26.76,0.99,0.063168208907797,20.17,160,19,0.33428671875,0.2942484375,0,100
"both",320,1.6,FALSE,TRUE,3,5,TRUE,TRUE,"abundance(AHC-LinDA).noAdj",0.996842105263158,0.0584397163120567,27.18,0.988421052631579,0.0595599621583603,20.05,160,19,0.33428671875,0.2942484375,0,100
"both",320,1.6,FALSE,TRUE,3,5,TRUE,TRUE,"obsTwo.depthCov",1,0.0569503546099291,27.03,0.998947368421053,0.0472260963674007,19.98,160,19,0.33428671875,0.2942484375,0,100
"both",320,1.6,FALSE,TRUE,3,5,TRUE,TRUE,"obsTwo.simple",0.998947368421053,0.175957446808511,43.79,0.997894736842105,0.346195728533416,29.97,160,19,0.33428671875,0.2942484375,0,100
"both",320,1.6,FALSE,TRUE,3,5,TRUE,TRUE,"OMNIBUS(ACAT).adj",1,0.0629078014184397,27.87,0.998421052631579,0.0775179000548565,20.66,160,19,0.33428671875,0.2942484375,0,100
"both",320,1.6,FALSE,TRUE,3,5,TRUE,TRUE,"OMNIBUS(ACAT).noAdj",1,0.0743971631205674,29.49,0.997894736842105,0.0835218325915122,20.79,160,19,0.33428671875,0.2942484375,0,100
"both",320,1.6,FALSE,TRUE,3,5,TRUE,TRUE,"OMNIBUS(Bonf-minP).adj",0.999473684210526,0.0630496453900709,27.88,0.998421052631579,0.0766542636912202,20.64,160,19,0.33428671875,0.2942484375,0,100
"both",320,1.6,FALSE,TRUE,3,5,TRUE,TRUE,"OMNIBUS(Bonf-minP).noAdj",1,0.0733333333333334,29.34,0.997894736842105,0.0830739218066449,20.78,160,19,0.33428671875,0.2942484375,0,100
"both",320,1.6,FALSE,TRUE,3,5,TRUE,TRUE,"oracle.prev.cov",1,0.0504964539007092,26.12,0.999473684210526,0.0401297760210804,19.83,160,19,0.33428671875,0.2942484375,0,100
"both",320,1.6,FALSE,TRUE,3,5,TRUE,TRUE,"oracle.prev.noAdj",1,0.0392198581560284,24.53,0.996842105263158,0.032565182719645,19.62,160,19,0.33428671875,0.2942484375,0.04,100
"both",320,1.6,FALSE,TRUE,3,5,TRUE,TRUE,"pkg.ANCOMBC.cov",1,0.123971631205674,36.48,1,0.265581613401188,26.36,160,19,0.33428671875,0.2942484375,0,100
"both",320,1.6,FALSE,TRUE,3,5,TRUE,TRUE,"pkg.ANCOMBC.noAdj",1,0.129007092198582,37.19,1,0.275243408443727,26.7,160,19,0.33428671875,0.2942484375,0,100
"both",320,1.6,FALSE,TRUE,3,5,TRUE,TRUE,"pkg.DESeq2.cov",0.918421052631579,0.0622695035460993,26.23,0.842631578947368,0.0672044092974972,17.32,160,19,0.33428671875,0.2942484375,0,100
"both",320,1.6,FALSE,TRUE,3,5,TRUE,TRUE,"pkg.DESeq2.noAdj",0.928421052631579,0.0722695035460993,27.83,0.855789473684211,0.0879333646353198,18.04,160,19,0.33428671875,0.2942484375,0,100
"both",320,1.6,FALSE,TRUE,3,5,TRUE,TRUE,"pkg.edgeR.cov",0.957894736842105,0.044468085106383,24.47,0.899473684210526,0.0395478556792664,17.87,160,19,0.33428671875,0.2942484375,0,100
"both",320,1.6,FALSE,TRUE,3,5,TRUE,TRUE,"pkg.edgeR.noAdj",0.962105263157895,0.0566666666666667,26.27,0.913684210526316,0.0525252401096217,18.46,160,19,0.33428671875,0.2942484375,0,100
"both",320,1.6,FALSE,TRUE,3,5,TRUE,TRUE,"pkg.metagenomeSeq.cov",0.734736842105263,0.760354609929078,121.17,0.721578947368421,0.884608351066158,118.87,160,19,0.33428671875,0.2942484375,0,100
"both",320,1.6,FALSE,TRUE,3,5,TRUE,TRUE,"pkg.metagenomeSeq.noAdj",0.953157894736842,0.317872340425532,62.93,0.942105263157895,0.585477095811832,46.1,160,19,0.33428671875,0.2942484375,0,100
"both",320,1.6,FALSE,TRUE,3,5,TRUE,TRUE,"pkg.ZINQ.cov",1,0.17886524822695,44.22,1,0.331395409240928,29.36,160,19,0.33428671875,0.2942484375,0,100
"both",320,1.6,FALSE,TRUE,3,5,TRUE,TRUE,"pkg.ZINQ.depth",1,0.06,27.46,0.996315789473684,0.0517270833666714,20.03,160,19,0.33428671875,0.2942484375,0,100
"both",320,1.6,FALSE,TRUE,3,5,TRUE,TRUE,"pkg.ZINQ.depthCov",1,0.0612056737588652,27.63,0.995789473684211,0.0530579957799637,20.03,160,19,0.33428671875,0.2942484375,0,100
"both",320,1.6,FALSE,TRUE,3,5,TRUE,TRUE,"pkg.ZINQ.noAdjust",1,0.178085106382979,44.11,0.998947368421053,0.330485574332211,29.18,160,19,0.33428671875,0.2942484375,0,100
"both",320,1.6,FALSE,TRUE,3,5,TRUE,TRUE,"presence(Fisher)",0.976315789473684,0.123333333333333,35.94,0.958947368421053,0.243682762579831,24.52,160,19,0.33428671875,0.2942484375,0.02,100
"both",320,1.6,FALSE,TRUE,3,5,TRUE,TRUE,"presence(logistic+depth)",0.968421052631579,0.0499290780141844,25.44,0.911578947368421,0.0377055918199746,18.05,160,19,0.33428671875,0.2942484375,0,100
"both",320,1.6,FALSE,TRUE,3,5,TRUE,TRUE,"presence(logistic+depth+z)",0.971578947368421,0.0483687943262411,25.28,0.918421052631579,0.0403475091132077,18.22,160,19,0.33428671875,0.2942484375,0,100
"both",320,1.6,FALSE,TRUE,3,5,TRUE,TRUE,"prevalence(Tobit).adj",0.987368421052632,0.0693617021276596,28.54,0.977894736842105,0.0691940912888281,20.05,160,19,0.33428671875,0.2942484375,0,100
"both",320,1.6,FALSE,TRUE,3,5,TRUE,TRUE,"prevalence(Tobit).noAdj",0.988947368421053,0.0806382978723404,30.16,0.979473684210526,0.0914387408464067,20.63,160,19,0.33428671875,0.2942484375,0,100
"both",320,1.6,TRUE,TRUE,3,5,TRUE,TRUE,"abundance(AHC-LinDA).adj",0.997894736842105,0.0585815602836879,27.22,0.985789473684211,0.0586336873144653,19.98,160,19,0.3358876953125,0.29653515625,0,100
"both",320,1.6,TRUE,TRUE,3,5,TRUE,TRUE,"abundance(AHC-LinDA).noAdj",0.985789473684211,0.256099290780142,54.84,0.976315789473684,0.511649344853822,40.28,160,19,0.3358876953125,0.29653515625,0,100
"both",320,1.6,TRUE,TRUE,3,5,TRUE,TRUE,"obsTwo.depthCov",0.998947368421053,0.0559574468085106,26.87,0.997894736842105,0.052501191714464,20.07,160,19,0.3358876953125,0.29653515625,0,100
"both",320,1.6,TRUE,TRUE,3,5,TRUE,TRUE,"obsTwo.simple",0.997368421052632,0.51,90.86,0.996315789473684,0.759069051686186,80.57,160,19,0.3358876953125,0.29653515625,0,100
"both",320,1.6,TRUE,TRUE,3,5,TRUE,TRUE,"OMNIBUS(ACAT).adj",0.998947368421053,0.0682978723404255,28.61,0.996315789473684,0.0650231314452138,20.33,160,19,0.3358876953125,0.29653515625,0,100
"both",320,1.6,TRUE,TRUE,3,5,TRUE,TRUE,"OMNIBUS(ACAT).noAdj",0.998947368421053,0.36241134751773,70.08,0.998947368421053,0.629049481652023,54.07,160,19,0.3358876953125,0.29653515625,0,100
"both",320,1.6,TRUE,TRUE,3,5,TRUE,TRUE,"OMNIBUS(Bonf-minP).adj",0.998421052631579,0.0668794326241135,28.4,0.995789473684211,0.0630970662823065,20.28,160,19,0.3358876953125,0.29653515625,0,100
"both",320,1.6,TRUE,TRUE,3,5,TRUE,TRUE,"OMNIBUS(Bonf-minP).noAdj",0.998947368421053,0.354113475177305,68.91,0.998947368421053,0.620552916524542,52.96,160,19,0.3358876953125,0.29653515625,0,100
"both",320,1.6,TRUE,TRUE,3,5,TRUE,TRUE,"oracle.prev.cov",0.997368421052632,0.0469503546099291,25.57,0.994736842105263,0.0364873167767905,19.65,160,19,0.3358876953125,0.29653515625,0,100
"both",320,1.6,TRUE,TRUE,3,5,TRUE,TRUE,"oracle.prev.noAdj",0.98,0.236950354609929,52.03,0.966842105263158,0.485491039979629,37.11,160,19,0.3358876953125,0.29653515625,0.03,100
"both",320,1.6,TRUE,TRUE,3,5,TRUE,TRUE,"pkg.ANCOMBC.cov",1,0.128156028368794,37.07,1,0.270226699666673,26.39,160,19,0.3358876953125,0.29653515625,0,100
"both",320,1.6,TRUE,TRUE,3,5,TRUE,TRUE,"pkg.ANCOMBC.noAdj",0.999473684210526,0.408723404255319,76.62,0.998947368421053,0.700359211640032,64.76,160,19,0.3358876953125,0.29653515625,0,100
"both",320,1.6,TRUE,TRUE,3,5,TRUE,TRUE,"pkg.DESeq2.cov",0.899473684210526,0.0561702127659574,25.01,0.816315789473684,0.0671360248368762,16.72,160,19,0.3358876953125,0.29653515625,0,100
"both",320,1.6,TRUE,TRUE,3,5,TRUE,TRUE,"pkg.DESeq2.noAdj",0.899473684210526,0.345957446808511,65.87,0.868421052631579,0.671630678268071,51.72,160,19,0.3358876953125,0.29653515625,0,100
"both",320,1.6,TRUE,TRUE,3,5,TRUE,TRUE,"pkg.edgeR.cov",0.940526315789474,0.0420567375886525,23.8,0.872105263157895,0.0359961691215561,17.25,160,19,0.3358876953125,0.29653515625,0,100
"both",320,1.6,TRUE,TRUE,3,5,TRUE,TRUE,"pkg.edgeR.noAdj",0.92421052631579,0.329432624113475,64.01,0.900526315789474,0.640482157155707,49.38,160,19,0.3358876953125,0.29653515625,0,100
"both",320,1.6,TRUE,TRUE,3,5,TRUE,TRUE,"pkg.metagenomeSeq.cov",0.694736842105263,0.732411347517731,116.47,0.674210526315789,0.887384721222535,113.54,160,19,0.3358876953125,0.29653515625,0,100
"both",320,1.6,TRUE,TRUE,3,5,TRUE,TRUE,"pkg.metagenomeSeq.noAdj",0.939473684210526,0.477375886524823,85.16,0.933157894736842,0.760515460461742,75.72,160,19,0.3358876953125,0.29653515625,0,100
"both",320,1.6,TRUE,TRUE,3,5,TRUE,TRUE,"pkg.ZINQ.cov",0.999473684210526,0.156170212765957,41.01,0.998421052631579,0.268853083089189,26.49,160,19,0.3358876953125,0.29653515625,0,100
"both",320,1.6,TRUE,TRUE,3,5,TRUE,TRUE,"pkg.ZINQ.depth",0.998421052631579,0.28177304964539,58.7,0.995789473684211,0.482396011205133,39.61,160,19,0.3358876953125,0.29653515625,0,100
"both",320,1.6,TRUE,TRUE,3,5,TRUE,TRUE,"pkg.ZINQ.depthCov",0.998421052631579,0.0595744680851064,27.37,0.995263157894737,0.0576455669806928,20.13,160,19,0.3358876953125,0.29653515625,0,100
"both",320,1.6,TRUE,TRUE,3,5,TRUE,TRUE,"pkg.ZINQ.noAdjust",0.998947368421053,0.517163120567376,91.9,0.997368421052632,0.756328936105425,80.07,160,19,0.3358876953125,0.29653515625,0,100
"both",320,1.6,TRUE,TRUE,3,5,TRUE,TRUE,"presence(Fisher)",0.950526315789474,0.286170212765957,58.41,0.93,0.57840950266759,43.43,160,19,0.3358876953125,0.29653515625,0.01,100
"both",320,1.6,TRUE,TRUE,3,5,TRUE,TRUE,"presence(logistic+depth)",0.935789473684211,0.155673758865248,39.73,0.865263157894737,0.30087912483093,24.3,160,19,0.3358876953125,0.29653515625,0,100
"both",320,1.6,TRUE,TRUE,3,5,TRUE,TRUE,"presence(logistic+depth+z)",0.955789473684211,0.0470921985815603,24.8,0.891052631578947,0.0337287585995016,17.56,160,19,0.3358876953125,0.29653515625,0,100
"both",320,1.6,TRUE,TRUE,3,5,TRUE,TRUE,"prevalence(Tobit).adj",0.983684210526316,0.0678014184397163,28.25,0.962631578947369,0.0694897768135754,19.72,160,19,0.3358876953125,0.29653515625,0,100
"both",320,1.6,TRUE,TRUE,3,5,TRUE,TRUE,"prevalence(Tobit).noAdj",0.969473684210526,0.268581560283688,56.29,0.956842105263158,0.532911988178027,40.16,160,19,0.3358876953125,0.29653515625,0,100
"both",320,2,FALSE,TRUE,3,5,TRUE,TRUE,"abundance(AHC-LinDA).adj",0.99421052631579,0.0546099290780142,26.59,0.988421052631579,0.0532684849475467,19.9,160,19,0.3405552734375,0.3007462890625,0,100
"both",320,2,FALSE,TRUE,3,5,TRUE,TRUE,"abundance(AHC-LinDA).noAdj",0.993157894736842,0.0512765957446809,26.1,0.987368421052632,0.0446267001495834,19.69,160,19,0.3405552734375,0.3007462890625,0,100
"both",320,2,FALSE,TRUE,3,5,TRUE,TRUE,"obsTwo.depthCov",0.999473684210526,0.060354609929078,27.5,0.998947368421053,0.0624584320628943,20.36,160,19,0.3405552734375,0.3007462890625,0,100
"both",320,2,FALSE,TRUE,3,5,TRUE,TRUE,"obsTwo.simple",0.998947368421053,0.187234042553192,45.38,0.998947368421053,0.371842159472605,31.48,160,19,0.3405552734375,0.3007462890625,0,100
"both",320,2,FALSE,TRUE,3,5,TRUE,TRUE,"OMNIBUS(ACAT).adj",1,0.0682269503546099,28.62,0.999473684210526,0.0725204838639621,20.58,160,19,0.3405552734375,0.3007462890625,0,100
"both",320,2,FALSE,TRUE,3,5,TRUE,TRUE,"OMNIBUS(ACAT).noAdj",1,0.0726241134751773,29.24,0.998947368421053,0.0820376833311615,20.78,160,19,0.3405552734375,0.3007462890625,0,100
"both",320,2,FALSE,TRUE,3,5,TRUE,TRUE,"OMNIBUS(Bonf-minP).adj",1,0.0666666666666667,28.4,0.999473684210526,0.0720734671125975,20.57,160,19,0.3405552734375,0.3007462890625,0,100
"both",320,2,FALSE,TRUE,3,5,TRUE,TRUE,"OMNIBUS(Bonf-minP).noAdj",1,0.0729078014184397,29.28,0.998947368421053,0.0803083872649089,20.74,160,19,0.3405552734375,0.3007462890625,0,100
"both",320,2,FALSE,TRUE,3,5,TRUE,TRUE,"oracle.prev.cov",1,0.0480141843971631,25.77,1,0.0414134199134199,19.86,160,19,0.3405552734375,0.3007462890625,0,100
"both",320,2,FALSE,TRUE,3,5,TRUE,TRUE,"oracle.prev.noAdj",1,0.0361702127659575,24.1,1,0.0296147186147186,19.61,160,19,0.3405552734375,0.3007462890625,0.07,100
"both",320,2,FALSE,TRUE,3,5,TRUE,TRUE,"pkg.ANCOMBC.cov",0.999473684210526,0.125390070921986,36.67,0.999473684210526,0.266404450610904,26.24,160,19,0.3405552734375,0.3007462890625,0,100
"both",320,2,FALSE,TRUE,3,5,TRUE,TRUE,"pkg.ANCOMBC.noAdj",0.999473684210526,0.127943262411348,37.03,0.999473684210526,0.27052851332328,26.41,160,19,0.3405552734375,0.3007462890625,0,100
"both",320,2,FALSE,TRUE,3,5,TRUE,TRUE,"pkg.DESeq2.cov",0.911052631578948,0.0809219858156028,28.72,0.849473684210526,0.0966545703683104,18.03,160,19,0.3405552734375,0.3007462890625,0,100
"both",320,2,FALSE,TRUE,3,5,TRUE,TRUE,"pkg.DESeq2.noAdj",0.912105263157895,0.0828368794326241,29.01,0.848947368421053,0.112072008997992,18.44,160,19,0.3405552734375,0.3007462890625,0,100
"both",320,2,FALSE,TRUE,3,5,TRUE,TRUE,"pkg.edgeR.cov",0.950526315789474,0.0523404255319149,25.44,0.907894736842105,0.0410038451792894,18.05,160,19,0.3405552734375,0.3007462890625,0,100
"both",320,2,FALSE,TRUE,3,5,TRUE,TRUE,"pkg.edgeR.noAdj",0.961578947368421,0.0588652482269503,26.57,0.923684210526316,0.0580321215595076,18.76,160,19,0.3405552734375,0.3007462890625,0,100
"both",320,2,FALSE,TRUE,3,5,TRUE,TRUE,"pkg.metagenomeSeq.cov",0.713684210526316,0.755390070921986,120.07,0.693157894736842,0.887876166933457,117.42,160,19,0.3405552734375,0.3007462890625,0,100
"both",320,2,FALSE,TRUE,3,5,TRUE,TRUE,"pkg.metagenomeSeq.noAdj",0.906315789473684,0.327801418439716,63.44,0.882105263157895,0.612816157950079,46.06,160,19,0.3405552734375,0.3007462890625,0,100
"both",320,2,FALSE,TRUE,3,5,TRUE,TRUE,"pkg.ZINQ.cov",0.999473684210526,0.199858156028369,47.17,0.999473684210526,0.364962925115477,31.35,160,19,0.3405552734375,0.3007462890625,0.01,100
"both",320,2,FALSE,TRUE,3,5,TRUE,TRUE,"pkg.ZINQ.depth",0.999473684210526,0.0629787234042553,27.87,0.999473684210526,0.0635530585356672,20.38,160,19,0.3405552734375,0.3007462890625,0.01,100
"both",320,2,FALSE,TRUE,3,5,TRUE,TRUE,"pkg.ZINQ.depthCov",0.999473684210526,0.0656737588652482,28.25,0.999473684210526,0.0582683794466403,20.26,160,19,0.3405552734375,0.3007462890625,0.01,100
"both",320,2,FALSE,TRUE,3,5,TRUE,TRUE,"pkg.ZINQ.noAdjust",0.998947368421053,0.19063829787234,45.86,0.998947368421053,0.359183656057221,30.82,160,19,0.3405552734375,0.3007462890625,0.01,100
"both",320,2,FALSE,TRUE,3,5,TRUE,TRUE,"presence(Fisher)",0.993684210526316,0.117801418439716,35.49,0.984736842105263,0.228014534262726,24.59,160,19,0.3405552734375,0.3007462890625,0,100
"both",320,2,FALSE,TRUE,3,5,TRUE,TRUE,"presence(logistic+depth)",0.991052631578947,0.0497163120567376,25.84,0.977894736842105,0.0402391502471594,19.41,160,19,0.3405552734375,0.3007462890625,0,100
"both",320,2,FALSE,TRUE,3,5,TRUE,TRUE,"presence(logistic+depth+z)",0.991578947368421,0.0493617021276596,25.8,0.981578947368421,0.0358824531684943,19.39,160,19,0.3405552734375,0.3007462890625,0,100
"both",320,2,FALSE,TRUE,3,5,TRUE,TRUE,"prevalence(Tobit).adj",0.997894736842105,0.0734751773049645,29.32,0.995263157894737,0.083765383167557,20.75,160,19,0.3405552734375,0.3007462890625,0,100
"both",320,2,FALSE,TRUE,3,5,TRUE,TRUE,"prevalence(Tobit).noAdj",0.997368421052632,0.0833333333333333,30.7,0.994736842105263,0.104489497526797,21.29,160,19,0.3405552734375,0.3007462890625,0,100
"both",320,2,TRUE,TRUE,3,5,TRUE,TRUE,"abundance(AHC-LinDA).adj",0.992631578947369,0.060354609929078,27.37,0.983157894736842,0.0619657394474328,19.98,160,19,0.3412171875,0.300946484375,0,100
"both",320,2,TRUE,TRUE,3,5,TRUE,TRUE,"abundance(AHC-LinDA).noAdj",0.988947368421053,0.252411347517731,54.38,0.982631578947369,0.504080213621064,39.53,160,19,0.3412171875,0.300946484375,0,100
"both",320,2,TRUE,TRUE,3,5,TRUE,TRUE,"obsTwo.depthCov",0.998947368421053,0.0611347517730496,27.6,0.998947368421053,0.0563279995204821,20.35,160,19,0.3412171875,0.300946484375,0,100
"both",320,2,TRUE,TRUE,3,5,TRUE,TRUE,"obsTwo.simple",0.997894736842105,0.511631205673759,91.1,0.997894736842105,0.761020223476991,80.88,160,19,0.3412171875,0.300946484375,0,100
"both",320,2,TRUE,TRUE,3,5,TRUE,TRUE,"OMNIBUS(ACAT).adj",1,0.0699290780141844,28.86,0.998947368421053,0.0714888010540184,20.54,160,19,0.3412171875,0.300946484375,0,100
"both",320,2,TRUE,TRUE,3,5,TRUE,TRUE,"OMNIBUS(ACAT).noAdj",1,0.364255319148936,70.36,0.998421052631579,0.626494856047893,53.25,160,19,0.3412171875,0.300946484375,0,100
"both",320,2,TRUE,TRUE,3,5,TRUE,TRUE,"OMNIBUS(Bonf-minP).adj",1,0.0687943262411347,28.7,0.998947368421053,0.0671096801748975,20.44,160,19,0.3412171875,0.300946484375,0,100
"both",320,2,TRUE,TRUE,3,5,TRUE,TRUE,"OMNIBUS(Bonf-minP).noAdj",0.999473684210526,0.355531914893617,69.12,0.998421052631579,0.620610907241687,52.37,160,19,0.3412171875,0.300946484375,0,100
"both",320,2,TRUE,TRUE,3,5,TRUE,TRUE,"oracle.prev.cov",1,0.0449645390070922,25.34,0.999473684210526,0.0361009440597541,19.74,160,19,0.3412171875,0.300946484375,0,100
"both",320,2,TRUE,TRUE,3,5,TRUE,TRUE,"oracle.prev.noAdj",0.996842105263158,0.231489361702128,51.58,0.995263157894737,0.480528153863263,37.55,160,19,0.3412171875,0.300946484375,0.04,100
"both",320,2,TRUE,TRUE,3,5,TRUE,TRUE,"pkg.ANCOMBC.cov",1,0.131702127659574,37.57,1,0.275432650455994,26.65,160,19,0.3412171875,0.300946484375,0,100
"both",320,2,TRUE,TRUE,3,5,TRUE,TRUE,"pkg.ANCOMBC.noAdj",1,0.403404255319149,75.88,1,0.697108052051143,64.27,160,19,0.3412171875,0.300946484375,0,100
"both",320,2,TRUE,TRUE,3,5,TRUE,TRUE,"pkg.DESeq2.cov",0.894736842105263,0.0629078014184397,25.87,0.812105263157895,0.0765336275034249,16.83,160,19,0.3412171875,0.300946484375,0,100
"both",320,2,TRUE,TRUE,3,5,TRUE,TRUE,"pkg.DESeq2.noAdj",0.892631578947369,0.348510638297872,66.1,0.860526315789474,0.676293035554352,51.7,160,19,0.3412171875,0.300946484375,0,100
"both",320,2,TRUE,TRUE,3,5,TRUE,TRUE,"pkg.edgeR.cov",0.942631578947369,0.0428368794326241,23.95,0.888947368421053,0.0298785238351634,17.46,160,19,0.3412171875,0.300946484375,0,100
"both",320,2,TRUE,TRUE,3,5,TRUE,TRUE,"pkg.edgeR.noAdj",0.942631578947369,0.329290780141844,64.34,0.916315789473684,0.636696605612894,49.47,160,19,0.3412171875,0.300946484375,0,100
"both",320,2,TRUE,TRUE,3,5,TRUE,TRUE,"pkg.metagenomeSeq.cov",0.687368421052632,0.732836879432624,116.39,0.671052631578947,0.88784523349913,113.6,160,19,0.3412171875,0.300946484375,0,100
"both",320,2,TRUE,TRUE,3,5,TRUE,TRUE,"pkg.metagenomeSeq.noAdj",0.905789473684211,0.499503546099291,87.64,0.890526315789474,0.780694260612711,78.12,160,19,0.3412171875,0.300946484375,0,100
"both",320,2,TRUE,TRUE,3,5,TRUE,TRUE,"pkg.ZINQ.cov",0.999473684210526,0.173262411347518,43.42,0.999473684210526,0.298611007566067,28.47,160,19,0.3412171875,0.300946484375,0,100
"both",320,2,TRUE,TRUE,3,5,TRUE,TRUE,"pkg.ZINQ.depth",1,0.279716312056738,58.44,0.998421052631579,0.485161607178765,39.35,160,19,0.3412171875,0.300946484375,0,100
"both",320,2,TRUE,TRUE,3,5,TRUE,TRUE,"pkg.ZINQ.depthCov",1,0.0678014184397163,28.56,0.998421052631579,0.0674185518143184,20.49,160,19,0.3412171875,0.300946484375,0,100
"both",320,2,TRUE,TRUE,3,5,TRUE,TRUE,"pkg.ZINQ.noAdjust",0.999473684210526,0.516028368794326,91.75,0.999473684210526,0.75895073363451,80.48,160,19,0.3412171875,0.300946484375,0,100
"both",320,2,TRUE,TRUE,3,5,TRUE,TRUE,"presence(Fisher)",0.982631578947369,0.279148936170213,58.03,0.975789473684211,0.562049022217864,43.44,160,19,0.3412171875,0.300946484375,0.02,100
"both",320,2,TRUE,TRUE,3,5,TRUE,TRUE,"presence(logistic+depth)",0.977368421052632,0.153404255319149,40.2,0.952631578947369,0.258854150812299,25,160,19,0.3412171875,0.300946484375,0,100
"both",320,2,TRUE,TRUE,3,5,TRUE,TRUE,"presence(logistic+depth+z)",0.98421052631579,0.0460992907801418,25.2,0.97421052631579,0.0342183337130705,19.21,160,19,0.3412171875,0.300946484375,0,100
"both",320,2,TRUE,TRUE,3,5,TRUE,TRUE,"prevalence(Tobit).adj",0.992631578947368,0.0693617021276596,28.64,0.987894736842105,0.0747394454642738,20.4,160,19,0.3412171875,0.300946484375,0,100
"both",320,2,TRUE,TRUE,3,5,TRUE,TRUE,"prevalence(Tobit).noAdj",0.991578947368421,0.269290780141844,56.81,0.986842105263158,0.531613987715501,41.4,160,19,0.3412171875,0.300946484375,0,100
"both",320,2.6,FALSE,TRUE,3,5,TRUE,TRUE,"abundance(AHC-LinDA).adj",0.955789473684211,0.0568085106382979,26.17,0.947368421052632,0.04839731056697,18.97,160,19,0.3477435546875,0.307128125,0,100
"both",320,2.6,FALSE,TRUE,3,5,TRUE,TRUE,"abundance(AHC-LinDA).noAdj",0.95421052631579,0.0560283687943262,26.03,0.944736842105263,0.0577830909910598,19.14,160,19,0.3477435546875,0.307128125,0,100
"both",320,2.6,FALSE,TRUE,3,5,TRUE,TRUE,"obsTwo.depthCov",0.993157894736842,0.078936170212766,30,0.993157894736842,0.0910032997207836,21.05,160,19,0.3477435546875,0.307128125,0,100
"both",320,2.6,FALSE,TRUE,3,5,TRUE,TRUE,"obsTwo.simple",0.992631578947368,0.210709219858156,48.57,0.992631578947368,0.404802327995565,34.02,160,19,0.3477435546875,0.307128125,0,100
"both",320,2.6,FALSE,TRUE,3,5,TRUE,TRUE,"OMNIBUS(ACAT).adj",1,0.0698581560283688,28.85,1,0.0677202580028666,20.46,160,19,0.3477435546875,0.307128125,0,100
"both",320,2.6,FALSE,TRUE,3,5,TRUE,TRUE,"OMNIBUS(ACAT).noAdj",1,0.080354609929078,30.33,1,0.0925011162750292,21.05,160,19,0.3477435546875,0.307128125,0,100
"both",320,2.6,FALSE,TRUE,3,5,TRUE,TRUE,"OMNIBUS(Bonf-minP).adj",1,0.0698581560283688,28.85,1,0.0688921889704498,20.48,160,19,0.3477435546875,0.307128125,0,100
"both",320,2.6,FALSE,TRUE,3,5,TRUE,TRUE,"OMNIBUS(Bonf-minP).noAdj",1,0.0786524822695036,30.09,1,0.093055539388148,21.07,160,19,0.3477435546875,0.307128125,0,100
"both",320,2.6,FALSE,TRUE,3,5,TRUE,TRUE,"oracle.prev.cov",1,0.0512765957446808,26.23,1,0.0387303783173348,19.81,160,19,0.3477435546875,0.307128125,0,100
"both",320,2.6,FALSE,TRUE,3,5,TRUE,TRUE,"oracle.prev.noAdj",1,0.0375886524822695,24.3,1,0.0318657067570111,19.66,160,19,0.3477435546875,0.307128125,0.03,100
"both",320,2.6,FALSE,TRUE,3,5,TRUE,TRUE,"pkg.ANCOMBC.cov",0.997368421052632,0.125744680851064,36.68,0.997368421052632,0.27121814125463,26.38,160,19,0.3477435546875,0.307128125,0,100
"both",320,2.6,FALSE,TRUE,3,5,TRUE,TRUE,"pkg.ANCOMBC.noAdj",0.997368421052632,0.128368794326241,37.05,0.997368421052632,0.268303110534055,26.29,160,19,0.3477435546875,0.307128125,0,100
"both",320,2.6,FALSE,TRUE,3,5,TRUE,TRUE,"pkg.DESeq2.cov",0.921052631578947,0.0802127659574468,28.81,0.85421052631579,0.10492622329212,18.31,160,19,0.3477435546875,0.307128125,0,100
"both",320,2.6,FALSE,TRUE,3,5,TRUE,TRUE,"pkg.DESeq2.noAdj",0.872105263157895,0.0873049645390071,28.88,0.824736842105263,0.115332831244767,17.91,160,19,0.3477435546875,0.307128125,0,100
"both",320,2.6,FALSE,TRUE,3,5,TRUE,TRUE,"pkg.edgeR.cov",0.95421052631579,0.0436170212765957,24.28,0.912631578947369,0.0318601466902551,17.96,160,19,0.3477435546875,0.307128125,0,100
"both",320,2.6,FALSE,TRUE,3,5,TRUE,TRUE,"pkg.edgeR.noAdj",0.966842105263158,0.0509929078014184,25.56,0.933157894736842,0.0428936333704135,18.58,160,19,0.3477435546875,0.307128125,0,100
"both",320,2.6,FALSE,TRUE,3,5,TRUE,TRUE,"pkg.metagenomeSeq.cov",0.703684210526316,0.751560283687943,119.34,0.673684210526316,0.890207742017632,116.48,160,19,0.3477435546875,0.307128125,0,100
"both",320,2.6,FALSE,TRUE,3,5,TRUE,TRUE,"pkg.metagenomeSeq.noAdj",0.871052631578947,0.333971631205674,63.64,0.84421052631579,0.625989202150059,45.46,160,19,0.3477435546875,0.307128125,0,100
"both",320,2.6,FALSE,TRUE,3,5,TRUE,TRUE,"pkg.ZINQ.cov",0.997368421052632,0.222269503546099,50.29,0.997368421052632,0.385967046254553,33.42,160,19,0.3477435546875,0.307128125,0.05,100
"both",320,2.6,FALSE,TRUE,3,5,TRUE,TRUE,"pkg.ZINQ.depth",0.997368421052632,0.0759574468085106,29.66,0.997368421052632,0.0840082222041032,20.88,160,19,0.3477435546875,0.307128125,0.05,100
"both",320,2.6,FALSE,TRUE,3,5,TRUE,TRUE,"pkg.ZINQ.depthCov",0.997368421052632,0.0760283687943262,29.67,0.997368421052632,0.0891455104307506,21.02,160,19,0.3477435546875,0.307128125,0.05,100
"both",320,2.6,FALSE,TRUE,3,5,TRUE,TRUE,"pkg.ZINQ.noAdjust",0.997368421052632,0.210354609929078,48.61,0.997368421052632,0.373145686124035,32.66,160,19,0.3477435546875,0.307128125,0.05,100
"both",320,2.6,FALSE,TRUE,3,5,TRUE,TRUE,"presence(Fisher)",0.996315789473684,0.10645390070922,33.94,0.994736842105263,0.181783703155425,23.36,160,19,0.3477435546875,0.307128125,0,100
"both",320,2.6,FALSE,TRUE,3,5,TRUE,TRUE,"presence(logistic+depth)",0.994736842105263,0.0495035460992908,25.88,0.991578947368421,0.0398782851397268,19.67,160,19,0.3477435546875,0.307128125,0,100
"both",320,2.6,FALSE,TRUE,3,5,TRUE,TRUE,"presence(logistic+depth+z)",0.994736842105263,0.0498581560283688,25.93,0.992105263157895,0.0415182372928368,19.71,160,19,0.3477435546875,0.307128125,0,100
"both",320,2.6,FALSE,TRUE,3,5,TRUE,TRUE,"prevalence(Tobit).adj",0.999473684210526,0.0734042553191489,29.34,0.998421052631579,0.0947350302634055,21.05,160,19,0.3477435546875,0.307128125,0,100
"both",320,2.6,FALSE,TRUE,3,5,TRUE,TRUE,"prevalence(Tobit).noAdj",0.998421052631579,0.0874468085106383,31.3,0.998421052631579,0.115647909400833,21.61,160,19,0.3477435546875,0.307128125,0,100
"both",320,2.6,TRUE,TRUE,3,5,TRUE,TRUE,"abundance(AHC-LinDA).adj",0.949473684210526,0.0554609929078014,25.86,0.941578947368421,0.0553509124716387,19,160,19,0.3471955078125,0.307338671875,0,100
"both",320,2.6,TRUE,TRUE,3,5,TRUE,TRUE,"abundance(AHC-LinDA).noAdj",0.945789473684211,0.239503546099291,51.74,0.937894736842105,0.47893686564646,36.01,160,19,0.3471955078125,0.307338671875,0,100
"both",320,2.6,TRUE,TRUE,3,5,TRUE,TRUE,"obsTwo.depthCov",0.991578947368421,0.0670921985815603,28.3,0.991578947368421,0.0751210975650334,20.5,160,19,0.3471955078125,0.307338671875,0,100
"both",320,2.6,TRUE,TRUE,3,5,TRUE,TRUE,"obsTwo.simple",0.991052631578947,0.511063829787234,90.89,0.991052631578947,0.760551669489199,80.41,160,19,0.3471955078125,0.307338671875,0,100
"both",320,2.6,TRUE,TRUE,3,5,TRUE,TRUE,"OMNIBUS(ACAT).adj",1,0.0654609929078014,28.23,1,0.0626004140786749,20.33,160,19,0.3471955078125,0.307338671875,0,100
"both",320,2.6,TRUE,TRUE,3,5,TRUE,TRUE,"OMNIBUS(ACAT).noAdj",1,0.349716312056738,68.31,1,0.607886686321615,50.84,160,19,0.3471955078125,0.307338671875,0,100
"both",320,2.6,TRUE,TRUE,3,5,TRUE,TRUE,"OMNIBUS(Bonf-minP).adj",1,0.0641843971631206,28.05,1,0.0630051759834368,20.34,160,19,0.3471955078125,0.307338671875,0,100
"both",320,2.6,TRUE,TRUE,3,5,TRUE,TRUE,"OMNIBUS(Bonf-minP).noAdj",1,0.341914893617021,67.21,1,0.599728232904133,49.8,160,19,0.3471955078125,0.307338671875,0,100
"both",320,2.6,TRUE,TRUE,3,5,TRUE,TRUE,"oracle.prev.cov",0.999473684210526,0.0474468085106383,25.68,0.999473684210526,0.0389675324675324,19.8,160,19,0.3471955078125,0.307338671875,0,100
"both",320,2.6,TRUE,TRUE,3,5,TRUE,TRUE,"oracle.prev.noAdj",1,0.234326241134752,52.04,1,0.477400802510043,37.55,160,19,0.3471955078125,0.307338671875,0.06,100
"both",320,2.6,TRUE,TRUE,3,5,TRUE,TRUE,"pkg.ANCOMBC.cov",0.996842105263158,0.12822695035461,37.02,0.996842105263158,0.264537325771041,26.04,160,19,0.3471955078125,0.307338671875,0,100
"both",320,2.6,TRUE,TRUE,3,5,TRUE,TRUE,"pkg.ANCOMBC.noAdj",0.996842105263158,0.40063829787234,75.43,0.996842105263158,0.69437286838621,63.43,160,19,0.3471955078125,0.307338671875,0,100
"both",320,2.6,TRUE,TRUE,3,5,TRUE,TRUE,"pkg.DESeq2.cov",0.903157894736842,0.0768794326241135,28,0.833684210526316,0.088807579345394,17.56,160,19,0.3471955078125,0.307338671875,0,100
"both",320,2.6,TRUE,TRUE,3,5,TRUE,TRUE,"pkg.DESeq2.noAdj",0.868421052631579,0.353687943262411,66.37,0.838947368421053,0.688921252062124,52.4,160,19,0.3471955078125,0.307338671875,0,100
"both",320,2.6,TRUE,TRUE,3,5,TRUE,TRUE,"pkg.edgeR.cov",0.944736842105263,0.0395744680851064,23.53,0.898421052631579,0.0342892558937451,17.73,160,19,0.3471955078125,0.307338671875,0,100
"both",320,2.6,TRUE,TRUE,3,5,TRUE,TRUE,"pkg.edgeR.noAdj",0.953157894736842,0.323404255319149,63.71,0.93421052631579,0.627409011592075,49.23,160,19,0.3471955078125,0.307338671875,0,100
"both",320,2.6,TRUE,TRUE,3,5,TRUE,TRUE,"pkg.metagenomeSeq.cov",0.661052631578947,0.727943262411348,115.2,0.637368421052632,0.891827897061618,111.99,160,19,0.3471955078125,0.307338671875,0,100
"both",320,2.6,TRUE,TRUE,3,5,TRUE,TRUE,"pkg.metagenomeSeq.noAdj",0.875263157894737,0.5,87.13,0.857368421052632,0.789316002233607,78.34,160,19,0.3471955078125,0.307338671875,0,100
"both",320,2.6,TRUE,TRUE,3,5,TRUE,TRUE,"pkg.ZINQ.cov",0.996842105263158,0.171276595744681,43.09,0.996842105263158,0.294566669667885,28.18,160,19,0.3471955078125,0.307338671875,0.06,100
"both",320,2.6,TRUE,TRUE,3,5,TRUE,TRUE,"pkg.ZINQ.depth",0.996842105263158,0.269432624113475,56.93,0.996315789473684,0.46858125159355,38.1,160,19,0.3471955078125,0.307338671875,0.06,100
"both",320,2.6,TRUE,TRUE,3,5,TRUE,TRUE,"pkg.ZINQ.depthCov",0.996842105263158,0.0712765957446808,28.99,0.996842105263158,0.0815540612463045,20.78,160,19,0.3471955078125,0.307338671875,0.06,100
"both",320,2.6,TRUE,TRUE,3,5,TRUE,TRUE,"pkg.ZINQ.noAdjust",0.996842105263158,0.513617021276596,91.36,0.996842105263158,0.756508612000397,79.7,160,19,0.3471955078125,0.307338671875,0.06,100
"both",320,2.6,TRUE,TRUE,3,5,TRUE,TRUE,"presence(Fisher)",0.997894736842105,0.27290780141844,57.44,0.99421052631579,0.550816582600633,43.56,160,19,0.3471955078125,0.307338671875,0,100
"both",320,2.6,TRUE,TRUE,3,5,TRUE,TRUE,"presence(logistic+depth)",0.992105263157895,0.148439716312057,39.78,0.990526315789474,0.256129637545758,25.97,160,19,0.3471955078125,0.307338671875,0,100
"both",320,2.6,TRUE,TRUE,3,5,TRUE,TRUE,"presence(logistic+depth+z)",0.99421052631579,0.0492198581560284,25.83,0.993684210526316,0.0391078263841422,19.69,160,19,0.3471955078125,0.307338671875,0,100
"both",320,2.6,TRUE,TRUE,3,5,TRUE,TRUE,"prevalence(Tobit).adj",0.998421052631579,0.0675177304964539,28.49,0.997368421052632,0.0699341203800014,20.48,160,19,0.3471955078125,0.307338671875,0,100
"both",320,2.6,TRUE,TRUE,3,5,TRUE,TRUE,"prevalence(Tobit).noAdj",0.998421052631579,0.271205673758865,57.21,0.998421052631579,0.519875696479366,40.78,160,19,0.3471955078125,0.307338671875,0,100
"both",80,0.8,FALSE,TRUE,3,5,TRUE,TRUE,"abundance(AHC-LinDA).adj",0.466315789473684,0.0533333333333333,16.38,0.088421052631579,0.0718888888888889,1.92,160,19,0.32355546875,0.28476015625,0,100
"both",80,0.8,FALSE,TRUE,3,5,TRUE,TRUE,"abundance(AHC-LinDA).noAdj",0.451578947368421,0.055531914893617,16.41,0.0794736842105263,0.100912698412698,1.84,160,19,0.32355546875,0.28476015625,0,100
"both",80,0.8,FALSE,TRUE,3,5,TRUE,TRUE,"obsTwo.depthCov",0.48578947368421,0.0460283687943262,15.72,0.0494736842105263,0.021,1,160,19,0.32355546875,0.28476015625,0,100
"both",80,0.8,FALSE,TRUE,3,5,TRUE,TRUE,"obsTwo.simple",0.642105263157895,0.0532624113475177,19.71,0.252631578947368,0.0761981074481075,5.31,160,19,0.32355546875,0.28476015625,0,100
"both",80,0.8,FALSE,TRUE,3,5,TRUE,TRUE,"OMNIBUS(ACAT).adj",0.561052631578947,0.0500709219858156,17.72,0.0710526315789474,0.0475681818181818,1.49,160,19,0.32355546875,0.28476015625,0,100
"both",80,0.8,FALSE,TRUE,3,5,TRUE,TRUE,"OMNIBUS(ACAT).noAdj",0.548947368421053,0.0525531914893617,17.84,0.0831578947368421,0.0744642857142857,1.78,160,19,0.32355546875,0.28476015625,0,100
"both",80,0.8,FALSE,TRUE,3,5,TRUE,TRUE,"OMNIBUS(Bonf-minP).adj",0.52578947368421,0.049290780141844,16.94,0.0652631578947369,0.0480800865800866,1.38,160,19,0.32355546875,0.28476015625,0,100
"both",80,0.8,FALSE,TRUE,3,5,TRUE,TRUE,"OMNIBUS(Bonf-minP).noAdj",0.519473684210526,0.0516312056737589,17.15,0.0763157894736842,0.074797619047619,1.65,160,19,0.32355546875,0.28476015625,0,100
"both",80,0.8,FALSE,TRUE,3,5,TRUE,TRUE,"oracle.prev.cov",0.328421052631579,0.0432624113475177,12.34,0.01,0.02,0.21,160,19,0.32355546875,0.28476015625,0,100
"both",80,0.8,FALSE,TRUE,3,5,TRUE,TRUE,"oracle.prev.noAdj",0.256842105263158,0.0263829787234043,8.6,0.0110526315789474,0.02,0.24,160,19,0.32355546875,0.28476015625,1.08,100
"both",80,0.8,FALSE,TRUE,3,5,TRUE,TRUE,"pkg.ANCOMBC.cov",0.89,0.0959574468085107,30.44,0.681052631578947,0.163383234815692,15.71,160,19,0.32355546875,0.28476015625,0,100
"both",80,0.8,FALSE,TRUE,3,5,TRUE,TRUE,"pkg.ANCOMBC.noAdj",0.862105263157895,0.100070921985816,30.49,0.626842105263158,0.17919619740213,14.81,160,19,0.32355546875,0.28476015625,0,100
"both",80,0.8,FALSE,TRUE,3,5,TRUE,TRUE,"pkg.DESeq2.cov",0.53578947368421,0.0390070921985816,15.68,0.190526315789474,0.030297619047619,3.8,160,19,0.32355546875,0.28476015625,0,100
"both",80,0.8,FALSE,TRUE,3,5,TRUE,TRUE,"pkg.DESeq2.noAdj",0.522631578947368,0.0430496453900709,16,0.164736842105263,0.0429967532467532,3.36,160,19,0.32355546875,0.28476015625,0,100
"both",80,0.8,FALSE,TRUE,3,5,TRUE,TRUE,"pkg.edgeR.cov",0.551578947368421,0.0331914893617021,15.16,0.137368421052632,0.013452380952381,2.68,160,19,0.32355546875,0.28476015625,0,100
"both",80,0.8,FALSE,TRUE,3,5,TRUE,TRUE,"pkg.edgeR.noAdj",0.554736842105263,0.0388652482269504,16.02,0.131578947368421,0.0174808802308802,2.62,160,19,0.32355546875,0.28476015625,0,100
"both",80,0.8,FALSE,TRUE,3,5,TRUE,TRUE,"pkg.metagenomeSeq.cov",0.522105263157895,0.548085106382979,87.2,0.457894736842105,0.888042724675041,77.48,160,19,0.32355546875,0.28476015625,0,100
"both",80,0.8,FALSE,TRUE,3,5,TRUE,TRUE,"pkg.metagenomeSeq.noAdj",0.678421052631579,0.157304964539007,35.07,0.429473684210526,0.370035379466881,13.77,160,19,0.32355546875,0.28476015625,0,100
"both",80,0.8,FALSE,TRUE,3,5,TRUE,TRUE,"pkg.ZINQ.cov",0.721578947368421,0.0773049645390071,24.61,0.208421052631579,0.095437950937951,4.55,160,19,0.32355546875,0.28476015625,0,100
"both",80,0.8,FALSE,TRUE,3,5,TRUE,TRUE,"pkg.ZINQ.depth",0.411578947368421,0.0483687943262411,14.64,0.0163157894736842,0.0333333333333333,0.37,160,19,0.32355546875,0.28476015625,0,100
"both",80,0.8,FALSE,TRUE,3,5,TRUE,TRUE,"pkg.ZINQ.depthCov",0.436315789473684,0.0502836879432624,15.38,0.0157894736842105,0.0025,0.31,160,19,0.32355546875,0.28476015625,0,100
"both",80,0.8,FALSE,TRUE,3,5,TRUE,TRUE,"pkg.ZINQ.noAdjust",0.666315789473684,0.0732624113475177,22.99,0.160526315789474,0.084010101010101,3.49,160,19,0.32355546875,0.28476015625,0,100
"both",80,0.8,FALSE,TRUE,3,5,TRUE,TRUE,"presence(Fisher)",0.193684210526316,0.0453191489361702,10.07,0.0068421052631579,0.06,0.23,160,19,0.32355546875,0.28476015625,0.86,100
"both",80,0.8,FALSE,TRUE,3,5,TRUE,TRUE,"presence(logistic+depth)",0.200526315789474,0.0436170212765957,9.96,0.000526315789473684,0,0.01,160,19,0.32355546875,0.28476015625,0,100
"both",80,0.8,FALSE,TRUE,3,5,TRUE,TRUE,"presence(logistic+depth+z)",0.197368421052632,0.0446808510638298,10.05,0,0,0,160,19,0.32355546875,0.28476015625,0,100
"both",80,0.8,FALSE,TRUE,3,5,TRUE,TRUE,"prevalence(Tobit).adj",0.38421052631579,0.0507801418439716,14.46,0.0289473684210526,0.0191666666666667,0.59,160,19,0.32355546875,0.28476015625,0,100
"both",80,0.8,FALSE,TRUE,3,5,TRUE,TRUE,"prevalence(Tobit).noAdj",0.402105263157895,0.0478014184397163,14.38,0.0336842105263158,0.02,0.67,160,19,0.32355546875,0.28476015625,0,100
"both",80,0.8,TRUE,TRUE,3,5,TRUE,TRUE,"abundance(AHC-LinDA).adj",0.458947368421053,0.0551063829787234,16.49,0.0857894736842106,0.0988160173160173,1.98,160,19,0.324734375,0.2861484375,0,100
"both",80,0.8,TRUE,TRUE,3,5,TRUE,TRUE,"abundance(AHC-LinDA).noAdj",0.473157894736842,0.113758865248227,25.03,0.166315789473684,0.280887688066948,5.31,160,19,0.324734375,0.2861484375,0,100
"both",80,0.8,TRUE,TRUE,3,5,TRUE,TRUE,"obsTwo.depthCov",0.461052631578947,0.0461702127659574,15.27,0.0373684210526316,0.0608333333333333,0.83,160,19,0.324734375,0.2861484375,0,100
"both",80,0.8,TRUE,TRUE,3,5,TRUE,TRUE,"obsTwo.simple",0.624736842105263,0.162553191489362,34.79,0.384736842105263,0.379877914712927,13.06,160,19,0.324734375,0.2861484375,0,100
"both",80,0.8,TRUE,TRUE,3,5,TRUE,TRUE,"OMNIBUS(ACAT).adj",0.514736842105263,0.0526241134751773,17.2,0.0726315789473684,0.0876904761904762,1.63,160,19,0.324734375,0.2861484375,0,100
"both",80,0.8,TRUE,TRUE,3,5,TRUE,TRUE,"OMNIBUS(ACAT).noAdj",0.59,0.133475177304965,30.03,0.218947368421053,0.303755249801723,7.03,160,19,0.324734375,0.2861484375,0,100
"both",80,0.8,TRUE,TRUE,3,5,TRUE,TRUE,"OMNIBUS(Bonf-minP).adj",0.481052631578947,0.051418439716312,16.39,0.0710526315789474,0.0880238095238095,1.59,160,19,0.324734375,0.2861484375,0,100
"both",80,0.8,TRUE,TRUE,3,5,TRUE,TRUE,"OMNIBUS(Bonf-minP).noAdj",0.575263157894737,0.12936170212766,29.17,0.211578947368421,0.302472663451025,6.78,160,19,0.324734375,0.2861484375,0,100
"both",80,0.8,TRUE,TRUE,3,5,TRUE,TRUE,"oracle.prev.cov",0.268947368421053,0.0434751773049645,11.24,0.00578947368421053,0.01,0.12,160,19,0.324734375,0.2861484375,0,100
"both",80,0.8,TRUE,TRUE,3,5,TRUE,TRUE,"oracle.prev.noAdj",0.316315789473684,0.0773049645390071,16.91,0.0484210526315789,0.224036796536797,1.74,160,19,0.324734375,0.2861484375,0.87,100
"both",80,0.8,TRUE,TRUE,3,5,TRUE,TRUE,"pkg.ANCOMBC.cov",0.833157894736842,0.119716312056738,32.71,0.601052631578947,0.258261031603117,15.8,160,19,0.324734375,0.2861484375,0,100
"both",80,0.8,TRUE,TRUE,3,5,TRUE,TRUE,"pkg.ANCOMBC.noAdj",0.763157894736842,0.231418439716312,47.13,0.623157894736842,0.510227434022479,26.41,160,19,0.324734375,0.2861484375,0,100
"both",80,0.8,TRUE,TRUE,3,5,TRUE,TRUE,"pkg.DESeq2.cov",0.469473684210526,0.0365248226950355,14.07,0.111578947368421,0.0229444444444444,2.2,160,19,0.324734375,0.2861484375,0,100
"both",80,0.8,TRUE,TRUE,3,5,TRUE,TRUE,"pkg.DESeq2.noAdj",0.533684210526316,0.145460992907801,30.65,0.268421052631579,0.404022591764885,9.63,160,19,0.324734375,0.2861484375,0,100
"both",80,0.8,TRUE,TRUE,3,5,TRUE,TRUE,"pkg.edgeR.cov",0.498421052631579,0.0333333333333333,14.17,0.0936842105263158,0.015,1.82,160,19,0.324734375,0.2861484375,0,100
"both",80,0.8,TRUE,TRUE,3,5,TRUE,TRUE,"pkg.edgeR.noAdj",0.556315789473684,0.139078014184397,30.18,0.257894736842105,0.372928448185801,8.51,160,19,0.324734375,0.2861484375,0,100
"both",80,0.8,TRUE,TRUE,3,5,TRUE,TRUE,"pkg.metagenomeSeq.cov",0.491052631578947,0.507163120567376,80.84,0.415789473684211,0.886110242771187,69.35,160,19,0.324734375,0.2861484375,0,100
"both",80,0.8,TRUE,TRUE,3,5,TRUE,TRUE,"pkg.metagenomeSeq.noAdj",0.669473684210526,0.263475177304965,49.87,0.513684210526316,0.639830422215128,29.65,160,19,0.324734375,0.2861484375,0,100
"both",80,0.8,TRUE,TRUE,3,5,TRUE,TRUE,"pkg.ZINQ.cov",0.611578947368421,0.0770212765957447,22.48,0.0931578947368421,0.107595238095238,2.18,160,19,0.324734375,0.2861484375,0,100
"both",80,0.8,TRUE,TRUE,3,5,TRUE,TRUE,"pkg.ZINQ.depth",0.485263157894737,0.111914893617021,25,0.0515789473684211,0.150654761904762,1.54,160,19,0.324734375,0.2861484375,0,100
"both",80,0.8,TRUE,TRUE,3,5,TRUE,TRUE,"pkg.ZINQ.depthCov",0.429473684210526,0.054822695035461,15.89,0.0210526315789474,0.0425,0.46,160,19,0.324734375,0.2861484375,0,100
"both",80,0.8,TRUE,TRUE,3,5,TRUE,TRUE,"pkg.ZINQ.noAdjust",0.666842105263158,0.197375886524823,40.5,0.341578947368421,0.401530839986679,12.47,160,19,0.324734375,0.2861484375,0,100
"both",80,0.8,TRUE,TRUE,3,5,TRUE,TRUE,"presence(Fisher)",0.255263157894737,0.0982269503546099,18.7,0.0305263157894737,0.325963203463203,1.66,160,19,0.324734375,0.2861484375,0.9,100
"both",80,0.8,TRUE,TRUE,3,5,TRUE,TRUE,"presence(logistic+depth)",0.233157894736842,0.0731914893617022,14.75,0.0031578947368421,0.02,0.08,160,19,0.324734375,0.2861484375,0,100
"both",80,0.8,TRUE,TRUE,3,5,TRUE,TRUE,"presence(logistic+depth+z)",0.20421052631579,0.0495744680851064,10.87,0.0031578947368421,0,0.06,160,19,0.324734375,0.2861484375,0,100
"both",80,0.8,TRUE,TRUE,3,5,TRUE,TRUE,"prevalence(Tobit).adj",0.303684210526316,0.0516312056737589,13.05,0.0178947368421053,0.0275,0.39,160,19,0.324734375,0.2861484375,0,100
"both",80,0.8,TRUE,TRUE,3,5,TRUE,TRUE,"prevalence(Tobit).noAdj",0.403157894736842,0.10822695035461,22.92,0.0826315789473685,0.248402777777778,2.72,160,19,0.324734375,0.2861484375,0,100
"both",80,1.2,FALSE,TRUE,3,5,TRUE,TRUE,"abundance(AHC-LinDA).adj",0.740526315789474,0.0526950354609929,21.5,0.363157894736842,0.0763364299099593,7.55,160,19,0.3290796875,0.289603125,0,100
"both",80,1.2,FALSE,TRUE,3,5,TRUE,TRUE,"abundance(AHC-LinDA).noAdj",0.722105263157895,0.0527659574468085,21.16,0.357894736842105,0.0741274346568464,7.45,160,19,0.3290796875,0.289603125,0,100
"both",80,1.2,FALSE,TRUE,3,5,TRUE,TRUE,"obsTwo.depthCov",0.796842105263158,0.0482269503546099,21.94,0.360526315789474,0.0317846042846043,7.15,160,19,0.3290796875,0.289603125,0,100
"both",80,1.2,FALSE,TRUE,3,5,TRUE,TRUE,"obsTwo.simple",0.903684210526316,0.0553900709219858,24.98,0.718421052631579,0.0696328131045455,14.76,160,19,0.3290796875,0.289603125,0,100
"both",80,1.2,FALSE,TRUE,3,5,TRUE,TRUE,"OMNIBUS(ACAT).adj",0.877894736842105,0.0521985815602837,24.04,0.524736842105263,0.0606770435446906,10.69,160,19,0.3290796875,0.289603125,0,100
"both",80,1.2,FALSE,TRUE,3,5,TRUE,TRUE,"OMNIBUS(ACAT).noAdj",0.860526315789474,0.0515602836879433,23.62,0.523684210526316,0.0559093267843268,10.63,160,19,0.3290796875,0.289603125,0,100
"both",80,1.2,FALSE,TRUE,3,5,TRUE,TRUE,"OMNIBUS(Bonf-minP).adj",0.852631578947368,0.0524113475177305,23.59,0.493684210526316,0.0614249067925539,10.09,160,19,0.3290796875,0.289603125,0,100
"both",80,1.2,FALSE,TRUE,3,5,TRUE,TRUE,"OMNIBUS(Bonf-minP).noAdj",0.837368421052632,0.0518439716312057,23.22,0.494210526315789,0.0530929903429903,10.01,160,19,0.3290796875,0.289603125,0,100
"both",80,1.2,FALSE,TRUE,3,5,TRUE,TRUE,"oracle.prev.cov",0.646842105263158,0.0423404255319149,18.26,0.158421052631579,0.00666666666666667,3.05,160,19,0.3290796875,0.289603125,0,100
"both",80,1.2,FALSE,TRUE,3,5,TRUE,TRUE,"oracle.prev.noAdj",0.576315789473684,0.0270921985815603,14.77,0.13421052631579,0.0106666666666667,2.59,160,19,0.3290796875,0.289603125,1,100
"both",80,1.2,FALSE,TRUE,3,5,TRUE,TRUE,"pkg.ANCOMBC.cov",0.986842105263158,0.0942553191489362,32.04,0.96421052631579,0.1483980110251,21.75,160,19,0.3290796875,0.289603125,0,100
"both",80,1.2,FALSE,TRUE,3,5,TRUE,TRUE,"pkg.ANCOMBC.noAdj",0.985263157894737,0.0885106382978723,31.2,0.944736842105263,0.141456462081862,21.1,160,19,0.3290796875,0.289603125,0,100
"both",80,1.2,FALSE,TRUE,3,5,TRUE,TRUE,"pkg.DESeq2.cov",0.7,0.0406382978723404,19.03,0.498947368421053,0.033361008272773,9.86,160,19,0.3290796875,0.289603125,0,100
"both",80,1.2,FALSE,TRUE,3,5,TRUE,TRUE,"pkg.DESeq2.noAdj",0.700526315789474,0.0443262411347518,19.56,0.490526315789474,0.0407519008769009,9.77,160,19,0.3290796875,0.289603125,0,100
"both",80,1.2,FALSE,TRUE,3,5,TRUE,TRUE,"pkg.edgeR.cov",0.733684210526316,0.0331205673758865,18.61,0.518947368421053,0.0218564352314352,10.11,160,19,0.3290796875,0.289603125,0,100
"both",80,1.2,FALSE,TRUE,3,5,TRUE,TRUE,"pkg.edgeR.noAdj",0.736315789473684,0.0387234042553192,19.45,0.527894736842105,0.0316450991818639,10.42,160,19,0.3290796875,0.289603125,0,100
"both",80,1.2,FALSE,TRUE,3,5,TRUE,TRUE,"pkg.metagenomeSeq.cov",0.526315789473684,0.552056737588652,87.84,0.475263157894737,0.885026214357568,78.48,160,19,0.3290796875,0.289603125,0,100
"both",80,1.2,FALSE,TRUE,3,5,TRUE,TRUE,"pkg.metagenomeSeq.noAdj",0.857368421052632,0.15177304964539,37.69,0.752105263157895,0.303799922665344,21.02,160,19,0.3290796875,0.289603125,0,100
"both",80,1.2,FALSE,TRUE,3,5,TRUE,TRUE,"pkg.ZINQ.cov",0.942105263157895,0.0818439716312057,29.44,0.703684210526316,0.0960938910590613,14.89,160,19,0.3290796875,0.289603125,0,100
"both",80,1.2,FALSE,TRUE,3,5,TRUE,TRUE,"pkg.ZINQ.depth",0.728947368421053,0.0538297872340425,21.44,0.166315789473684,0.0406746031746032,3.38,160,19,0.3290796875,0.289603125,0,100
"both",80,1.2,FALSE,TRUE,3,5,TRUE,TRUE,"pkg.ZINQ.depthCov",0.741052631578947,0.0570212765957447,22.12,0.182631578947368,0.0391230158730159,3.68,160,19,0.3290796875,0.289603125,0,100
"both",80,1.2,FALSE,TRUE,3,5,TRUE,TRUE,"pkg.ZINQ.noAdjust",0.918421052631579,0.0754609929078014,28.09,0.649473684210526,0.0941656836885165,13.71,160,19,0.3290796875,0.289603125,0,100
"both",80,1.2,FALSE,TRUE,3,5,TRUE,TRUE,"presence(Fisher)",0.498421052631579,0.0478014184397163,16.21,0.105263157894737,0.0616904761904762,2.2,160,19,0.3290796875,0.289603125,0.95,100
"both",80,1.2,FALSE,TRUE,3,5,TRUE,TRUE,"presence(logistic+depth)",0.402105263157895,0.0456028368794326,14.07,0.02,0.01,0.39,160,19,0.3290796875,0.289603125,0,100
"both",80,1.2,FALSE,TRUE,3,5,TRUE,TRUE,"presence(logistic+depth+z)",0.407368421052632,0.0465248226950355,14.3,0.0210526315789474,0.006,0.43,160,19,0.3290796875,0.289603125,0,100
"both",80,1.2,FALSE,TRUE,3,5,TRUE,TRUE,"prevalence(Tobit).adj",0.667894736842105,0.0532624113475177,20.2,0.277368421052632,0.0308784271284271,5.47,160,19,0.3290796875,0.289603125,0,100
"both",80,1.2,FALSE,TRUE,3,5,TRUE,TRUE,"prevalence(Tobit).noAdj",0.677894736842105,0.0534042553191489,20.41,0.293684210526316,0.0367781385281385,5.88,160,19,0.3290796875,0.289603125,0,100
"both",80,1.2,TRUE,TRUE,3,5,TRUE,TRUE,"abundance(AHC-LinDA).adj",0.681578947368421,0.0528368794326241,20.4,0.299473684210526,0.0679755326372974,6.15,160,19,0.32903125,0.29079296875,0,100
"both",80,1.2,TRUE,TRUE,3,5,TRUE,TRUE,"abundance(AHC-LinDA).noAdj",0.654736842105263,0.10645390070922,27.45,0.349473684210526,0.210984101841939,9.21,160,19,0.32903125,0.29079296875,0,100
"both",80,1.2,TRUE,TRUE,3,5,TRUE,TRUE,"obsTwo.depthCov",0.744210526315789,0.0463120567375886,20.67,0.257368421052632,0.0268191946941947,5.12,160,19,0.32903125,0.29079296875,0,100
"both",80,1.2,TRUE,TRUE,3,5,TRUE,TRUE,"obsTwo.simple",0.859473684210526,0.153971631205674,38.04,0.724210526315789,0.282762983738819,20.13,160,19,0.32903125,0.29079296875,0,100
"both",80,1.2,TRUE,TRUE,3,5,TRUE,TRUE,"OMNIBUS(ACAT).adj",0.797894736842105,0.0500709219858156,22.22,0.338421052631579,0.0500141525141525,6.85,160,19,0.32903125,0.29079296875,0,100
"both",80,1.2,TRUE,TRUE,3,5,TRUE,TRUE,"OMNIBUS(ACAT).noAdj",0.833157894736842,0.129574468085106,34.1,0.558947368421053,0.211375034341578,14.3,160,19,0.32903125,0.29079296875,0,100
"both",80,1.2,TRUE,TRUE,3,5,TRUE,TRUE,"OMNIBUS(Bonf-minP).adj",0.764736842105263,0.049645390070922,21.53,0.325263157894737,0.0494370906870907,6.56,160,19,0.32903125,0.29079296875,0,100
"both",80,1.2,TRUE,TRUE,3,5,TRUE,TRUE,"OMNIBUS(Bonf-minP).noAdj",0.812631578947368,0.12709219858156,33.36,0.543684210526316,0.212344070958854,13.96,160,19,0.32903125,0.29079296875,0,100
"both",80,1.2,TRUE,TRUE,3,5,TRUE,TRUE,"oracle.prev.cov",0.546315789473684,0.0420567375886525,16.31,0.0510526315789474,0.00125,0.98,160,19,0.32903125,0.29079296875,0,100
"both",80,1.2,TRUE,TRUE,3,5,TRUE,TRUE,"oracle.prev.noAdj",0.55,0.0726950354609929,20.7,0.21421052631579,0.127406293053352,5.05,160,19,0.32903125,0.29079296875,0.62,100
"both",80,1.2,TRUE,TRUE,3,5,TRUE,TRUE,"pkg.ANCOMBC.cov",0.966315789473684,0.110425531914894,33.93,0.921578947368421,0.222741396722525,22.94,160,19,0.32903125,0.29079296875,0,100
"both",80,1.2,TRUE,TRUE,3,5,TRUE,TRUE,"pkg.ANCOMBC.noAdj",0.941578947368421,0.221914893617021,49.18,0.881578947368421,0.44897207843065,32.82,160,19,0.32903125,0.29079296875,0,100
"both",80,1.2,TRUE,TRUE,3,5,TRUE,TRUE,"pkg.DESeq2.cov",0.656315789473684,0.0373049645390071,17.73,0.442631578947368,0.0344768148518148,8.78,160,19,0.32903125,0.29079296875,0,100
"both",80,1.2,TRUE,TRUE,3,5,TRUE,TRUE,"pkg.DESeq2.noAdj",0.698947368421053,0.131914893617021,31.88,0.536842105263158,0.310782683445745,15.6,160,19,0.32903125,0.29079296875,0,100
"both",80,1.2,TRUE,TRUE,3,5,TRUE,TRUE,"pkg.edgeR.cov",0.69578947368421,0.0314893617021277,17.66,0.458421052631579,0.0218185980685981,8.94,160,19,0.32903125,0.29079296875,0,100
"both",80,1.2,TRUE,TRUE,3,5,TRUE,TRUE,"pkg.edgeR.noAdj",0.742631578947368,0.123758865248227,31.56,0.56,0.239933002176583,14.67,160,19,0.32903125,0.29079296875,0,100
"both",80,1.2,TRUE,TRUE,3,5,TRUE,TRUE,"pkg.metagenomeSeq.cov",0.502631578947368,0.51886524822695,82.71,0.423157894736842,0.887190690587033,71.12,160,19,0.32903125,0.29079296875,0,100
"both",80,1.2,TRUE,TRUE,3,5,TRUE,TRUE,"pkg.metagenomeSeq.noAdj",0.847894736842105,0.261418439716312,52.97,0.758421052631579,0.55642206349216,35.13,160,19,0.32903125,0.29079296875,0,100
"both",80,1.2,TRUE,TRUE,3,5,TRUE,TRUE,"pkg.ZINQ.cov",0.876842105263158,0.0702127659574468,26.56,0.490526315789474,0.070868783993784,10.16,160,19,0.32903125,0.29079296875,0,100
"both",80,1.2,TRUE,TRUE,3,5,TRUE,TRUE,"pkg.ZINQ.depth",0.706315789473684,0.101914893617021,27.79,0.199473684210526,0.128085552605289,4.76,160,19,0.32903125,0.29079296875,0,100
"both",80,1.2,TRUE,TRUE,3,5,TRUE,TRUE,"pkg.ZINQ.depthCov",0.674736842105263,0.0563120567375886,20.76,0.128947368421053,0.0399448051948052,2.66,160,19,0.32903125,0.29079296875,0,100
"both",80,1.2,TRUE,TRUE,3,5,TRUE,TRUE,"pkg.ZINQ.noAdjust",0.888947368421053,0.189787234042553,43.65,0.705789473684211,0.307040090681012,20.62,160,19,0.32903125,0.29079296875,0,100
"both",80,1.2,TRUE,TRUE,3,5,TRUE,TRUE,"presence(Fisher)",0.49,0.0904964539007093,22.07,0.162105263157895,0.185109862359862,4.31,160,19,0.32903125,0.29079296875,0.74,100
"both",80,1.2,TRUE,TRUE,3,5,TRUE,TRUE,"presence(logistic+depth)",0.411052631578947,0.0674468085106383,17.32,0.0236842105263158,0.025,0.5,160,19,0.32903125,0.29079296875,0,100
"both",80,1.2,TRUE,TRUE,3,5,TRUE,TRUE,"presence(logistic+depth+z)",0.366842105263158,0.045886524822695,13.44,0.00526315789473684,0,0.1,160,19,0.32903125,0.29079296875,0,100
"both",80,1.2,TRUE,TRUE,3,5,TRUE,TRUE,"prevalence(Tobit).adj",0.572631578947368,0.0487943262411348,17.76,0.117368421052632,0.0251785714285714,2.36,160,19,0.32903125,0.29079296875,0,100
"both",80,1.2,TRUE,TRUE,3,5,TRUE,TRUE,"prevalence(Tobit).noAdj",0.65,0.103404255319149,26.93,0.361578947368421,0.172551957196122,8.75,160,19,0.32903125,0.29079296875,0,100
"both",80,1.6,FALSE,TRUE,3,5,TRUE,TRUE,"abundance(AHC-LinDA).adj",0.837368421052632,0.0491489361702128,22.84,0.581052631578947,0.0647601699126467,11.88,160,19,0.335021875,0.295878125,0,100
"both",80,1.6,FALSE,TRUE,3,5,TRUE,TRUE,"abundance(AHC-LinDA).noAdj",0.823157894736842,0.0533333333333333,23.16,0.574736842105263,0.0553427373280314,11.6,160,19,0.335021875,0.295878125,0,100
"both",80,1.6,FALSE,TRUE,3,5,TRUE,TRUE,"obsTwo.depthCov",0.936315789473684,0.045886524822695,24.26,0.67,0.0290614148493405,13.16,160,19,0.335021875,0.295878125,0,100
"both",80,1.6,FALSE,TRUE,3,5,TRUE,TRUE,"obsTwo.simple",0.974736842105263,0.0563829787234043,26.47,0.918947368421053,0.0686325199138667,18.8,160,19,0.335021875,0.295878125,0,100
"both",80,1.6,FALSE,TRUE,3,5,TRUE,TRUE,"OMNIBUS(ACAT).adj",0.969473684210526,0.0497163120567376,25.43,0.838947368421053,0.0531368556194408,16.92,160,19,0.335021875,0.295878125,0,100
"both",80,1.6,FALSE,TRUE,3,5,TRUE,TRUE,"OMNIBUS(ACAT).noAdj",0.967368421052632,0.0507801418439716,25.54,0.840526315789474,0.0460100779853102,16.82,160,19,0.335021875,0.295878125,0,100
"both",80,1.6,FALSE,TRUE,3,5,TRUE,TRUE,"OMNIBUS(Bonf-minP).adj",0.958947368421053,0.0500709219858156,25.28,0.825263157894737,0.0518304462135731,16.62,160,19,0.335021875,0.295878125,0,100
"both",80,1.6,FALSE,TRUE,3,5,TRUE,TRUE,"OMNIBUS(Bonf-minP).noAdj",0.962105263157895,0.0497163120567376,25.29,0.828947368421053,0.0464881136665192,16.6,160,19,0.335021875,0.295878125,0,100
"both",80,1.6,FALSE,TRUE,3,5,TRUE,TRUE,"oracle.prev.cov",0.89421052631579,0.0438297872340426,23.17,0.57,0.0217341814532217,11.11,160,19,0.335021875,0.295878125,0,100
"both",80,1.6,FALSE,TRUE,3,5,TRUE,TRUE,"oracle.prev.noAdj",0.849473684210526,0.0288652482269504,20.21,0.507894736842105,0.0272621683871684,9.95,160,19,0.335021875,0.295878125,1.02,100
"both",80,1.6,FALSE,TRUE,3,5,TRUE,TRUE,"pkg.ANCOMBC.cov",0.996315789473684,0.09,31.62,0.992631578947368,0.138907134970293,22.05,160,19,0.335021875,0.295878125,0,100
"both",80,1.6,FALSE,TRUE,3,5,TRUE,TRUE,"pkg.ANCOMBC.noAdj",0.992631578947368,0.0869503546099291,31.12,0.988421052631579,0.139335436684127,21.98,160,19,0.335021875,0.295878125,0,100
"both",80,1.6,FALSE,TRUE,3,5,TRUE,TRUE,"pkg.DESeq2.cov",0.727894736842105,0.0421276595744681,19.77,0.597368421052632,0.045160164182223,11.96,160,19,0.335021875,0.295878125,0,100
"both",80,1.6,FALSE,TRUE,3,5,TRUE,TRUE,"pkg.DESeq2.noAdj",0.743157894736842,0.0450354609929078,20.47,0.605789473684211,0.0462251049603991,12.14,160,19,0.335021875,0.295878125,0,100
"both",80,1.6,FALSE,TRUE,3,5,TRUE,TRUE,"pkg.edgeR.cov",0.774210526315789,0.0312056737588652,19.11,0.625263157894737,0.0236052680979152,12.2,160,19,0.335021875,0.295878125,0,100
"both",80,1.6,FALSE,TRUE,3,5,TRUE,TRUE,"pkg.edgeR.noAdj",0.794210526315789,0.0365957446808511,20.25,0.634736842105263,0.0281036806330924,12.45,160,19,0.335021875,0.295878125,0,100
"both",80,1.6,FALSE,TRUE,3,5,TRUE,TRUE,"pkg.metagenomeSeq.cov",0.517894736842105,0.554113475177305,87.97,0.461578947368421,0.888446855220541,78.53,160,19,0.335021875,0.295878125,0,100
"both",80,1.6,FALSE,TRUE,3,5,TRUE,TRUE,"pkg.metagenomeSeq.noAdj",0.884736842105263,0.155815602836879,38.78,0.83,0.284585361805839,22.8,160,19,0.335021875,0.295878125,0,100
"both",80,1.6,FALSE,TRUE,3,5,TRUE,TRUE,"pkg.ZINQ.cov",0.983157894736842,0.085177304964539,30.69,0.914736842105263,0.093360347882999,19.28,160,19,0.335021875,0.295878125,0.03,100
"both",80,1.6,FALSE,TRUE,3,5,TRUE,TRUE,"pkg.ZINQ.depth",0.891578947368421,0.0508510638297872,24.11,0.458947368421053,0.0389623097490745,9.16,160,19,0.335021875,0.295878125,0.03,100
"both",80,1.6,FALSE,TRUE,3,5,TRUE,TRUE,"pkg.ZINQ.depthCov",0.888421052631579,0.0536170212765957,24.44,0.487894736842105,0.0375427415721533,9.71,160,19,0.335021875,0.295878125,0.03,100
"both",80,1.6,FALSE,TRUE,3,5,TRUE,TRUE,"pkg.ZINQ.noAdjust",0.98,0.0841843971631206,30.49,0.902631578947369,0.08809604335343,18.92,160,19,0.335021875,0.295878125,0.03,100
"both",80,1.6,FALSE,TRUE,3,5,TRUE,TRUE,"presence(Fisher)",0.781052631578947,0.0495744680851064,21.83,0.439473684210526,0.0591747974247974,8.96,160,19,0.335021875,0.295878125,0.84,100
"both",80,1.6,FALSE,TRUE,3,5,TRUE,TRUE,"presence(logistic+depth)",0.618947368421053,0.044113475177305,17.98,0.0957894736842105,0.00472222222222222,1.85,160,19,0.335021875,0.295878125,0,100
"both",80,1.6,FALSE,TRUE,3,5,TRUE,TRUE,"presence(logistic+depth+z)",0.629473684210526,0.044113475177305,18.18,0.0968421052631579,0.00761111111111111,1.89,160,19,0.335021875,0.295878125,0,100
"both",80,1.6,FALSE,TRUE,3,5,TRUE,TRUE,"prevalence(Tobit).adj",0.875789473684211,0.050354609929078,23.74,0.652105263157895,0.0430809122937606,13.02,160,19,0.335021875,0.295878125,0,100
"both",80,1.6,FALSE,TRUE,3,5,TRUE,TRUE,"prevalence(Tobit).noAdj",0.881052631578947,0.0487943262411347,23.62,0.667894736842105,0.0392750950030362,13.27,160,19,0.335021875,0.295878125,0,100
"both",80,1.6,TRUE,TRUE,3,5,TRUE,TRUE,"abundance(AHC-LinDA).adj",0.786315789473684,0.0534751773049645,22.48,0.522631578947368,0.0748487396676251,10.81,160,19,0.33540234375,0.2964078125,0,100
"both",80,1.6,TRUE,TRUE,3,5,TRUE,TRUE,"abundance(AHC-LinDA).noAdj",0.778421052631579,0.106737588652482,29.84,0.537894736842105,0.19935415052522,13.52,160,19,0.33540234375,0.2964078125,0,100
"both",80,1.6,TRUE,TRUE,3,5,TRUE,TRUE,"obsTwo.depthCov",0.91,0.0457446808510638,23.74,0.58,0.0411169173963292,11.53,160,19,0.33540234375,0.2964078125,0,100
"both",80,1.6,TRUE,TRUE,3,5,TRUE,TRUE,"obsTwo.simple",0.951578947368421,0.153687943262411,39.75,0.901052631578947,0.265402675479612,24.19,160,19,0.33540234375,0.2964078125,0,100
"both",80,1.6,TRUE,TRUE,3,5,TRUE,TRUE,"OMNIBUS(ACAT).adj",0.94,0.0548936170212766,25.6,0.717894736842105,0.063696734509041,14.64,160,19,0.33540234375,0.2964078125,0,100
"both",80,1.6,TRUE,TRUE,3,5,TRUE,TRUE,"OMNIBUS(ACAT).noAdj",0.950526315789474,0.12758865248227,36.05,0.83421052631579,0.206058340028838,20.7,160,19,0.33540234375,0.2964078125,0,100
"both",80,1.6,TRUE,TRUE,3,5,TRUE,TRUE,"OMNIBUS(Bonf-minP).adj",0.928421052631579,0.0534042553191489,25.17,0.684210526315789,0.0653171231503275,13.95,160,19,0.33540234375,0.2964078125,0,100
"both",80,1.6,TRUE,TRUE,3,5,TRUE,TRUE,"OMNIBUS(Bonf-minP).noAdj",0.943684210526316,0.124397163120567,35.47,0.82,0.206989141154425,20.39,160,19,0.33540234375,0.2964078125,0,100
"both",80,1.6,TRUE,TRUE,3,5,TRUE,TRUE,"oracle.prev.cov",0.817368421052632,0.0441843971631206,21.76,0.348947368421053,0.0210781024531025,6.79,160,19,0.33540234375,0.2964078125,0,100
"both",80,1.6,TRUE,TRUE,3,5,TRUE,TRUE,"oracle.prev.noAdj",0.802105263157895,0.0699290780141844,25.1,0.526842105263158,0.112544499918726,11.49,160,19,0.33540234375,0.2964078125,0.81,100
"both",80,1.6,TRUE,TRUE,3,5,TRUE,TRUE,"pkg.ANCOMBC.cov",0.991052631578947,0.108723404255319,34.16,0.980526315789474,0.195897916752921,23.51,160,19,0.33540234375,0.2964078125,0,100
"both",80,1.6,TRUE,TRUE,3,5,TRUE,TRUE,"pkg.ANCOMBC.noAdj",0.978421052631579,0.214184397163121,48.79,0.961052631578947,0.411898072593059,32.88,160,19,0.33540234375,0.2964078125,0,100
"both",80,1.6,TRUE,TRUE,3,5,TRUE,TRUE,"pkg.DESeq2.cov",0.679473684210526,0.0390070921985816,18.41,0.540526315789474,0.038867773566303,10.76,160,19,0.33540234375,0.2964078125,0,100
"both",80,1.6,TRUE,TRUE,3,5,TRUE,TRUE,"pkg.DESeq2.noAdj",0.72578947368421,0.138014184397163,33.25,0.598421052631579,0.306395217733389,17.12,160,19,0.33540234375,0.2964078125,0,100
"both",80,1.6,TRUE,TRUE,3,5,TRUE,TRUE,"pkg.edgeR.cov",0.717894736842105,0.0321985815602837,18.18,0.578947368421053,0.0229275152951624,11.29,160,19,0.33540234375,0.2964078125,0,100
"both",80,1.6,TRUE,TRUE,3,5,TRUE,TRUE,"pkg.edgeR.noAdj",0.768421052631579,0.124822695035461,32.2,0.637368421052631,0.232260820265868,16.34,160,19,0.33540234375,0.2964078125,0,100
"both",80,1.6,TRUE,TRUE,3,5,TRUE,TRUE,"pkg.metagenomeSeq.cov",0.496842105263158,0.511914893617021,81.62,0.423157894736842,0.886765678321646,70.65,160,19,0.33540234375,0.2964078125,0,100
"both",80,1.6,TRUE,TRUE,3,5,TRUE,TRUE,"pkg.metagenomeSeq.noAdj",0.873684210526316,0.265035460992908,53.97,0.822631578947368,0.551388645726784,36.96,160,19,0.33540234375,0.2964078125,0,100
"both",80,1.6,TRUE,TRUE,3,5,TRUE,TRUE,"pkg.ZINQ.cov",0.96421052631579,0.0740425531914894,28.76,0.8,0.0766933106199225,16.59,160,19,0.33540234375,0.2964078125,0.04,100
"both",80,1.6,TRUE,TRUE,3,5,TRUE,TRUE,"pkg.ZINQ.depth",0.858947368421053,0.104326241134752,31.03,0.505263157894737,0.131774950668527,11.56,160,19,0.33540234375,0.2964078125,0.04,100
"both",80,1.6,TRUE,TRUE,3,5,TRUE,TRUE,"pkg.ZINQ.depthCov",0.859473684210526,0.055531914893617,24.16,0.416315789473684,0.0573286990786991,8.45,160,19,0.33540234375,0.2964078125,0.04,100
"both",80,1.6,TRUE,TRUE,3,5,TRUE,TRUE,"pkg.ZINQ.noAdjust",0.96421052631579,0.187021276595745,44.69,0.884736842105263,0.289054649811371,24.74,160,19,0.33540234375,0.2964078125,0.04,100
"both",80,1.6,TRUE,TRUE,3,5,TRUE,TRUE,"presence(Fisher)",0.755263157894737,0.0911347517730496,27.2,0.488947368421053,0.157697617054428,11.39,160,19,0.33540234375,0.2964078125,0.81,100
"both",80,1.6,TRUE,TRUE,3,5,TRUE,TRUE,"presence(logistic+depth)",0.62,0.0685815602836879,21.45,0.146842105263158,0.0542002164502165,3.06,160,19,0.33540234375,0.2964078125,0,100
"both",80,1.6,TRUE,TRUE,3,5,TRUE,TRUE,"presence(logistic+depth+z)",0.590526315789474,0.0440425531914894,17.43,0.0768421052631579,0.0198333333333333,1.51,160,19,0.33540234375,0.2964078125,0,100
"both",80,1.6,TRUE,TRUE,3,5,TRUE,TRUE,"prevalence(Tobit).adj",0.806315789473684,0.0509219858156028,22.5,0.467368421052632,0.0535414169164169,9.44,160,19,0.33540234375,0.2964078125,0,100
"both",80,1.6,TRUE,TRUE,3,5,TRUE,TRUE,"prevalence(Tobit).noAdj",0.85421052631579,0.10758865248227,31.4,0.671578947368421,0.166481497169393,15.63,160,19,0.33540234375,0.2964078125,0,100
"both",80,2,FALSE,TRUE,3,5,TRUE,TRUE,"abundance(AHC-LinDA).adj",0.790526315789474,0.0540425531914894,22.64,0.613684210526316,0.0472539270155369,12.3,160,19,0.3405859375,0.30123125,0,100
"both",80,2,FALSE,TRUE,3,5,TRUE,TRUE,"abundance(AHC-LinDA).noAdj",0.778947368421053,0.0552482269503546,22.59,0.607368421052632,0.0716742776487359,12.56,160,19,0.3405859375,0.30123125,0,100
"both",80,2,FALSE,TRUE,3,5,TRUE,TRUE,"obsTwo.depthCov",0.956315789473684,0.0492198581560284,25.11,0.814736842105263,0.0360252545012607,16.11,160,19,0.3405859375,0.30123125,0,100
"both",80,2,FALSE,TRUE,3,5,TRUE,TRUE,"obsTwo.simple",0.969473684210526,0.0560283687943262,26.32,0.941578947368421,0.0661386440020846,19.24,160,19,0.3405859375,0.30123125,0,100
"both",80,2,FALSE,TRUE,3,5,TRUE,TRUE,"OMNIBUS(ACAT).adj",0.983157894736842,0.0506382978723404,25.82,0.93421052631579,0.0363956900942195,18.46,160,19,0.3405859375,0.30123125,0,100
"both",80,2,FALSE,TRUE,3,5,TRUE,TRUE,"OMNIBUS(ACAT).noAdj",0.98421052631579,0.0519148936170213,26.02,0.94421052631579,0.049959595959596,18.95,160,19,0.3405859375,0.30123125,0,100
"both",80,2,FALSE,TRUE,3,5,TRUE,TRUE,"OMNIBUS(Bonf-minP).adj",0.978947368421053,0.0504964539007092,25.72,0.924736842105263,0.0353374987155947,18.25,160,19,0.3405859375,0.30123125,0,100
"both",80,2,FALSE,TRUE,3,5,TRUE,TRUE,"OMNIBUS(Bonf-minP).noAdj",0.982631578947369,0.0514184397163121,25.92,0.93421052631579,0.0496048298107122,18.74,160,19,0.3405859375,0.30123125,0,100
"both",80,2,FALSE,TRUE,3,5,TRUE,TRUE,"oracle.prev.cov",0.968947368421053,0.0404964539007092,24.12,0.851052631578947,0.0143222677735062,16.43,160,19,0.3405859375,0.30123125,0,100
"both",80,2,FALSE,TRUE,3,5,TRUE,TRUE,"oracle.prev.noAdj",0.955263157894737,0.0261702127659575,21.84,0.813157894736842,0.0166437861244363,15.73,160,19,0.3405859375,0.30123125,1.3,100
"both",80,2,FALSE,TRUE,3,5,TRUE,TRUE,"pkg.ANCOMBC.cov",0.993684210526316,0.0926241134751773,31.94,0.990526315789474,0.14852196703262,22.31,160,19,0.3405859375,0.30123125,0,100
"both",80,2,FALSE,TRUE,3,5,TRUE,TRUE,"pkg.ANCOMBC.noAdj",0.993684210526316,0.0919858156028369,31.85,0.99,0.146395161325574,22.29,160,19,0.3405859375,0.30123125,0,100
"both",80,2,FALSE,TRUE,3,5,TRUE,TRUE,"pkg.DESeq2.cov",0.744210526315789,0.0421276595744681,20.08,0.6,0.0458286337845161,11.97,160,19,0.3405859375,0.30123125,0,100
"both",80,2,FALSE,TRUE,3,5,TRUE,TRUE,"pkg.DESeq2.noAdj",0.749473684210526,0.0456028368794326,20.67,0.612631578947368,0.0497052448755235,12.28,160,19,0.3405859375,0.30123125,0,100
"both",80,2,FALSE,TRUE,3,5,TRUE,TRUE,"pkg.edgeR.cov",0.8,0.0284397163120567,19.21,0.648947368421053,0.026102749546635,12.69,160,19,0.3405859375,0.30123125,0,100
"both",80,2,FALSE,TRUE,3,5,TRUE,TRUE,"pkg.edgeR.noAdj",0.816315789473684,0.0339716312056738,20.3,0.674210526315789,0.0312526874570218,13.25,160,19,0.3405859375,0.30123125,0,100
"both",80,2,FALSE,TRUE,3,5,TRUE,TRUE,"pkg.metagenomeSeq.cov",0.505263157894737,0.547730496453901,86.83,0.437894736842105,0.892991886453022,77.56,160,19,0.3405859375,0.30123125,0,100
"both",80,2,FALSE,TRUE,3,5,TRUE,TRUE,"pkg.metagenomeSeq.noAdj",0.846315789473684,0.156028368794326,38.08,0.794210526315789,0.314250280217183,22.65,160,19,0.3405859375,0.30123125,0,100
"both",80,2,FALSE,TRUE,3,5,TRUE,TRUE,"pkg.ZINQ.cov",0.987368421052632,0.084113475177305,30.62,0.961052631578947,0.092844331844103,20.26,160,19,0.3405859375,0.30123125,0.07,100
"both",80,2,FALSE,TRUE,3,5,TRUE,TRUE,"pkg.ZINQ.depth",0.950526315789474,0.0574468085106383,26.16,0.722105263157895,0.0439036058540703,14.43,160,19,0.3405859375,0.30123125,0.07,100
"both",80,2,FALSE,TRUE,3,5,TRUE,TRUE,"pkg.ZINQ.depthCov",0.951052631578947,0.0595035460992908,26.46,0.738421052631579,0.0506494048607052,14.83,160,19,0.3405859375,0.30123125,0.07,100
"both",80,2,FALSE,TRUE,3,5,TRUE,TRUE,"pkg.ZINQ.noAdjust",0.988947368421053,0.07822695035461,29.82,0.958947368421053,0.0818961067497168,19.96,160,19,0.3405859375,0.30123125,0.07,100
"both",80,2,FALSE,TRUE,3,5,TRUE,TRUE,"presence(Fisher)",0.921578947368421,0.0414893617021277,23.36,0.743157894736842,0.0394222806776986,14.76,160,19,0.3405859375,0.30123125,1.08,100
"both",80,2,FALSE,TRUE,3,5,TRUE,TRUE,"presence(logistic+depth)",0.794210526315789,0.0447517730496454,21.4,0.346315789473684,0.0168136030636031,6.71,160,19,0.3405859375,0.30123125,0,100
"both",80,2,FALSE,TRUE,3,5,TRUE,TRUE,"presence(logistic+depth+z)",0.801052631578947,0.044113475177305,21.44,0.361578947368421,0.0199104959368117,7.05,160,19,0.3405859375,0.30123125,0,100
"both",80,2,FALSE,TRUE,3,5,TRUE,TRUE,"prevalence(Tobit).adj",0.947368421052632,0.0527659574468085,25.44,0.85421052631579,0.0275730379871247,16.73,160,19,0.3405859375,0.30123125,0,100
"both",80,2,FALSE,TRUE,3,5,TRUE,TRUE,"prevalence(Tobit).noAdj",0.958421052631579,0.0505673758865248,25.34,0.87,0.0282314945116803,17.05,160,19,0.3405859375,0.30123125,0,100
"both",80,2,TRUE,TRUE,3,5,TRUE,TRUE,"abundance(AHC-LinDA).adj",0.77,0.0511347517730496,21.84,0.567894736842105,0.0689879646497294,11.63,160,19,0.3403828125,0.3002484375,0,100
"both",80,2,TRUE,TRUE,3,5,TRUE,TRUE,"abundance(AHC-LinDA).noAdj",0.758947368421053,0.111985815602837,30.21,0.593684210526316,0.19950018884923,14.73,160,19,0.3403828125,0.3002484375,0,100
"both",80,2,TRUE,TRUE,3,5,TRUE,TRUE,"obsTwo.depthCov",0.946842105263158,0.0513475177304965,25.23,0.753684210526316,0.0324768782129463,14.83,160,19,0.3403828125,0.3002484375,0,100
"both",80,2,TRUE,TRUE,3,5,TRUE,TRUE,"obsTwo.simple",0.972105263157895,0.159645390070922,40.98,0.944736842105263,0.27765195251138,25.63,160,19,0.3403828125,0.3002484375,0,100
"both",80,2,TRUE,TRUE,3,5,TRUE,TRUE,"OMNIBUS(ACAT).adj",0.977894736842105,0.0502127659574468,25.66,0.872631578947368,0.0464185384189254,17.42,160,19,0.3403828125,0.3002484375,0,100
"both",80,2,TRUE,TRUE,3,5,TRUE,TRUE,"OMNIBUS(ACAT).noAdj",0.992631578947369,0.133617021276596,37.7,0.933157894736842,0.19188216582676,22.47,160,19,0.3403828125,0.3002484375,0,100
"both",80,2,TRUE,TRUE,3,5,TRUE,TRUE,"OMNIBUS(Bonf-minP).adj",0.972105263157895,0.0483687943262411,25.29,0.856842105263158,0.0460982320912661,17.1,160,19,0.3403828125,0.3002484375,0,100
"both",80,2,TRUE,TRUE,3,5,TRUE,TRUE,"OMNIBUS(Bonf-minP).noAdj",0.987894736842105,0.13,37.1,0.92421052631579,0.188312188315793,22.11,160,19,0.3403828125,0.3002484375,0,100
"both",80,2,TRUE,TRUE,3,5,TRUE,TRUE,"oracle.prev.cov",0.923157894736842,0.0436170212765957,23.69,0.670526315789474,0.015186220642103,12.96,160,19,0.3403828125,0.3002484375,0,100
"both",80,2,TRUE,TRUE,3,5,TRUE,TRUE,"oracle.prev.noAdj",0.909473684210526,0.0735460992907801,27.65,0.749473684210526,0.0966151442240922,15.9,160,19,0.3403828125,0.3002484375,0.7,100
"both",80,2,TRUE,TRUE,3,5,TRUE,TRUE,"pkg.ANCOMBC.cov",0.99,0.107021276595745,33.9,0.987894736842105,0.191447595364965,23.52,160,19,0.3403828125,0.3002484375,0,100
"both",80,2,TRUE,TRUE,3,5,TRUE,TRUE,"pkg.ANCOMBC.noAdj",0.989473684210526,0.21354609929078,48.91,0.985263157894737,0.417034984389845,34.12,160,19,0.3403828125,0.3002484375,0,100
"both",80,2,TRUE,TRUE,3,5,TRUE,TRUE,"pkg.DESeq2.cov",0.704736842105263,0.0426241134751773,19.4,0.576315789473684,0.0348162417647712,11.4,160,19,0.3403828125,0.3002484375,0,100
"both",80,2,TRUE,TRUE,3,5,TRUE,TRUE,"pkg.DESeq2.noAdj",0.758421052631579,0.141914893617021,34.42,0.638947368421053,0.32135946545309,18.52,160,19,0.3403828125,0.3002484375,0,100
"both",80,2,TRUE,TRUE,3,5,TRUE,TRUE,"pkg.edgeR.cov",0.767368421052631,0.0309929078014184,18.95,0.617894736842105,0.0184116659484307,12,160,19,0.3403828125,0.3002484375,0,100
"both",80,2,TRUE,TRUE,3,5,TRUE,TRUE,"pkg.edgeR.noAdj",0.812631578947368,0.123120567375887,32.8,0.7,0.242590291923668,18.09,160,19,0.3403828125,0.3002484375,0,100
"both",80,2,TRUE,TRUE,3,5,TRUE,TRUE,"pkg.metagenomeSeq.cov",0.484736842105263,0.516028368794326,81.97,0.406315789473684,0.890067461885419,70.25,160,19,0.3403828125,0.3002484375,0,100
"both",80,2,TRUE,TRUE,3,5,TRUE,TRUE,"pkg.metagenomeSeq.noAdj",0.851052631578947,0.278368794326241,55.42,0.810526315789474,0.579552916521462,38.98,160,19,0.3403828125,0.3002484375,0,100
"both",80,2,TRUE,TRUE,3,5,TRUE,TRUE,"pkg.ZINQ.cov",0.985789473684211,0.0766666666666667,29.54,0.917894736842105,0.07687774022279,19.02,160,19,0.3403828125,0.3002484375,0.09,100
"both",80,2,TRUE,TRUE,3,5,TRUE,TRUE,"pkg.ZINQ.depth",0.936842105263158,0.115673758865248,34.11,0.719473684210526,0.136666939383187,16.19,160,19,0.3403828125,0.3002484375,0.09,100
"both",80,2,TRUE,TRUE,3,5,TRUE,TRUE,"pkg.ZINQ.depthCov",0.927894736842105,0.0602127659574468,26.12,0.654736842105263,0.0504107297071693,13.16,160,19,0.3403828125,0.3002484375,0.09,100
"both",80,2,TRUE,TRUE,3,5,TRUE,TRUE,"pkg.ZINQ.noAdjust",0.987894736842105,0.199787234042553,46.94,0.95421052631579,0.305660782653577,27.24,160,19,0.3403828125,0.3002484375,0.09,100
"both",80,2,TRUE,TRUE,3,5,TRUE,TRUE,"presence(Fisher)",0.883157894736842,0.0906382978723404,29.56,0.717894736842105,0.141680987232656,16.05,160,19,0.3403828125,0.3002484375,0.82,100
"both",80,2,TRUE,TRUE,3,5,TRUE,TRUE,"presence(logistic+depth)",0.757894736842105,0.0702836879432624,24.31,0.36421052631579,0.0444873043623044,7.3,160,19,0.3403828125,0.3002484375,0,100
"both",80,2,TRUE,TRUE,3,5,TRUE,TRUE,"presence(logistic+depth+z)",0.731578947368421,0.0458156028368794,20.36,0.263157894736842,0.0115427905427905,5.1,160,19,0.3403828125,0.3002484375,0,100
"both",80,2,TRUE,TRUE,3,5,TRUE,TRUE,"prevalence(Tobit).adj",0.905789473684211,0.0521276595744681,24.56,0.705789473684211,0.0239371961028308,13.76,160,19,0.3403828125,0.3002484375,0,100
"both",80,2,TRUE,TRUE,3,5,TRUE,TRUE,"prevalence(Tobit).noAdj",0.94,0.111276595744681,33.55,0.833684210526316,0.151043604869951,18.85,160,19,0.3403828125,0.3002484375,0,100
"both",80,2.6,FALSE,TRUE,3,5,TRUE,TRUE,"abundance(AHC-LinDA).adj",0.601578947368421,0.0518439716312057,18.74,0.498947368421053,0.056310998641881,10.12,160,19,0.34595546875,0.30546953125,0,100
"both",80,2.6,FALSE,TRUE,3,5,TRUE,TRUE,"abundance(AHC-LinDA).noAdj",0.595789473684211,0.050354609929078,18.42,0.491052631578947,0.0473488733488734,9.85,160,19,0.34595546875,0.30546953125,0,100
"both",80,2.6,FALSE,TRUE,3,5,TRUE,TRUE,"obsTwo.depthCov",0.883157894736842,0.0518439716312057,24.09,0.838421052631579,0.0406612669199155,16.68,160,19,0.34595546875,0.30546953125,0,100
"both",80,2.6,FALSE,TRUE,3,5,TRUE,TRUE,"obsTwo.simple",0.89,0.0673049645390071,26.4,0.877894736842105,0.0792284250183193,18.25,160,19,0.34595546875,0.30546953125,0,100
"both",80,2.6,FALSE,TRUE,3,5,TRUE,TRUE,"OMNIBUS(ACAT).adj",0.994736842105263,0.0521985815602837,26.26,0.982105263157895,0.0489493116850096,19.69,160,19,0.34595546875,0.30546953125,0,100
"both",80,2.6,FALSE,TRUE,3,5,TRUE,TRUE,"OMNIBUS(ACAT).noAdj",0.995263157894737,0.051063829787234,26.11,0.981578947368421,0.044457374909606,19.57,160,19,0.34595546875,0.30546953125,0,100
"both",80,2.6,FALSE,TRUE,3,5,TRUE,TRUE,"OMNIBUS(Bonf-minP).adj",0.99421052631579,0.0504964539007092,26.01,0.98,0.0480643720632279,19.63,160,19,0.34595546875,0.30546953125,0,100
"both",80,2.6,FALSE,TRUE,3,5,TRUE,TRUE,"OMNIBUS(Bonf-minP).noAdj",0.994736842105263,0.0506382978723404,26.04,0.980526315789474,0.0432436303208614,19.53,160,19,0.34595546875,0.30546953125,0,100
"both",80,2.6,FALSE,TRUE,3,5,TRUE,TRUE,"oracle.prev.cov",0.983684210526316,0.0414893617021277,24.54,0.96,0.0265589352168299,18.77,160,19,0.34595546875,0.30546953125,0,100
"both",80,2.6,FALSE,TRUE,3,5,TRUE,TRUE,"oracle.prev.noAdj",0.99421052631579,0.0271631205673759,22.72,0.967368421052632,0.0182720281094894,18.74,160,19,0.34595546875,0.30546953125,1.2,100
"both",80,2.6,FALSE,TRUE,3,5,TRUE,TRUE,"pkg.ANCOMBC.cov",0.960526315789474,0.0917021276595745,31.18,0.958947368421053,0.14050189827576,21.35,160,19,0.34595546875,0.30546953125,0,100
"both",80,2.6,FALSE,TRUE,3,5,TRUE,TRUE,"pkg.ANCOMBC.noAdj",0.961052631578947,0.0911347517730496,31.11,0.958421052631579,0.149639423749145,21.66,160,19,0.34595546875,0.30546953125,0,100
"both",80,2.6,FALSE,TRUE,3,5,TRUE,TRUE,"pkg.DESeq2.cov",0.757368421052631,0.0445390070921986,20.67,0.622631578947368,0.0463392832657539,12.47,160,19,0.34595546875,0.30546953125,0,100
"both",80,2.6,FALSE,TRUE,3,5,TRUE,TRUE,"pkg.DESeq2.noAdj",0.785263157894737,0.046241134751773,21.44,0.662105263157895,0.0466784750131937,13.3,160,19,0.34595546875,0.30546953125,0,100
"both",80,2.6,FALSE,TRUE,3,5,TRUE,TRUE,"pkg.edgeR.cov",0.825263157894737,0.0265957446808511,19.43,0.692631578947368,0.0174806304806305,13.4,160,19,0.34595546875,0.30546953125,0,100
"both",80,2.6,FALSE,TRUE,3,5,TRUE,TRUE,"pkg.edgeR.noAdj",0.859473684210526,0.034468085106383,21.19,0.726315789473684,0.0256438803714345,14.19,160,19,0.34595546875,0.30546953125,0,100
"both",80,2.6,FALSE,TRUE,3,5,TRUE,TRUE,"pkg.metagenomeSeq.cov",0.459473684210526,0.544964539007092,85.57,0.39421052631579,0.901470331865973,76.02,160,19,0.34595546875,0.30546953125,0,100
"both",80,2.6,FALSE,TRUE,3,5,TRUE,TRUE,"pkg.metagenomeSeq.noAdj",0.797894736842105,0.153049645390071,36.74,0.742631578947368,0.293142746332149,20.59,160,19,0.34595546875,0.30546953125,0,100
"both",80,2.6,FALSE,TRUE,3,5,TRUE,TRUE,"pkg.ZINQ.cov",0.962105263157895,0.089645390070922,30.92,0.950526315789474,0.109788344495028,20.47,160,19,0.34595546875,0.30546953125,0.7,100
"both",80,2.6,FALSE,TRUE,3,5,TRUE,TRUE,"pkg.ZINQ.depth",0.946315789473684,0.0587943262411347,26.27,0.854736842105263,0.0493863854975882,17.13,160,19,0.34595546875,0.30546953125,0.7,100
"both",80,2.6,FALSE,TRUE,3,5,TRUE,TRUE,"pkg.ZINQ.depthCov",0.95,0.0604255319148936,26.57,0.867894736842105,0.0508490152348511,17.45,160,19,0.34595546875,0.30546953125,0.7,100
"both",80,2.6,FALSE,TRUE,3,5,TRUE,TRUE,"pkg.ZINQ.noAdjust",0.962105263157895,0.0873758865248227,30.6,0.948421052631579,0.0983644995375873,20.15,160,19,0.34595546875,0.30546953125,0.7,100
"both",80,2.6,FALSE,TRUE,3,5,TRUE,TRUE,"presence(Fisher)",0.978947368421053,0.044468085106383,24.87,0.927894736842105,0.0436634972448171,18.48,160,19,0.34595546875,0.30546953125,0.99,100
"both",80,2.6,FALSE,TRUE,3,5,TRUE,TRUE,"presence(logistic+depth)",0.878947368421053,0.0448936170212766,23.03,0.636842105263158,0.0281913486839957,12.49,160,19,0.34595546875,0.30546953125,0,100
"both",80,2.6,FALSE,TRUE,3,5,TRUE,TRUE,"presence(logistic+depth+z)",0.891578947368421,0.0466666666666667,23.52,0.656315789473684,0.0271582665700313,12.85,160,19,0.34595546875,0.30546953125,0,100
"both",80,2.6,FALSE,TRUE,3,5,TRUE,TRUE,"prevalence(Tobit).adj",0.992105263157895,0.0528368794326241,26.3,0.965263157894737,0.048056916879504,19.3,160,19,0.34595546875,0.30546953125,0,100
"both",80,2.6,FALSE,TRUE,3,5,TRUE,TRUE,"prevalence(Tobit).noAdj",0.992105263157895,0.0539007092198581,26.45,0.968421052631579,0.0411899858827103,19.23,160,19,0.34595546875,0.30546953125,0,100
"both",80,2.6,TRUE,TRUE,3,5,TRUE,TRUE,"abundance(AHC-LinDA).adj",0.558947368421053,0.0514184397163121,17.87,0.453157894736842,0.0575788002846826,9.18,160,19,0.34850859375,0.30715625,0,100
"both",80,2.6,TRUE,TRUE,3,5,TRUE,TRUE,"abundance(AHC-LinDA).noAdj",0.548421052631579,0.108297872340426,25.69,0.457368421052632,0.214990339553807,11.66,160,19,0.34850859375,0.30715625,0,100
"both",80,2.6,TRUE,TRUE,3,5,TRUE,TRUE,"obsTwo.depthCov",0.883157894736842,0.0539716312056738,24.39,0.804736842105263,0.0378295728179629,15.97,160,19,0.34850859375,0.30715625,0,100
"both",80,2.6,TRUE,TRUE,3,5,TRUE,TRUE,"obsTwo.simple",0.889473684210526,0.15758865248227,39.12,0.883157894736842,0.291255746460298,24.86,160,19,0.34850859375,0.30715625,0,100
"both",80,2.6,TRUE,TRUE,3,5,TRUE,TRUE,"OMNIBUS(ACAT).adj",0.991052631578947,0.0487234042553191,25.7,0.956315789473684,0.0419834881320949,19,160,19,0.34850859375,0.30715625,0,100
"both",80,2.6,TRUE,TRUE,3,5,TRUE,TRUE,"OMNIBUS(ACAT).noAdj",0.995789473684211,0.125390070921986,36.6,0.985263157894737,0.191783068590946,23.66,160,19,0.34850859375,0.30715625,0,100
"both",80,2.6,TRUE,TRUE,3,5,TRUE,TRUE,"OMNIBUS(Bonf-minP).adj",0.989473684210526,0.0470212765957447,25.43,0.947894736842105,0.041938154209052,18.83,160,19,0.34850859375,0.30715625,0,100
"both",80,2.6,TRUE,TRUE,3,5,TRUE,TRUE,"OMNIBUS(Bonf-minP).noAdj",0.995263157894737,0.123758865248227,36.36,0.984736842105263,0.188364310657813,23.54,160,19,0.34850859375,0.30715625,0,100
"both",80,2.6,TRUE,TRUE,3,5,TRUE,TRUE,"oracle.prev.cov",0.978421052631579,0.0419148936170213,24.5,0.925789473684211,0.0183978573885695,17.94,160,19,0.34850859375,0.30715625,0,100
"both",80,2.6,TRUE,TRUE,3,5,TRUE,TRUE,"oracle.prev.noAdj",0.985789473684211,0.0687234042553192,28.42,0.941052631578947,0.0995865108128636,20.06,160,19,0.34850859375,0.30715625,0.96,100
"both",80,2.6,TRUE,TRUE,3,5,TRUE,TRUE,"pkg.ANCOMBC.cov",0.967894736842105,0.109503546099291,33.83,0.966842105263158,0.198230995426347,23.11,160,19,0.34850859375,0.30715625,0,100
"both",80,2.6,TRUE,TRUE,3,5,TRUE,TRUE,"pkg.ANCOMBC.noAdj",0.969473684210526,0.216241134751773,48.91,0.966315789473684,0.410639691018297,33.54,160,19,0.34850859375,0.30715625,0,100
"both",80,2.6,TRUE,TRUE,3,5,TRUE,TRUE,"pkg.DESeq2.cov",0.710526315789474,0.0431205673758865,19.58,0.581578947368421,0.0349891285185403,11.51,160,19,0.34850859375,0.30715625,0,100
"both",80,2.6,TRUE,TRUE,3,5,TRUE,TRUE,"pkg.DESeq2.noAdj",0.757368421052631,0.140567375886525,34.21,0.661052631578947,0.298179936176773,18.62,160,19,0.34850859375,0.30715625,0,100
"both",80,2.6,TRUE,TRUE,3,5,TRUE,TRUE,"pkg.edgeR.cov",0.785263157894737,0.0266666666666667,18.68,0.645263157894737,0.0148348163274634,12.46,160,19,0.34850859375,0.30715625,0,100
"both",80,2.6,TRUE,TRUE,3,5,TRUE,TRUE,"pkg.edgeR.noAdj",0.83,0.118156028368794,32.43,0.716842105263158,0.207727741788531,17.78,160,19,0.34850859375,0.30715625,0,100
"both",80,2.6,TRUE,TRUE,3,5,TRUE,TRUE,"pkg.metagenomeSeq.cov",0.42,0.507801418439716,79.58,0.355789473684211,0.900350424054762,67.83,160,19,0.34850859375,0.30715625,0,100
"both",80,2.6,TRUE,TRUE,3,5,TRUE,TRUE,"pkg.metagenomeSeq.noAdj",0.805263157894737,0.273900709219858,53.92,0.753684210526316,0.575401653033113,36.04,160,19,0.34850859375,0.30715625,0,100
"both",80,2.6,TRUE,TRUE,3,5,TRUE,TRUE,"pkg.ZINQ.cov",0.968421052631579,0.0823404255319149,30.01,0.944736842105263,0.0841490138220276,19.74,160,19,0.34850859375,0.30715625,0.53,100
"both",80,2.6,TRUE,TRUE,3,5,TRUE,TRUE,"pkg.ZINQ.depth",0.952105263157895,0.113475177304965,34.09,0.857894736842105,0.143560605987328,19.45,160,19,0.34850859375,0.30715625,0.53,100
"both",80,2.6,TRUE,TRUE,3,5,TRUE,TRUE,"pkg.ZINQ.depthCov",0.946315789473684,0.0619148936170213,26.71,0.814210526315789,0.0488959581701707,16.36,160,19,0.34850859375,0.30715625,0.53,100
"both",80,2.6,TRUE,TRUE,3,5,TRUE,TRUE,"pkg.ZINQ.noAdjust",0.969473684210526,0.194113475177305,45.79,0.962631578947369,0.303673174597945,27.56,160,19,0.34850859375,0.30715625,0.53,100
"both",80,2.6,TRUE,TRUE,3,5,TRUE,TRUE,"presence(Fisher)",0.967368421052632,0.0852482269503546,30.4,0.909473684210526,0.138669337501314,20.3,160,19,0.34850859375,0.30715625,0.84,100
"both",80,2.6,TRUE,TRUE,3,5,TRUE,TRUE,"presence(logistic+depth)",0.872631578947369,0.0717730496453901,26.7,0.633684210526316,0.059418920046242,12.9,160,19,0.34850859375,0.30715625,0,100
"both",80,2.6,TRUE,TRUE,3,5,TRUE,TRUE,"presence(logistic+depth+z)",0.865789473684211,0.0472340425531915,23.11,0.569473684210526,0.025218913826112,11.16,160,19,0.34850859375,0.30715625,0,100
"both",80,2.6,TRUE,TRUE,3,5,TRUE,TRUE,"prevalence(Tobit).adj",0.975789473684211,0.0466666666666667,25.12,0.914736842105263,0.0333479286451423,18.01,160,19,0.34850859375,0.30715625,0,100
"both",80,2.6,TRUE,TRUE,3,5,TRUE,TRUE,"prevalence(Tobit).noAdj",0.987368421052632,0.108156028368794,34.01,0.958947368421053,0.148414482637775,21.66,160,19,0.34850859375,0.30715625,0,100
"mixed",160,0.8,FALSE,TRUE,3,5,TRUE,TRUE,"abundance(AHC-LinDA).adj",0.422105263157895,0.0549645390070922,15.77,0.187368421052632,0.0294642857142857,3.72,160,19,0.317946875,0.27958359375,0,100
"mixed",160,0.8,FALSE,TRUE,3,5,TRUE,TRUE,"abundance(AHC-LinDA).noAdj",0.413684210526316,0.0559574468085106,15.75,0.166315789473684,0.0794860066833751,3.62,160,19,0.317946875,0.27958359375,0,100
"mixed",160,0.8,FALSE,TRUE,3,5,TRUE,TRUE,"obsTwo.depthCov",0.502105263157895,0.0495035460992908,16.52,0.19,0.0198968253968254,3.73,160,19,0.317946875,0.27958359375,0,100
"mixed",160,0.8,FALSE,TRUE,3,5,TRUE,TRUE,"obsTwo.simple",0.528421052631579,0.0914893617021277,22.94,0.332105263157895,0.18468204018204,8.01,160,19,0.317946875,0.27958359375,0,100
"mixed",160,0.8,FALSE,TRUE,3,5,TRUE,TRUE,"OMNIBUS(ACAT).adj",0.622631578947368,0.0548936170212766,19.57,0.233157894736842,0.0419487734487735,4.7,160,19,0.317946875,0.27958359375,0,100
"mixed",160,0.8,FALSE,TRUE,3,5,TRUE,TRUE,"OMNIBUS(ACAT).noAdj",0.601052631578947,0.0556737588652482,19.27,0.207368421052632,0.0703145743145743,4.32,160,19,0.317946875,0.27958359375,0,100
"mixed",160,0.8,FALSE,TRUE,3,5,TRUE,TRUE,"OMNIBUS(Bonf-minP).adj",0.616842105263158,0.0528368794326241,19.17,0.231052631578947,0.040234126984127,4.64,160,19,0.317946875,0.27958359375,0,100
"mixed",160,0.8,FALSE,TRUE,3,5,TRUE,TRUE,"OMNIBUS(Bonf-minP).noAdj",0.593684210526316,0.0561702127659574,19.2,0.20421052631579,0.0613340548340548,4.24,160,19,0.317946875,0.27958359375,0,100
"mixed",160,0.8,FALSE,TRUE,3,5,TRUE,TRUE,"oracle.prev.cov",0.334736842105263,0.0453900709219858,12.76,0.0473684210526316,0.022,0.94,160,19,0.317946875,0.27958359375,0,100
"mixed",160,0.8,FALSE,TRUE,3,5,TRUE,TRUE,"oracle.prev.noAdj",0.289473684210526,0.0295744680851064,9.67,0.0442105263157895,0.007,0.86,160,19,0.317946875,0.27958359375,0.39,100
"mixed",160,0.8,FALSE,TRUE,3,5,TRUE,TRUE,"pkg.ANCOMBC.cov",0.548947368421053,0.109148936170213,25.82,0.463684210526316,0.270452372489911,12.53,160,19,0.317946875,0.27958359375,0,100
"mixed",160,0.8,FALSE,TRUE,3,5,TRUE,TRUE,"pkg.ANCOMBC.noAdj",0.547894736842105,0.11177304964539,26.17,0.449473684210526,0.290226431049769,12.56,160,19,0.317946875,0.27958359375,0,100
"mixed",160,0.8,FALSE,TRUE,3,5,TRUE,TRUE,"pkg.DESeq2.cov",0.47,0.0453900709219858,15.33,0.278947368421053,0.042718253968254,5.59,160,19,0.317946875,0.27958359375,0,100
"mixed",160,0.8,FALSE,TRUE,3,5,TRUE,TRUE,"pkg.DESeq2.noAdj",0.471052631578947,0.0490780141843972,15.87,0.265789473684211,0.0378531746031746,5.33,160,19,0.317946875,0.27958359375,0,100
"mixed",160,0.8,FALSE,TRUE,3,5,TRUE,TRUE,"pkg.edgeR.cov",0.488421052631579,0.0418439716312057,15.18,0.278947368421053,0.030492784992785,5.52,160,19,0.317946875,0.27958359375,0,100
"mixed",160,0.8,FALSE,TRUE,3,5,TRUE,TRUE,"pkg.edgeR.noAdj",0.491052631578947,0.0469503546099291,15.95,0.27421052631579,0.0391527916527917,5.51,160,19,0.317946875,0.27958359375,0,100
"mixed",160,0.8,FALSE,TRUE,3,5,TRUE,TRUE,"pkg.metagenomeSeq.cov",0.647368421052631,0.671985815602837,107.05,0.621578947368421,0.885091870940693,102.54,160,19,0.317946875,0.27958359375,0,100
"mixed",160,0.8,FALSE,TRUE,3,5,TRUE,TRUE,"pkg.metagenomeSeq.noAdj",0.514210526315789,0.185815602836879,35.97,0.38421052631579,0.485940536321489,15.67,160,19,0.317946875,0.27958359375,0,100
"mixed",160,0.8,FALSE,TRUE,3,5,TRUE,TRUE,"pkg.ZINQ.cov",0.632631578947368,0.107872340425532,27.23,0.421578947368421,0.199889998889999,10.26,160,19,0.317946875,0.27958359375,0,100
"mixed",160,0.8,FALSE,TRUE,3,5,TRUE,TRUE,"pkg.ZINQ.depth",0.448421052631579,0.0521985815602837,15.88,0.0863157894736842,0.0332857142857143,1.75,160,19,0.317946875,0.27958359375,0,100
"mixed",160,0.8,FALSE,TRUE,3,5,TRUE,TRUE,"pkg.ZINQ.depthCov",0.46,0.0553191489361702,16.54,0.111578947368421,0.0241071428571428,2.23,160,19,0.317946875,0.27958359375,0,100
"mixed",160,0.8,FALSE,TRUE,3,5,TRUE,TRUE,"pkg.ZINQ.noAdjust",0.599473684210526,0.103758865248227,26.02,0.358421052631579,0.2007886002886,8.78,160,19,0.317946875,0.27958359375,0,100
"mixed",160,0.8,FALSE,TRUE,3,5,TRUE,TRUE,"presence(Fisher)",0.217368421052632,0.0753900709219858,14.76,0.0278947368421053,0.240833333333333,1.02,160,19,0.317946875,0.27958359375,0.18,100
"mixed",160,0.8,FALSE,TRUE,3,5,TRUE,TRUE,"presence(logistic+depth)",0.193684210526316,0.0484397163120567,10.51,0.00526315789473684,0.01,0.11,160,19,0.317946875,0.27958359375,0,100
"mixed",160,0.8,FALSE,TRUE,3,5,TRUE,TRUE,"presence(logistic+depth+z)",0.202105263157895,0.0509929078014184,11.03,0.00736842105263158,0.0133333333333333,0.16,160,19,0.317946875,0.27958359375,0,100
"mixed",160,0.8,FALSE,TRUE,3,5,TRUE,TRUE,"prevalence(Tobit).adj",0.361052631578947,0.0541843971631206,14.5,0.06,0.0400952380952381,1.21,160,19,0.317946875,0.27958359375,0,100
"mixed",160,0.8,FALSE,TRUE,3,5,TRUE,TRUE,"prevalence(Tobit).noAdj",0.365789473684211,0.0560283687943262,14.85,0.0657894736842106,0.0423333333333333,1.33,160,19,0.317946875,0.27958359375,0,100
"mixed",160,0.8,TRUE,TRUE,3,5,TRUE,TRUE,"abundance(AHC-LinDA).adj",0.385263157894737,0.0573758865248227,15.41,0.151052631578947,0.0697579365079365,3.14,160,19,0.318419921875,0.28035625,0,100
"mixed",160,0.8,TRUE,TRUE,3,5,TRUE,TRUE,"abundance(AHC-LinDA).noAdj",0.410526315789474,0.179007092198582,33.04,0.233157894736842,0.475468283472347,10.76,160,19,0.318419921875,0.28035625,0,100
"mixed",160,0.8,TRUE,TRUE,3,5,TRUE,TRUE,"obsTwo.depthCov",0.464736842105263,0.0529078014184397,16.29,0.137368421052632,0.0230119047619048,2.72,160,19,0.318419921875,0.28035625,0,100
"mixed",160,0.8,TRUE,TRUE,3,5,TRUE,TRUE,"obsTwo.simple",0.595263157894737,0.291843971631206,52.46,0.454210526315789,0.668303957513804,29.28,160,19,0.318419921875,0.28035625,0,100
"mixed",160,0.8,TRUE,TRUE,3,5,TRUE,TRUE,"OMNIBUS(ACAT).adj",0.537894736842105,0.0561702127659574,18.14,0.151052631578947,0.0658015873015873,3.15,160,19,0.318419921875,0.28035625,0,100
"mixed",160,0.8,TRUE,TRUE,3,5,TRUE,TRUE,"OMNIBUS(ACAT).noAdj",0.592631578947368,0.217446808510638,41.92,0.342105263157895,0.527490959987116,15.78,160,19,0.318419921875,0.28035625,0,100
"mixed",160,0.8,TRUE,TRUE,3,5,TRUE,TRUE,"OMNIBUS(Bonf-minP).adj",0.532631578947368,0.0561702127659574,18.04,0.150526315789474,0.0658015873015873,3.14,160,19,0.318419921875,0.28035625,0,100
"mixed",160,0.8,TRUE,TRUE,3,5,TRUE,TRUE,"OMNIBUS(Bonf-minP).noAdj",0.589473684210526,0.210496453900709,40.88,0.331578947368421,0.528210994623093,15.13,160,19,0.318419921875,0.28035625,0,100
"mixed",160,0.8,TRUE,TRUE,3,5,TRUE,TRUE,"oracle.prev.cov",0.29421052631579,0.0473049645390071,12.26,0.0189473684210526,0.0133333333333333,0.38,160,19,0.318419921875,0.28035625,0,100
"mixed",160,0.8,TRUE,TRUE,3,5,TRUE,TRUE,"oracle.prev.noAdj",0.34,0.128794326241135,24.62,0.119473684210526,0.489551743191449,5.46,160,19,0.318419921875,0.28035625,0.39,100
"mixed",160,0.8,TRUE,TRUE,3,5,TRUE,TRUE,"pkg.ANCOMBC.cov",0.537894736842105,0.112765957446809,26.12,0.437894736842105,0.28430524978977,12.13,160,19,0.318419921875,0.28035625,0,100
"mixed",160,0.8,TRUE,TRUE,3,5,TRUE,TRUE,"pkg.ANCOMBC.noAdj",0.583684210526316,0.299574468085106,53.33,0.48,0.696780398206004,34.29,160,19,0.318419921875,0.28035625,0,100
"mixed",160,0.8,TRUE,TRUE,3,5,TRUE,TRUE,"pkg.DESeq2.cov",0.433157894736842,0.0373758865248227,13.5,0.217368421052632,0.035015873015873,4.31,160,19,0.318419921875,0.28035625,0,100
"mixed",160,0.8,TRUE,TRUE,3,5,TRUE,TRUE,"pkg.DESeq2.noAdj",0.493684210526316,0.210070921985816,39,0.339473684210526,0.60532002028964,18.41,160,19,0.318419921875,0.28035625,0,100
"mixed",160,0.8,TRUE,TRUE,3,5,TRUE,TRUE,"pkg.edgeR.cov",0.450526315789474,0.0365957446808511,13.72,0.202105263157895,0.0241507936507937,3.97,160,19,0.318419921875,0.28035625,0,100
"mixed",160,0.8,TRUE,TRUE,3,5,TRUE,TRUE,"pkg.edgeR.noAdj",0.515263157894737,0.21241134751773,39.74,0.345789473684211,0.572669979229139,17.89,160,19,0.318419921875,0.28035625,0,100
"mixed",160,0.8,TRUE,TRUE,3,5,TRUE,TRUE,"pkg.metagenomeSeq.cov",0.644736842105263,0.629290780141844,100.98,0.601578947368421,0.879541608235495,94.91,160,19,0.318419921875,0.28035625,0,100
"mixed",160,0.8,TRUE,TRUE,3,5,TRUE,TRUE,"pkg.metagenomeSeq.noAdj",0.569473684210526,0.345248226950355,59.5,0.461578947368421,0.767262219238478,40.78,160,19,0.318419921875,0.28035625,0,100
"mixed",160,0.8,TRUE,TRUE,3,5,TRUE,TRUE,"pkg.ZINQ.cov",0.577894736842105,0.0922695035460993,23.99,0.304210526315789,0.136871434121434,6.8,160,19,0.318419921875,0.28035625,0,100
"mixed",160,0.8,TRUE,TRUE,3,5,TRUE,TRUE,"pkg.ZINQ.depth",0.473157894736842,0.174184397163121,33.55,0.177368421052632,0.382964028139992,7.03,160,19,0.318419921875,0.28035625,0,100
"mixed",160,0.8,TRUE,TRUE,3,5,TRUE,TRUE,"pkg.ZINQ.depthCov",0.432631578947368,0.0563120567375886,16.16,0.0768421052631579,0.0491349206349206,1.62,160,19,0.318419921875,0.28035625,0,100
"mixed",160,0.8,TRUE,TRUE,3,5,TRUE,TRUE,"pkg.ZINQ.noAdjust",0.635263157894737,0.312553191489362,56.14,0.475789473684211,0.656149272399511,29.83,160,19,0.318419921875,0.28035625,0,100
"mixed",160,0.8,TRUE,TRUE,3,5,TRUE,TRUE,"presence(Fisher)",0.285263157894737,0.163900709219858,28.53,0.0957894736842106,0.680370259689633,7.24,160,19,0.318419921875,0.28035625,0.14,100
"mixed",160,0.8,TRUE,TRUE,3,5,TRUE,TRUE,"presence(logistic+depth)",0.229473684210526,0.105460992907801,19.23,0.0210526315789474,0.273821428571429,1.09,160,19,0.318419921875,0.28035625,0,100
"mixed",160,0.8,TRUE,TRUE,3,5,TRUE,TRUE,"presence(logistic+depth+z)",0.190526315789474,0.0534042553191489,11.15,0.0031578947368421,0.025,0.1,160,19,0.318419921875,0.28035625,0,100
"mixed",160,0.8,TRUE,TRUE,3,5,TRUE,TRUE,"prevalence(Tobit).adj",0.311052631578948,0.0545390070921986,13.6,0.0247368421052632,0.044,0.55,160,19,0.318419921875,0.28035625,0,100
"mixed",160,0.8,TRUE,TRUE,3,5,TRUE,TRUE,"prevalence(Tobit).noAdj",0.396842105263158,0.160283687943262,30.14,0.136842105263158,0.526386359065771,6.36,160,19,0.318419921875,0.28035625,0,100
"mixed",160,1.2,FALSE,TRUE,3,5,TRUE,TRUE,"abundance(AHC-LinDA).adj",0.480526315789474,0.0573758865248227,17.22,0.374210526315789,0.0631143578643579,7.7,160,19,0.323388671875,0.2842953125,0,100
"mixed",160,1.2,FALSE,TRUE,3,5,TRUE,TRUE,"abundance(AHC-LinDA).noAdj",0.476842105263158,0.0602836879432624,17.56,0.348947368421053,0.0766204906204906,7.3,160,19,0.323388671875,0.2842953125,0,100
"mixed",160,1.2,FALSE,TRUE,3,5,TRUE,TRUE,"obsTwo.depthCov",0.722105263157895,0.0524822695035461,21.12,0.473157894736842,0.0455205040057981,9.51,160,19,0.323388671875,0.2842953125,0,100
"mixed",160,1.2,FALSE,TRUE,3,5,TRUE,TRUE,"obsTwo.simple",0.747894736842105,0.100496453900709,28.38,0.582105263157895,0.201518931633096,14.17,160,19,0.323388671875,0.2842953125,0,100
"mixed",160,1.2,FALSE,TRUE,3,5,TRUE,TRUE,"OMNIBUS(ACAT).adj",0.885263157894737,0.060354609929078,25.33,0.677368421052631,0.0581900516923736,13.8,160,19,0.323388671875,0.2842953125,0,100
"mixed",160,1.2,FALSE,TRUE,3,5,TRUE,TRUE,"OMNIBUS(ACAT).noAdj",0.874736842105263,0.0624822695035461,25.43,0.643684210526316,0.0594083663154871,13.11,160,19,0.323388671875,0.2842953125,0,100
"mixed",160,1.2,FALSE,TRUE,3,5,TRUE,TRUE,"OMNIBUS(Bonf-minP).adj",0.884736842105263,0.0582978723404255,25.03,0.673684210526316,0.0577765362862112,13.72,160,19,0.323388671875,0.2842953125,0,100
"mixed",160,1.2,FALSE,TRUE,3,5,TRUE,TRUE,"OMNIBUS(Bonf-minP).noAdj",0.874736842105263,0.0619858156028369,25.36,0.641052631578947,0.059134247288659,13.06,160,19,0.323388671875,0.2842953125,0,100
"mixed",160,1.2,FALSE,TRUE,3,5,TRUE,TRUE,"oracle.prev.cov",0.50578947368421,0.0486524822695035,16.47,0.320526315789474,0.0213174603174603,6.25,160,19,0.323388671875,0.2842953125,0,100
"mixed",160,1.2,FALSE,TRUE,3,5,TRUE,TRUE,"oracle.prev.noAdj",0.480526315789474,0.0324822695035461,13.71,0.279473684210526,0.0160634920634921,5.43,160,19,0.323388671875,0.2842953125,0.44,100
"mixed",160,1.2,FALSE,TRUE,3,5,TRUE,TRUE,"pkg.ANCOMBC.cov",0.545789473684211,0.104255319148936,25.07,0.496315789473684,0.270445519994282,13.38,160,19,0.323388671875,0.2842953125,0,100
"mixed",160,1.2,FALSE,TRUE,3,5,TRUE,TRUE,"pkg.ANCOMBC.noAdj",0.554210526315789,0.109716312056738,26,0.499473684210526,0.263475441053614,13.28,160,19,0.323388671875,0.2842953125,0,100
"mixed",160,1.2,FALSE,TRUE,3,5,TRUE,TRUE,"pkg.DESeq2.cov",0.604736842105263,0.0425531914893617,17.49,0.458421052631579,0.0445203962703963,9.17,160,19,0.323388671875,0.2842953125,0,100
"mixed",160,1.2,FALSE,TRUE,3,5,TRUE,TRUE,"pkg.DESeq2.noAdj",0.592105263157895,0.0512765957446808,18.48,0.450526315789474,0.054871874857169,9.15,160,19,0.323388671875,0.2842953125,0,100
"mixed",160,1.2,FALSE,TRUE,3,5,TRUE,TRUE,"pkg.edgeR.cov",0.641578947368421,0.0390070921985816,17.69,0.496842105263158,0.0314024586524587,9.79,160,19,0.323388671875,0.2842953125,0,100
"mixed",160,1.2,FALSE,TRUE,3,5,TRUE,TRUE,"pkg.edgeR.noAdj",0.624736842105263,0.0490780141843972,18.79,0.488421052631579,0.0470515318015318,9.86,160,19,0.323388671875,0.2842953125,0,100
"mixed",160,1.2,FALSE,TRUE,3,5,TRUE,TRUE,"pkg.metagenomeSeq.cov",0.645263157894737,0.670992907801419,106.87,0.61,0.886208733288372,101.93,160,19,0.323388671875,0.2842953125,0,100
"mixed",160,1.2,FALSE,TRUE,3,5,TRUE,TRUE,"pkg.metagenomeSeq.noAdj",0.638421052631579,0.184184397163121,38.1,0.537894736842105,0.433931893380608,19.22,160,19,0.323388671875,0.2842953125,0,100
"mixed",160,1.2,FALSE,TRUE,3,5,TRUE,TRUE,"pkg.ZINQ.cov",0.838947368421053,0.114609929078014,32.1,0.691052631578947,0.199823740558201,16.85,160,19,0.323388671875,0.2842953125,0,100
"mixed",160,1.2,FALSE,TRUE,3,5,TRUE,TRUE,"pkg.ZINQ.depth",0.687368421052632,0.0591489361702128,21.4,0.366315789473684,0.0557060717060717,7.46,160,19,0.323388671875,0.2842953125,0,100
"mixed",160,1.2,FALSE,TRUE,3,5,TRUE,TRUE,"pkg.ZINQ.depthCov",0.699473684210526,0.0586524822695035,21.56,0.412631578947368,0.049843253968254,8.32,160,19,0.323388671875,0.2842953125,0,100
"mixed",160,1.2,FALSE,TRUE,3,5,TRUE,TRUE,"pkg.ZINQ.noAdjust",0.815263157894737,0.115957446808511,31.84,0.648421052631579,0.194389858354356,15.72,160,19,0.323388671875,0.2842953125,0,100
"mixed",160,1.2,FALSE,TRUE,3,5,TRUE,TRUE,"presence(Fisher)",0.432631578947368,0.0768794326241135,19.06,0.191578947368421,0.198284271284271,4.83,160,19,0.323388671875,0.2842953125,0.28,100
"mixed",160,1.2,FALSE,TRUE,3,5,TRUE,TRUE,"presence(logistic+depth)",0.374210526315789,0.0501418439716312,14.18,0.0531578947368421,0.0331666666666667,1.11,160,19,0.323388671875,0.2842953125,0,100
"mixed",160,1.2,FALSE,TRUE,3,5,TRUE,TRUE,"presence(logistic+depth+z)",0.381578947368421,0.0504964539007092,14.37,0.058421052631579,0.0224166666666667,1.17,160,19,0.323388671875,0.2842953125,0,100
"mixed",160,1.2,FALSE,TRUE,3,5,TRUE,TRUE,"prevalence(Tobit).adj",0.553684210526316,0.0580851063829787,18.71,0.311578947368421,0.0480940170940171,6.29,160,19,0.323388671875,0.2842953125,0,100
"mixed",160,1.2,FALSE,TRUE,3,5,TRUE,TRUE,"prevalence(Tobit).noAdj",0.584736842105263,0.0599290780141844,19.56,0.325263157894737,0.0435700688200688,6.53,160,19,0.323388671875,0.2842953125,0,100
"mixed",160,1.2,TRUE,TRUE,3,5,TRUE,TRUE,"abundance(AHC-LinDA).adj",0.482105263157895,0.054822695035461,16.89,0.367368421052632,0.062781746031746,7.52,160,19,0.322578515625,0.28513046875,0,100
"mixed",160,1.2,TRUE,TRUE,3,5,TRUE,TRUE,"abundance(AHC-LinDA).noAdj",0.518947368421053,0.172695035460993,34.21,0.382105263157895,0.41812043003983,14.81,160,19,0.322578515625,0.28513046875,0,100
"mixed",160,1.2,TRUE,TRUE,3,5,TRUE,TRUE,"obsTwo.depthCov",0.694210526315789,0.0511347517730496,20.4,0.454210526315789,0.0463603341103341,9.08,160,19,0.322578515625,0.28513046875,0,100
"mixed",160,1.2,TRUE,TRUE,3,5,TRUE,TRUE,"obsTwo.simple",0.763684210526316,0.297304964539007,56.43,0.667894736842105,0.624755605908007,36.44,160,19,0.322578515625,0.28513046875,0,100
"mixed",160,1.2,TRUE,TRUE,3,5,TRUE,TRUE,"OMNIBUS(ACAT).adj",0.818947368421053,0.0578014184397163,23.71,0.554736842105263,0.0591617132867133,11.27,160,19,0.322578515625,0.28513046875,0,100
"mixed",160,1.2,TRUE,TRUE,3,5,TRUE,TRUE,"OMNIBUS(ACAT).noAdj",0.828947368421053,0.222765957446809,47.16,0.673157894736842,0.426298809646832,24.61,160,19,0.322578515625,0.28513046875,0,100
"mixed",160,1.2,TRUE,TRUE,3,5,TRUE,TRUE,"OMNIBUS(Bonf-minP).adj",0.82421052631579,0.054822695035461,23.39,0.553157894736842,0.0593186119436119,11.24,160,19,0.322578515625,0.28513046875,0,100
"mixed",160,1.2,TRUE,TRUE,3,5,TRUE,TRUE,"OMNIBUS(Bonf-minP).noAdj",0.822105263157895,0.215673758865248,46.03,0.666315789473684,0.420433767368717,24.03,160,19,0.322578515625,0.28513046875,0,100
"mixed",160,1.2,TRUE,TRUE,3,5,TRUE,TRUE,"oracle.prev.cov",0.466315789473684,0.050354609929078,15.96,0.190526315789474,0.03425,3.78,160,19,0.322578515625,0.28513046875,0,100
"mixed",160,1.2,TRUE,TRUE,3,5,TRUE,TRUE,"oracle.prev.noAdj",0.486842105263158,0.135035460992908,28.29,0.308947368421053,0.371521712473001,10.28,160,19,0.322578515625,0.28513046875,0.33,100
"mixed",160,1.2,TRUE,TRUE,3,5,TRUE,TRUE,"pkg.ANCOMBC.cov",0.553684210526316,0.110921985815603,26.16,0.496315789473684,0.268815252257203,13.45,160,19,0.322578515625,0.28513046875,0,100
"mixed",160,1.2,TRUE,TRUE,3,5,TRUE,TRUE,"pkg.ANCOMBC.noAdj",0.635263157894737,0.297872340425532,54.07,0.558421052631579,0.66797618126072,35.1,160,19,0.322578515625,0.28513046875,0,100
"mixed",160,1.2,TRUE,TRUE,3,5,TRUE,TRUE,"pkg.DESeq2.cov",0.574736842105263,0.0404964539007092,16.63,0.421578947368421,0.0328784271284271,8.3,160,19,0.322578515625,0.28513046875,0,100
"mixed",160,1.2,TRUE,TRUE,3,5,TRUE,TRUE,"pkg.DESeq2.noAdj",0.635263157894737,0.214397163120567,42.3,0.505263157894737,0.556125067913463,23.43,160,19,0.322578515625,0.28513046875,0,100
"mixed",160,1.2,TRUE,TRUE,3,5,TRUE,TRUE,"pkg.edgeR.cov",0.604736842105263,0.0382269503546099,16.88,0.454210526315789,0.0245692640692641,8.88,160,19,0.322578515625,0.28513046875,0,100
"mixed",160,1.2,TRUE,TRUE,3,5,TRUE,TRUE,"pkg.edgeR.noAdj",0.653157894736842,0.21290780141844,42.43,0.536315789473684,0.512827980344629,22.55,160,19,0.322578515625,0.28513046875,0,100
"mixed",160,1.2,TRUE,TRUE,3,5,TRUE,TRUE,"pkg.metagenomeSeq.cov",0.617894736842105,0.623475177304965,99.65,0.576842105263158,0.88318885487409,93.98,160,19,0.322578515625,0.28513046875,0,100
"mixed",160,1.2,TRUE,TRUE,3,5,TRUE,TRUE,"pkg.metagenomeSeq.noAdj",0.659473684210526,0.338723404255319,60.29,0.600526315789474,0.712975673771889,43.41,160,19,0.322578515625,0.28513046875,0,100
"mixed",160,1.2,TRUE,TRUE,3,5,TRUE,TRUE,"pkg.ZINQ.cov",0.768421052631579,0.100921985815603,28.83,0.595789473684211,0.151993057896696,13.61,160,19,0.322578515625,0.28513046875,0,100
"mixed",160,1.2,TRUE,TRUE,3,5,TRUE,TRUE,"pkg.ZINQ.depth",0.693157894736842,0.168936170212766,36.99,0.449473684210526,0.304817582893157,13.69,160,19,0.322578515625,0.28513046875,0,100
"mixed",160,1.2,TRUE,TRUE,3,5,TRUE,TRUE,"pkg.ZINQ.depthCov",0.67,0.0563120567375886,20.67,0.368947368421053,0.0603636363636364,7.55,160,19,0.322578515625,0.28513046875,0,100
"mixed",160,1.2,TRUE,TRUE,3,5,TRUE,TRUE,"pkg.ZINQ.noAdjust",0.804210526315789,0.320780141843972,60.51,0.69578947368421,0.609588298427835,36.68,160,19,0.322578515625,0.28513046875,0,100
"mixed",160,1.2,TRUE,TRUE,3,5,TRUE,TRUE,"presence(Fisher)",0.433157894736842,0.165602836879433,31.58,0.248421052631579,0.511385999180272,11.34,160,19,0.322578515625,0.28513046875,0.14,100
"mixed",160,1.2,TRUE,TRUE,3,5,TRUE,TRUE,"presence(logistic+depth)",0.375789473684211,0.105602836879433,22.03,0.1,0.198390331890332,2.83,160,19,0.322578515625,0.28513046875,0,100
"mixed",160,1.2,TRUE,TRUE,3,5,TRUE,TRUE,"presence(logistic+depth+z)",0.343157894736842,0.0479432624113475,13.28,0.0452631578947369,0.03,0.92,160,19,0.322578515625,0.28513046875,0,100
"mixed",160,1.2,TRUE,TRUE,3,5,TRUE,TRUE,"prevalence(Tobit).adj",0.494736842105263,0.0582269503546099,17.61,0.191052631578947,0.0489642857142857,3.85,160,19,0.322578515625,0.28513046875,0,100
"mixed",160,1.2,TRUE,TRUE,3,5,TRUE,TRUE,"prevalence(Tobit).noAdj",0.565789473684211,0.166312056737589,34.2,0.362631578947368,0.389704916069344,12.48,160,19,0.322578515625,0.28513046875,0,100
"mixed",160,1.6,FALSE,TRUE,3,5,TRUE,TRUE,"abundance(AHC-LinDA).adj",0.509473684210526,0.054113475177305,17.31,0.443157894736842,0.0610252525252525,9.01,160,19,0.3267484375,0.287116796875,0,100
"mixed",160,1.6,FALSE,TRUE,3,5,TRUE,TRUE,"abundance(AHC-LinDA).noAdj",0.513157894736842,0.0571631205673759,17.81,0.431052631578947,0.0641791264291264,8.84,160,19,0.3267484375,0.287116796875,0,100
"mixed",160,1.6,FALSE,TRUE,3,5,TRUE,TRUE,"obsTwo.depthCov",0.868421052631579,0.0565248226950354,24.47,0.693157894736842,0.0540602807924789,14.09,160,19,0.3267484375,0.287116796875,0,100
"mixed",160,1.6,FALSE,TRUE,3,5,TRUE,TRUE,"obsTwo.simple",0.866842105263158,0.109929078014184,31.97,0.804736842105263,0.194779231120008,19.56,160,19,0.3267484375,0.287116796875,0,100
"mixed",160,1.6,FALSE,TRUE,3,5,TRUE,TRUE,"OMNIBUS(ACAT).adj",0.971052631578948,0.0587234042553191,26.73,0.907894736842105,0.0540975114926353,18.27,160,19,0.3267484375,0.287116796875,0,100
"mixed",160,1.6,FALSE,TRUE,3,5,TRUE,TRUE,"OMNIBUS(ACAT).noAdj",0.972105263157895,0.0608510638297872,27.05,0.891578947368421,0.0586651364033582,18.06,160,19,0.3267484375,0.287116796875,0,100
"mixed",160,1.6,FALSE,TRUE,3,5,TRUE,TRUE,"OMNIBUS(Bonf-minP).adj",0.972631578947369,0.0571631205673759,26.54,0.904736842105263,0.0532559065891109,18.19,160,19,0.3267484375,0.287116796875,0,100
"mixed",160,1.6,FALSE,TRUE,3,5,TRUE,TRUE,"OMNIBUS(Bonf-minP).noAdj",0.972631578947369,0.0604964539007092,27.01,0.889473684210526,0.0584047952653081,18.01,160,19,0.3267484375,0.287116796875,0,100
"mixed",160,1.6,FALSE,TRUE,3,5,TRUE,TRUE,"oracle.prev.cov",0.550526315789474,0.0457446808510638,16.91,0.481578947368421,0.0259360916860917,9.43,160,19,0.3267484375,0.287116796875,0,100
"mixed",160,1.6,FALSE,TRUE,3,5,TRUE,TRUE,"oracle.prev.noAdj",0.537894736842105,0.0318439716312057,14.71,0.46578947368421,0.025979797979798,9.12,160,19,0.3267484375,0.287116796875,0.33,100
"mixed",160,1.6,FALSE,TRUE,3,5,TRUE,TRUE,"pkg.ANCOMBC.cov",0.578421052631579,0.106312056737589,25.98,0.508421052631579,0.259605063272902,13.69,160,19,0.3267484375,0.287116796875,0,100
"mixed",160,1.6,FALSE,TRUE,3,5,TRUE,TRUE,"pkg.ANCOMBC.noAdj",0.592105263157895,0.107375886524823,26.39,0.518947368421053,0.253689313868107,13.83,160,19,0.3267484375,0.287116796875,0,100
"mixed",160,1.6,FALSE,TRUE,3,5,TRUE,TRUE,"pkg.DESeq2.cov",0.732631578947368,0.0435460992907801,20.06,0.562631578947368,0.0404430708180708,11.19,160,19,0.3267484375,0.287116796875,0,100
"mixed",160,1.6,FALSE,TRUE,3,5,TRUE,TRUE,"pkg.DESeq2.noAdj",0.706842105263158,0.0493617021276596,20.39,0.547894736842105,0.0488889721389721,11,160,19,0.3267484375,0.287116796875,0,100
"mixed",160,1.6,FALSE,TRUE,3,5,TRUE,TRUE,"pkg.edgeR.cov",0.781052631578947,0.0382978723404255,20.24,0.619473684210526,0.0311431566799214,12.2,160,19,0.3267484375,0.287116796875,0,100
"mixed",160,1.6,FALSE,TRUE,3,5,TRUE,TRUE,"pkg.edgeR.noAdj",0.754210526315789,0.0461702127659574,20.84,0.595789473684211,0.0360253765842001,11.82,160,19,0.3267484375,0.287116796875,0,100
"mixed",160,1.6,FALSE,TRUE,3,5,TRUE,TRUE,"pkg.metagenomeSeq.cov",0.660526315789474,0.663333333333333,106.08,0.629473684210526,0.882015373719619,101.19,160,19,0.3267484375,0.287116796875,0,100
"mixed",160,1.6,FALSE,TRUE,3,5,TRUE,TRUE,"pkg.metagenomeSeq.noAdj",0.712105263157895,0.184042553191489,39.48,0.631052631578947,0.410461828798258,21.34,160,19,0.3267484375,0.287116796875,0,100
"mixed",160,1.6,FALSE,TRUE,3,5,TRUE,TRUE,"pkg.ZINQ.cov",0.943684210526316,0.127943262411348,35.97,0.892631578947368,0.202303148179426,22.04,160,19,0.3267484375,0.287116796875,0,100
"mixed",160,1.6,FALSE,TRUE,3,5,TRUE,TRUE,"pkg.ZINQ.depth",0.852631578947369,0.0643262411347518,25.27,0.651578947368421,0.062997361427702,13.38,160,19,0.3267484375,0.287116796875,0,100
"mixed",160,1.6,FALSE,TRUE,3,5,TRUE,TRUE,"pkg.ZINQ.depthCov",0.856315789473684,0.0617021276595745,24.97,0.673157894736842,0.0576054932862713,13.73,160,19,0.3267484375,0.287116796875,0,100
"mixed",160,1.6,FALSE,TRUE,3,5,TRUE,TRUE,"pkg.ZINQ.noAdjust",0.922105263157895,0.124184397163121,35.03,0.865263157894737,0.196240495590469,21.15,160,19,0.3267484375,0.287116796875,0,100
"mixed",160,1.6,FALSE,TRUE,3,5,TRUE,TRUE,"presence(Fisher)",0.552105263157895,0.0682978723404255,20.12,0.423157894736842,0.132268731268731,9.38,160,19,0.3267484375,0.287116796875,0.12,100
"mixed",160,1.6,FALSE,TRUE,3,5,TRUE,TRUE,"presence(logistic+depth)",0.534210526315789,0.0482269503546099,16.95,0.239473684210526,0.0257777777777778,4.73,160,19,0.3267484375,0.287116796875,0,100
"mixed",160,1.6,FALSE,TRUE,3,5,TRUE,TRUE,"presence(logistic+depth+z)",0.54578947368421,0.0478014184397163,17.11,0.241052631578947,0.0224329004329004,4.73,160,19,0.3267484375,0.287116796875,0,100
"mixed",160,1.6,FALSE,TRUE,3,5,TRUE,TRUE,"prevalence(Tobit).adj",0.648421052631579,0.0579432624113475,20.49,0.520526315789474,0.049957264957265,10.46,160,19,0.3267484375,0.287116796875,0,100
"mixed",160,1.6,FALSE,TRUE,3,5,TRUE,TRUE,"prevalence(Tobit).noAdj",0.684736842105263,0.0608510638297872,21.59,0.552105263157895,0.0541877648495296,11.14,160,19,0.3267484375,0.287116796875,0,100
"mixed",160,1.6,TRUE,TRUE,3,5,TRUE,TRUE,"abundance(AHC-LinDA).adj",0.509473684210526,0.0526950354609929,17.11,0.433684210526316,0.0493856421356421,8.72,160,19,0.32680625,0.2873859375,0,100
"mixed",160,1.6,TRUE,TRUE,3,5,TRUE,TRUE,"abundance(AHC-LinDA).noAdj",0.549473684210526,0.178439716312057,35.6,0.451052631578947,0.423157956146156,17.31,160,19,0.32680625,0.2873859375,0,100
"mixed",160,1.6,TRUE,TRUE,3,5,TRUE,TRUE,"obsTwo.depthCov",0.85421052631579,0.0565248226950355,24.2,0.653157894736842,0.057006342857349,13.26,160,19,0.32680625,0.2873859375,0,100
"mixed",160,1.6,TRUE,TRUE,3,5,TRUE,TRUE,"obsTwo.simple",0.866842105263158,0.327588652482269,62.66,0.817368421052632,0.622165054176029,44.31,160,19,0.32680625,0.2873859375,0,100
"mixed",160,1.6,TRUE,TRUE,3,5,TRUE,TRUE,"OMNIBUS(ACAT).adj",0.959473684210526,0.0539716312056737,25.84,0.847894736842105,0.0472842259219968,16.98,160,19,0.32680625,0.2873859375,0,100
"mixed",160,1.6,TRUE,TRUE,3,5,TRUE,TRUE,"OMNIBUS(ACAT).noAdj",0.941578947368421,0.230992907801418,50.46,0.877894736842105,0.419144008666502,30.76,160,19,0.32680625,0.2873859375,0,100
"mixed",160,1.6,TRUE,TRUE,3,5,TRUE,TRUE,"OMNIBUS(Bonf-minP).adj",0.965789473684211,0.0522695035460993,25.72,0.845263157894737,0.0454836951833856,16.89,160,19,0.32680625,0.2873859375,0,100
"mixed",160,1.6,TRUE,TRUE,3,5,TRUE,TRUE,"OMNIBUS(Bonf-minP).noAdj",0.941052631578947,0.223758865248227,49.43,0.875263157894737,0.413069848704958,30.23,160,19,0.32680625,0.2873859375,0,100
"mixed",160,1.6,TRUE,TRUE,3,5,TRUE,TRUE,"oracle.prev.cov",0.542105263157895,0.0431205673758865,16.38,0.443684210526316,0.0337708957708958,8.76,160,19,0.32680625,0.2873859375,0,100
"mixed",160,1.6,TRUE,TRUE,3,5,TRUE,TRUE,"oracle.prev.noAdj",0.555789473684211,0.138936170212766,30.15,0.453684210526316,0.333065917718688,13.68,160,19,0.32680625,0.2873859375,0.36,100
"mixed",160,1.6,TRUE,TRUE,3,5,TRUE,TRUE,"pkg.ANCOMBC.cov",0.579473684210526,0.11468085106383,27.18,0.515789473684211,0.287992546606014,14.43,160,19,0.32680625,0.2873859375,0,100
"mixed",160,1.6,TRUE,TRUE,3,5,TRUE,TRUE,"pkg.ANCOMBC.noAdj",0.658421052631579,0.309078014184397,56.09,0.594736842105263,0.668448094459782,38.18,160,19,0.32680625,0.2873859375,0,100
"mixed",160,1.6,TRUE,TRUE,3,5,TRUE,TRUE,"pkg.DESeq2.cov",0.688947368421053,0.0394326241134752,18.65,0.54,0.0335122459240106,10.65,160,19,0.32680625,0.2873859375,0,100
"mixed",160,1.6,TRUE,TRUE,3,5,TRUE,TRUE,"pkg.DESeq2.noAdj",0.734736842105263,0.234326241134752,47,0.639473684210526,0.5490821473312,28.72,160,19,0.32680625,0.2873859375,0,100
"mixed",160,1.6,TRUE,TRUE,3,5,TRUE,TRUE,"pkg.edgeR.cov",0.75578947368421,0.0346099290780142,19.24,0.592631578947368,0.0198855074663898,11.51,160,19,0.32680625,0.2873859375,0,100
"mixed",160,1.6,TRUE,TRUE,3,5,TRUE,TRUE,"pkg.edgeR.noAdj",0.771578947368421,0.227021276595745,46.67,0.674210526315789,0.518624953460458,28.47,160,19,0.32680625,0.2873859375,0,100
"mixed",160,1.6,TRUE,TRUE,3,5,TRUE,TRUE,"pkg.metagenomeSeq.cov",0.611052631578947,0.632553191489362,100.8,0.578421052631579,0.883442326955122,94.56,160,19,0.32680625,0.2873859375,0,100
"mixed",160,1.6,TRUE,TRUE,3,5,TRUE,TRUE,"pkg.metagenomeSeq.noAdj",0.754736842105263,0.368510638297872,66.3,0.707368421052632,0.722763437791579,51,160,19,0.32680625,0.2873859375,0,100
"mixed",160,1.6,TRUE,TRUE,3,5,TRUE,TRUE,"pkg.ZINQ.cov",0.93,0.112765957446809,33.57,0.835789473684211,0.163386547115632,19.65,160,19,0.32680625,0.2873859375,0,100
"mixed",160,1.6,TRUE,TRUE,3,5,TRUE,TRUE,"pkg.ZINQ.depth",0.852105263157895,0.182056737588652,41.86,0.696842105263158,0.317029540412108,20.92,160,19,0.32680625,0.2873859375,0,100
"mixed",160,1.6,TRUE,TRUE,3,5,TRUE,TRUE,"pkg.ZINQ.depthCov",0.834736842105263,0.0621985815602837,24.63,0.64,0.0613211923749513,13.07,160,19,0.32680625,0.2873859375,0,100
"mixed",160,1.6,TRUE,TRUE,3,5,TRUE,TRUE,"pkg.ZINQ.noAdjust",0.916315789473684,0.350780141843972,66.87,0.87,0.620092804632983,46.63,160,19,0.32680625,0.2873859375,0,100
"mixed",160,1.6,TRUE,TRUE,3,5,TRUE,TRUE,"presence(Fisher)",0.566842105263158,0.16531914893617,34.08,0.424736842105263,0.430909712674372,15.17,160,19,0.32680625,0.2873859375,0.23,100
"mixed",160,1.6,TRUE,TRUE,3,5,TRUE,TRUE,"presence(logistic+depth)",0.528947368421053,0.10290780141844,24.56,0.270526315789474,0.171242923742924,6.58,160,19,0.32680625,0.2873859375,0,100
"mixed",160,1.6,TRUE,TRUE,3,5,TRUE,TRUE,"presence(logistic+depth+z)",0.508421052631579,0.0450354609929078,16.01,0.183684210526316,0.0314285714285714,3.64,160,19,0.32680625,0.2873859375,0,100
"mixed",160,1.6,TRUE,TRUE,3,5,TRUE,TRUE,"prevalence(Tobit).adj",0.624210526315789,0.0542553191489362,19.51,0.452105263157895,0.0421749361749362,9.02,160,19,0.32680625,0.2873859375,0,100
"mixed",160,1.6,TRUE,TRUE,3,5,TRUE,TRUE,"prevalence(Tobit).noAdj",0.688947368421053,0.178936170212766,38.32,0.556315789473684,0.37037708739108,17.71,160,19,0.32680625,0.2873859375,0,100
"mixed",160,2,FALSE,TRUE,3,5,TRUE,TRUE,"abundance(AHC-LinDA).adj",0.521052631578947,0.0527659574468085,17.34,0.45421052631579,0.0471280663780664,9.11,160,19,0.330166796875,0.288835546875,0,100
"mixed",160,2,FALSE,TRUE,3,5,TRUE,TRUE,"abundance(AHC-LinDA).noAdj",0.52,0.0521276595744681,17.23,0.454736842105263,0.0614040404040404,9.28,160,19,0.330166796875,0.288835546875,0,100
"mixed",160,2,FALSE,TRUE,3,5,TRUE,TRUE,"obsTwo.depthCov",0.960526315789474,0.0729078014184397,28.53,0.846842105263158,0.0802501132928781,17.84,160,19,0.330166796875,0.288835546875,0,100
"mixed",160,2,FALSE,TRUE,3,5,TRUE,TRUE,"obsTwo.simple",0.940526315789474,0.148368794326241,38.79,0.912631578947369,0.239810259263166,24.94,160,19,0.330166796875,0.288835546875,0,100
"mixed",160,2,FALSE,TRUE,3,5,TRUE,TRUE,"OMNIBUS(ACAT).adj",0.995789473684211,0.0628368794326241,27.78,0.978947368421053,0.0683961526015302,20.05,160,19,0.330166796875,0.288835546875,0,100
"mixed",160,2,FALSE,TRUE,3,5,TRUE,TRUE,"OMNIBUS(ACAT).noAdj",0.996842105263158,0.065177304964539,28.13,0.98421052631579,0.0705863486119779,20.29,160,19,0.330166796875,0.288835546875,0,100
"mixed",160,2,FALSE,TRUE,3,5,TRUE,TRUE,"OMNIBUS(Bonf-minP).adj",0.996315789473684,0.0602127659574468,27.42,0.977894736842105,0.0685614025562538,20.02,160,19,0.330166796875,0.288835546875,0,100
"mixed",160,2,FALSE,TRUE,3,5,TRUE,TRUE,"OMNIBUS(Bonf-minP).noAdj",0.996315789473684,0.0635460992907801,27.89,0.982631578947369,0.0693258351742333,20.21,160,19,0.330166796875,0.288835546875,0,100
"mixed",160,2,FALSE,TRUE,3,5,TRUE,TRUE,"oracle.prev.cov",0.546315789473684,0.0465957446808511,16.95,0.524210526315789,0.0307592407592408,10.32,160,19,0.330166796875,0.288835546875,0,100
"mixed",160,2,FALSE,TRUE,3,5,TRUE,TRUE,"oracle.prev.noAdj",0.537894736842105,0.0345390070921986,15.09,0.519473684210526,0.0254794094794095,10.16,160,19,0.330166796875,0.288835546875,0.39,100
"mixed",160,2,FALSE,TRUE,3,5,TRUE,TRUE,"pkg.ANCOMBC.cov",0.594736842105263,0.107943262411348,26.52,0.526315789473684,0.256442145929035,14.03,160,19,0.330166796875,0.288835546875,0,100
"mixed",160,2,FALSE,TRUE,3,5,TRUE,TRUE,"pkg.ANCOMBC.noAdj",0.591578947368421,0.113262411347518,27.21,0.520526315789474,0.25327648806583,14.09,160,19,0.330166796875,0.288835546875,0,100
"mixed",160,2,FALSE,TRUE,3,5,TRUE,TRUE,"pkg.DESeq2.cov",0.876315789473684,0.0460283687943262,23.14,0.7,0.0482036484757073,14.03,160,19,0.330166796875,0.288835546875,0,100
"mixed",160,2,FALSE,TRUE,3,5,TRUE,TRUE,"pkg.DESeq2.noAdj",0.85,0.0512765957446809,23.38,0.676315789473684,0.0583505515812017,13.72,160,19,0.330166796875,0.288835546875,0,100
"mixed",160,2,FALSE,TRUE,3,5,TRUE,TRUE,"pkg.edgeR.cov",0.908421052631579,0.039645390070922,22.85,0.767368421052632,0.0373835673270658,15.18,160,19,0.330166796875,0.288835546875,0,100
"mixed",160,2,FALSE,TRUE,3,5,TRUE,TRUE,"pkg.edgeR.noAdj",0.887368421052632,0.0487234042553192,23.73,0.74,0.0521183875034494,14.87,160,19,0.330166796875,0.288835546875,0,100
"mixed",160,2,FALSE,TRUE,3,5,TRUE,TRUE,"pkg.metagenomeSeq.cov",0.649473684210526,0.660141843971631,105.42,0.611052631578947,0.884731999626866,100.66,160,19,0.330166796875,0.288835546875,0,100
"mixed",160,2,FALSE,TRUE,3,5,TRUE,TRUE,"pkg.metagenomeSeq.noAdj",0.826842105263158,0.183829787234043,41.63,0.762631578947368,0.355737021146769,23.81,160,19,0.330166796875,0.288835546875,0,100
"mixed",160,2,FALSE,TRUE,3,5,TRUE,TRUE,"pkg.ZINQ.cov",0.993157894736842,0.178581560283688,44.05,0.975789473684211,0.279247165832049,28.49,160,19,0.330166796875,0.288835546875,0.01,100
"mixed",160,2,FALSE,TRUE,3,5,TRUE,TRUE,"pkg.ZINQ.depth",0.950526315789474,0.0734751773049645,28.42,0.841052631578947,0.0799812707236808,17.7,160,19,0.330166796875,0.288835546875,0.01,100
"mixed",160,2,FALSE,TRUE,3,5,TRUE,TRUE,"pkg.ZINQ.depthCov",0.957894736842105,0.0775886524822695,29.14,0.848947368421053,0.0754897670858805,17.8,160,19,0.330166796875,0.288835546875,0.01,100
"mixed",160,2,FALSE,TRUE,3,5,TRUE,TRUE,"pkg.ZINQ.noAdjust",0.977368421052632,0.164468085106383,41.76,0.958421052631579,0.249472875819587,26.22,160,19,0.330166796875,0.288835546875,0.01,100
"mixed",160,2,FALSE,TRUE,3,5,TRUE,TRUE,"presence(Fisher)",0.652105263157895,0.0646099290780142,21.5,0.554210526315789,0.0961203679361574,11.77,160,19,0.330166796875,0.288835546875,0.16,100
"mixed",160,2,FALSE,TRUE,3,5,TRUE,TRUE,"presence(logistic+depth)",0.632105263157895,0.0512765957446808,19.24,0.422631578947368,0.030762432012432,8.35,160,19,0.330166796875,0.288835546875,0,100
"mixed",160,2,FALSE,TRUE,3,5,TRUE,TRUE,"presence(logistic+depth+z)",0.636842105263158,0.0508510638297872,19.27,0.441578947368421,0.0297725607725608,8.7,160,19,0.330166796875,0.288835546875,0,100
"mixed",160,2,FALSE,TRUE,3,5,TRUE,TRUE,"prevalence(Tobit).adj",0.691052631578947,0.0651063829787234,22.31,0.614210526315789,0.0814116458160576,12.87,160,19,0.330166796875,0.288835546875,0,100
"mixed",160,2,FALSE,TRUE,3,5,TRUE,TRUE,"prevalence(Tobit).noAdj",0.728421052631579,0.068936170212766,23.56,0.661052631578947,0.0733436499001514,13.79,160,19,0.330166796875,0.288835546875,0,100
"mixed",160,2,TRUE,TRUE,3,5,TRUE,TRUE,"abundance(AHC-LinDA).adj",0.516315789473684,0.0531914893617021,17.31,0.452631578947368,0.0548228438228438,9.17,160,19,0.32933828125,0.288619140625,0,100
"mixed",160,2,TRUE,TRUE,3,5,TRUE,TRUE,"abundance(AHC-LinDA).noAdj",0.545263157894737,0.156382978723404,32.41,0.459473684210526,0.341310165428661,14.55,160,19,0.32933828125,0.288619140625,0,100
"mixed",160,2,TRUE,TRUE,3,5,TRUE,TRUE,"obsTwo.depthCov",0.946315789473684,0.065886524822695,27.27,0.824736842105263,0.0661300028582267,16.94,160,19,0.32933828125,0.288619140625,0,100
"mixed",160,2,TRUE,TRUE,3,5,TRUE,TRUE,"obsTwo.simple",0.915263157894737,0.330354609929078,63.97,0.885789473684211,0.624113554389835,47.77,160,19,0.32933828125,0.288619140625,0,100
"mixed",160,2,TRUE,TRUE,3,5,TRUE,TRUE,"OMNIBUS(ACAT).adj",0.985789473684211,0.0571631205673759,26.79,0.955263157894737,0.0518156442800405,19.2,160,19,0.32933828125,0.288619140625,0,100
"mixed",160,2,TRUE,TRUE,3,5,TRUE,TRUE,"OMNIBUS(ACAT).noAdj",0.982105263157895,0.20936170212766,48.18,0.948421052631579,0.375406693572287,30.16,160,19,0.32933828125,0.288619140625,0,100
"mixed",160,2,TRUE,TRUE,3,5,TRUE,TRUE,"OMNIBUS(Bonf-minP).adj",0.98421052631579,0.056241134751773,26.63,0.953684210526316,0.0515681315588436,19.16,160,19,0.32933828125,0.288619140625,0,100
"mixed",160,2,TRUE,TRUE,3,5,TRUE,TRUE,"OMNIBUS(Bonf-minP).noAdj",0.979473684210526,0.204042553191489,47.38,0.945789473684211,0.369760885203158,29.78,160,19,0.32933828125,0.288619140625,0,100
"mixed",160,2,TRUE,TRUE,3,5,TRUE,TRUE,"oracle.prev.cov",0.548947368421053,0.0479432624113475,17.19,0.512105263157895,0.0304242424242424,10.07,160,19,0.32933828125,0.288619140625,0,100
"mixed",160,2,TRUE,TRUE,3,5,TRUE,TRUE,"oracle.prev.noAdj",0.574736842105263,0.131347517730496,29.44,0.51,0.306233590434614,14.6,160,19,0.32933828125,0.288619140625,0.39,100
"mixed",160,2,TRUE,TRUE,3,5,TRUE,TRUE,"pkg.ANCOMBC.cov",0.592105263157895,0.119645390070922,28.12,0.527368421052632,0.274853634331374,14.61,160,19,0.32933828125,0.288619140625,0,100
"mixed",160,2,TRUE,TRUE,3,5,TRUE,TRUE,"pkg.ANCOMBC.noAdj",0.671578947368421,0.29241134751773,53.99,0.61,0.65394850920067,35.57,160,19,0.32933828125,0.288619140625,0,100
"mixed",160,2,TRUE,TRUE,3,5,TRUE,TRUE,"pkg.DESeq2.cov",0.816842105263158,0.0426950354609929,21.54,0.640526315789474,0.0500051737478208,12.85,160,19,0.32933828125,0.288619140625,0,100
"mixed",160,2,TRUE,TRUE,3,5,TRUE,TRUE,"pkg.DESeq2.noAdj",0.812631578947368,0.217021276595745,46.04,0.713157894736842,0.496521050471062,28.31,160,19,0.32933828125,0.288619140625,0,100
"mixed",160,2,TRUE,TRUE,3,5,TRUE,TRUE,"pkg.edgeR.cov",0.867894736842105,0.0374468085106383,21.77,0.715263157894737,0.0315332412685354,14.06,160,19,0.32933828125,0.288619140625,0,100
"mixed",160,2,TRUE,TRUE,3,5,TRUE,TRUE,"pkg.edgeR.noAdj",0.847894736842105,0.211702127659574,45.96,0.768421052631579,0.466791668384852,28.57,160,19,0.32933828125,0.288619140625,0,100
"mixed",160,2,TRUE,TRUE,3,5,TRUE,TRUE,"pkg.metagenomeSeq.cov",0.617894736842105,0.636028368794326,101.42,0.581578947368421,0.884283787513624,95.45,160,19,0.32933828125,0.288619140625,0,100
"mixed",160,2,TRUE,TRUE,3,5,TRUE,TRUE,"pkg.metagenomeSeq.noAdj",0.835789473684211,0.355177304964539,65.96,0.795263157894737,0.692387030666638,51.31,160,19,0.32933828125,0.288619140625,0,100
"mixed",160,2,TRUE,TRUE,3,5,TRUE,TRUE,"pkg.ZINQ.cov",0.976842105263158,0.145035460992908,39.01,0.951052631578947,0.209189443331894,24.39,160,19,0.32933828125,0.288619140625,0,100
"mixed",160,2,TRUE,TRUE,3,5,TRUE,TRUE,"pkg.ZINQ.depth",0.933157894736842,0.179645390070922,43.06,0.830526315789474,0.290371246614706,23.59,160,19,0.32933828125,0.288619140625,0,100
"mixed",160,2,TRUE,TRUE,3,5,TRUE,TRUE,"pkg.ZINQ.depthCov",0.945789473684211,0.0734751773049646,28.33,0.827894736842105,0.0727512454435829,17.11,160,19,0.32933828125,0.288619140625,0,100
"mixed",160,2,TRUE,TRUE,3,5,TRUE,TRUE,"pkg.ZINQ.noAdjust",0.968421052631579,0.358014184397163,68.88,0.941578947368421,0.615842232856453,49.64,160,19,0.32933828125,0.288619140625,0,100
"mixed",160,2,TRUE,TRUE,3,5,TRUE,TRUE,"presence(Fisher)",0.648421052631579,0.154539007092199,34.11,0.538421052631579,0.380343337541227,17.34,160,19,0.32933828125,0.288619140625,0.16,100
"mixed",160,2,TRUE,TRUE,3,5,TRUE,TRUE,"presence(logistic+depth)",0.624736842105263,0.0935460992907802,25.06,0.42,0.128477778757191,9.46,160,19,0.32933828125,0.288619140625,0,100
"mixed",160,2,TRUE,TRUE,3,5,TRUE,TRUE,"presence(logistic+depth+z)",0.62578947368421,0.046241134751773,18.41,0.400526315789474,0.020784965034965,7.8,160,19,0.32933828125,0.288619140625,0,100
"mixed",160,2,TRUE,TRUE,3,5,TRUE,TRUE,"prevalence(Tobit).adj",0.661052631578947,0.059290780141844,20.92,0.568421052631579,0.0531449938949939,11.46,160,19,0.32933828125,0.288619140625,0,100
"mixed",160,2,TRUE,TRUE,3,5,TRUE,TRUE,"prevalence(Tobit).noAdj",0.734210526315789,0.165531914893617,37.29,0.653684210526316,0.345232405779297,19.74,160,19,0.32933828125,0.288619140625,0,100
"mixed",160,2.6,FALSE,TRUE,3,5,TRUE,TRUE,"abundance(AHC-LinDA).adj",0.517368421052632,0.0531205673758865,17.32,0.473684210526316,0.0541414141414142,9.56,160,19,0.335889453125,0.29103359375,0,100
"mixed",160,2.6,FALSE,TRUE,3,5,TRUE,TRUE,"abundance(AHC-LinDA).noAdj",0.528421052631579,0.0542553191489362,17.69,0.471052631578947,0.0665782273282274,9.68,160,19,0.335889453125,0.29103359375,0,100
"mixed",160,2.6,FALSE,TRUE,3,5,TRUE,TRUE,"obsTwo.depthCov",0.986842105263158,0.127163120567376,36.68,0.961578947368421,0.175842978737498,24.95,160,19,0.335889453125,0.29103359375,0,100
"mixed",160,2.6,FALSE,TRUE,3,5,TRUE,TRUE,"obsTwo.simple",0.952105263157895,0.231489361702128,50.73,0.947894736842105,0.388460187874174,36.68,160,19,0.335889453125,0.29103359375,0,100
"mixed",160,2.6,FALSE,TRUE,3,5,TRUE,TRUE,"OMNIBUS(ACAT).adj",0.998421052631579,0.0663120567375887,28.32,0.995263157894737,0.0741911012551981,20.53,160,19,0.335889453125,0.29103359375,0,100
"mixed",160,2.6,FALSE,TRUE,3,5,TRUE,TRUE,"OMNIBUS(ACAT).noAdj",1,0.0766666666666667,29.81,0.995263157894737,0.0883685751605374,20.93,160,19,0.335889453125,0.29103359375,0,100
"mixed",160,2.6,FALSE,TRUE,3,5,TRUE,TRUE,"OMNIBUS(Bonf-minP).adj",0.998421052631579,0.0656737588652482,28.23,0.994736842105263,0.0744227283999832,20.53,160,19,0.335889453125,0.29103359375,0,100
"mixed",160,2.6,FALSE,TRUE,3,5,TRUE,TRUE,"OMNIBUS(Bonf-minP).noAdj",1,0.0729078014184397,29.28,0.992631578947368,0.0882604078541158,20.88,160,19,0.335889453125,0.29103359375,0,100
"mixed",160,2.6,FALSE,TRUE,3,5,TRUE,TRUE,"oracle.prev.cov",0.546315789473684,0.0512056737588652,17.6,0.526315789473684,0.0383682983682984,10.44,160,19,0.335889453125,0.29103359375,0,100
"mixed",160,2.6,FALSE,TRUE,3,5,TRUE,TRUE,"oracle.prev.noAdj",0.537368421052631,0.0350354609929078,15.15,0.526315789473684,0.0262121212121212,10.3,160,19,0.335889453125,0.29103359375,0.44,100
"mixed",160,2.6,FALSE,TRUE,3,5,TRUE,TRUE,"pkg.ANCOMBC.cov",0.634736842105263,0.101205673758865,26.33,0.553684210526316,0.226746862575975,14.34,160,19,0.335889453125,0.29103359375,0,100
"mixed",160,2.6,FALSE,TRUE,3,5,TRUE,TRUE,"pkg.ANCOMBC.noAdj",0.639473684210526,0.10758865248227,27.32,0.561578947368421,0.231885440997435,14.68,160,19,0.335889453125,0.29103359375,0,100
"mixed",160,2.6,FALSE,TRUE,3,5,TRUE,TRUE,"pkg.DESeq2.cov",0.961052631578947,0.0466666666666667,24.84,0.88,0.0366231883012069,17.39,160,19,0.335889453125,0.29103359375,0,100
"mixed",160,2.6,FALSE,TRUE,3,5,TRUE,TRUE,"pkg.DESeq2.noAdj",0.947894736842105,0.0524822695035461,25.41,0.857894736842105,0.0492209830503174,17.22,160,19,0.335889453125,0.29103359375,0,100
"mixed",160,2.6,FALSE,TRUE,3,5,TRUE,TRUE,"pkg.edgeR.cov",0.976315789473684,0.0421276595744681,24.49,0.924736842105263,0.0260747456877488,18.06,160,19,0.335889453125,0.29103359375,0,100
"mixed",160,2.6,FALSE,TRUE,3,5,TRUE,TRUE,"pkg.edgeR.noAdj",0.962631578947369,0.0501418439716312,25.36,0.905789473684211,0.042804603517435,18.04,160,19,0.335889453125,0.29103359375,0,100
"mixed",160,2.6,FALSE,TRUE,3,5,TRUE,TRUE,"pkg.metagenomeSeq.cov",0.638947368421053,0.662978723404255,105.62,0.607368421052632,0.885620115824492,100.62,160,19,0.335889453125,0.29103359375,0,100
"mixed",160,2.6,FALSE,TRUE,3,5,TRUE,TRUE,"pkg.metagenomeSeq.noAdj",0.938421052631579,0.178723404255319,43.03,0.906315789473684,0.338883102341392,27.06,160,19,0.335889453125,0.29103359375,0,100
"mixed",160,2.6,FALSE,TRUE,3,5,TRUE,TRUE,"pkg.ZINQ.cov",1,0.275390070921986,57.83,0.997368421052632,0.40002849992052,41.1,160,19,0.335889453125,0.29103359375,0,100
"mixed",160,2.6,FALSE,TRUE,3,5,TRUE,TRUE,"pkg.ZINQ.depth",0.99,0.122056737588653,36.02,0.956842105263158,0.159674643553173,23.6,160,19,0.335889453125,0.29103359375,0,100
"mixed",160,2.6,FALSE,TRUE,3,5,TRUE,TRUE,"pkg.ZINQ.depthCov",0.99,0.132127659574468,37.44,0.965263157894737,0.164030424861512,24.37,160,19,0.335889453125,0.29103359375,0,100
"mixed",160,2.6,FALSE,TRUE,3,5,TRUE,TRUE,"pkg.ZINQ.noAdjust",0.992631578947368,0.252624113475177,54.48,0.99,0.386828760379397,37.96,160,19,0.335889453125,0.29103359375,0,100
"mixed",160,2.6,FALSE,TRUE,3,5,TRUE,TRUE,"presence(Fisher)",0.738947368421053,0.0573049645390071,22.12,0.67578947368421,0.0702577474984595,13.93,160,19,0.335889453125,0.29103359375,0.19,100
"mixed",160,2.6,FALSE,TRUE,3,5,TRUE,TRUE,"presence(logistic+depth)",0.72,0.0524113475177305,21.07,0.621578947368421,0.0572584768173003,12.6,160,19,0.335889453125,0.29103359375,0,100
"mixed",160,2.6,FALSE,TRUE,3,5,TRUE,TRUE,"presence(logistic+depth+z)",0.718421052631579,0.0546808510638298,21.36,0.631578947368421,0.0559000337897397,12.78,160,19,0.335889453125,0.29103359375,0,100
"mixed",160,2.6,FALSE,TRUE,3,5,TRUE,TRUE,"prevalence(Tobit).adj",0.738947368421053,0.0760992907801418,24.77,0.685263157894737,0.0881027624280417,14.48,160,19,0.335889453125,0.29103359375,0,100
"mixed",160,2.6,FALSE,TRUE,3,5,TRUE,TRUE,"prevalence(Tobit).noAdj",0.776315789473684,0.0849645390070922,26.73,0.733684210526316,0.0966416194400554,15.68,160,19,0.335889453125,0.29103359375,0,100
"mixed",160,2.6,TRUE,TRUE,3,5,TRUE,TRUE,"abundance(AHC-LinDA).adj",0.523684210526316,0.0508510638297872,17.12,0.466315789473684,0.0471448273948274,9.37,160,19,0.338796484375,0.294519921875,0,100
"mixed",160,2.6,TRUE,TRUE,3,5,TRUE,TRUE,"abundance(AHC-LinDA).noAdj",0.546315789473684,0.158297872340426,32.7,0.483157894736842,0.358687016908007,15.93,160,19,0.338796484375,0.294519921875,0,100
"mixed",160,2.6,TRUE,TRUE,3,5,TRUE,TRUE,"obsTwo.depthCov",0.988421052631579,0.100212765957447,32.91,0.953684210526316,0.132107905995714,21.51,160,19,0.338796484375,0.294519921875,0,100
"mixed",160,2.6,TRUE,TRUE,3,5,TRUE,TRUE,"obsTwo.simple",0.955263157894737,0.382765957446808,72.12,0.95421052631579,0.659707471387314,58.06,160,19,0.338796484375,0.294519921875,0,100
"mixed",160,2.6,TRUE,TRUE,3,5,TRUE,TRUE,"OMNIBUS(ACAT).adj",0.996315789473684,0.0602127659574468,27.42,0.987368421052632,0.0584885179021334,20,160,19,0.338796484375,0.294519921875,0,100
"mixed",160,2.6,TRUE,TRUE,3,5,TRUE,TRUE,"OMNIBUS(ACAT).noAdj",0.997368421052632,0.227730496453901,51.06,0.99,0.404826143300587,33.36,160,19,0.338796484375,0.294519921875,0,100
"mixed",160,2.6,TRUE,TRUE,3,5,TRUE,TRUE,"OMNIBUS(Bonf-minP).adj",0.996315789473684,0.0600709219858156,27.4,0.985789473684211,0.0585361369497525,19.97,160,19,0.338796484375,0.294519921875,0,100
"mixed",160,2.6,TRUE,TRUE,3,5,TRUE,TRUE,"OMNIBUS(Bonf-minP).noAdj",0.996315789473684,0.221560283687943,50.17,0.988947368421053,0.397902841382419,32.93,160,19,0.338796484375,0.294519921875,0,100
"mixed",160,2.6,TRUE,TRUE,3,5,TRUE,TRUE,"oracle.prev.cov",0.548947368421053,0.0474468085106383,17.12,0.527368421052631,0.0259242424242424,10.31,160,19,0.338796484375,0.294519921875,0,100
"mixed",160,2.6,TRUE,TRUE,3,5,TRUE,TRUE,"oracle.prev.noAdj",0.592105263157895,0.137021276595745,30.57,0.545263157894737,0.307056581701702,15.72,160,19,0.338796484375,0.294519921875,0.32,100
"mixed",160,2.6,TRUE,TRUE,3,5,TRUE,TRUE,"pkg.ANCOMBC.cov",0.648947368421053,0.108510638297872,27.63,0.562631578947368,0.252398701637319,14.79,160,19,0.338796484375,0.294519921875,0,100
"mixed",160,2.6,TRUE,TRUE,3,5,TRUE,TRUE,"pkg.ANCOMBC.noAdj",0.692631578947368,0.284042553191489,53.21,0.63,0.630440827535636,35.15,160,19,0.338796484375,0.294519921875,0,100
"mixed",160,2.6,TRUE,TRUE,3,5,TRUE,TRUE,"pkg.DESeq2.cov",0.953684210526316,0.040354609929078,23.81,0.852105263157895,0.0383980109587695,16.89,160,19,0.338796484375,0.294519921875,0,100
"mixed",160,2.6,TRUE,TRUE,3,5,TRUE,TRUE,"pkg.DESeq2.noAdj",0.935789473684211,0.21822695035461,48.55,0.879473684210526,0.463496326530271,32.42,160,19,0.338796484375,0.294519921875,0,100
"mixed",160,2.6,TRUE,TRUE,3,5,TRUE,TRUE,"pkg.edgeR.cov",0.968421052631579,0.0353191489361702,23.38,0.908947368421053,0.0210804953560372,17.67,160,19,0.338796484375,0.294519921875,0,100
"mixed",160,2.6,TRUE,TRUE,3,5,TRUE,TRUE,"pkg.edgeR.noAdj",0.952631578947369,0.208794326241135,47.54,0.913684210526316,0.427865280182958,31.56,160,19,0.338796484375,0.294519921875,0,100
"mixed",160,2.6,TRUE,TRUE,3,5,TRUE,TRUE,"pkg.metagenomeSeq.cov",0.578421052631579,0.627446808510638,99.46,0.535263157894737,0.890872187889484,92.92,160,19,0.338796484375,0.294519921875,0,100
"mixed",160,2.6,TRUE,TRUE,3,5,TRUE,TRUE,"pkg.metagenomeSeq.noAdj",0.935789473684211,0.36354609929078,69.04,0.923684210526316,0.669003321380048,55.64,160,19,0.338796484375,0.294519921875,0,100
"mixed",160,2.6,TRUE,TRUE,3,5,TRUE,TRUE,"pkg.ZINQ.cov",0.996315789473684,0.222978723404255,50.37,0.993684210526316,0.344861221340867,32.91,160,19,0.338796484375,0.294519921875,0.02,100
"mixed",160,2.6,TRUE,TRUE,3,5,TRUE,TRUE,"pkg.ZINQ.depth",0.987368421052632,0.222553191489362,50.14,0.96,0.366209682261215,31.02,160,19,0.338796484375,0.294519921875,0.02,100
"mixed",160,2.6,TRUE,TRUE,3,5,TRUE,TRUE,"pkg.ZINQ.depthCov",0.987894736842105,0.105460992907801,33.64,0.953157894736842,0.125655886997885,21.09,160,19,0.338796484375,0.294519921875,0.02,100
"mixed",160,2.6,TRUE,TRUE,3,5,TRUE,TRUE,"pkg.ZINQ.noAdjust",0.990526315789474,0.406382978723404,76.12,0.988421052631579,0.652562670031158,59.49,160,19,0.338796484375,0.294519921875,0.02,100
"mixed",160,2.6,TRUE,TRUE,3,5,TRUE,TRUE,"presence(Fisher)",0.751578947368421,0.153475177304965,35.92,0.69,0.327760934226758,20.25,160,19,0.338796484375,0.294519921875,0.12,100
"mixed",160,2.6,TRUE,TRUE,3,5,TRUE,TRUE,"presence(logistic+depth)",0.725263157894737,0.108439716312057,29.07,0.626315789473684,0.151360644472487,14.34,160,19,0.338796484375,0.294519921875,0,100
"mixed",160,2.6,TRUE,TRUE,3,5,TRUE,TRUE,"presence(logistic+depth+z)",0.711578947368421,0.0531914893617021,21.02,0.607368421052632,0.0335237801414272,11.99,160,19,0.338796484375,0.294519921875,0,100
"mixed",160,2.6,TRUE,TRUE,3,5,TRUE,TRUE,"prevalence(Tobit).adj",0.718947368421053,0.064468085106383,22.75,0.65578947368421,0.0625280307927367,13.36,160,19,0.338796484375,0.294519921875,0,100
"mixed",160,2.6,TRUE,TRUE,3,5,TRUE,TRUE,"prevalence(Tobit).noAdj",0.787894736842105,0.186879432624114,41.32,0.742631578947368,0.379448731506471,23.91,160,19,0.338796484375,0.294519921875,0,100
"mixed",320,0.8,FALSE,TRUE,3,5,TRUE,TRUE,"abundance(AHC-LinDA).adj",0.506842105263158,0.0602836879432624,18.13,0.4,0.0597362914862915,8.17,160,19,0.3186814453125,0.2804833984375,0,100
"mixed",320,0.8,FALSE,TRUE,3,5,TRUE,TRUE,"abundance(AHC-LinDA).noAdj",0.493157894736842,0.059290780141844,17.73,0.365263157894737,0.0665108225108225,7.55,160,19,0.3186814453125,0.2804833984375,0,100
"mixed",320,0.8,FALSE,TRUE,3,5,TRUE,TRUE,"obsTwo.depthCov",0.702105263157895,0.0500709219858156,20.4,0.476842105263158,0.047004662004662,9.54,160,19,0.3186814453125,0.2804833984375,0,100
"mixed",320,0.8,FALSE,TRUE,3,5,TRUE,TRUE,"obsTwo.simple",0.73,0.149645390070922,34.97,0.581052631578947,0.357388952227903,17.92,160,19,0.3186814453125,0.2804833984375,0,100
"mixed",320,0.8,FALSE,TRUE,3,5,TRUE,TRUE,"OMNIBUS(ACAT).adj",0.858947368421053,0.064113475177305,25.36,0.653684210526316,0.0632520554351049,13.34,160,19,0.3186814453125,0.2804833984375,0,100
"mixed",320,0.8,FALSE,TRUE,3,5,TRUE,TRUE,"OMNIBUS(ACAT).noAdj",0.855789473684211,0.0682269503546099,25.88,0.632631578947368,0.0692482853833473,13.01,160,19,0.3186814453125,0.2804833984375,0,100
"mixed",320,0.8,FALSE,TRUE,3,5,TRUE,TRUE,"OMNIBUS(Bonf-minP).adj",0.863157894736842,0.0627659574468085,25.25,0.653684210526316,0.0624792561669496,13.33,160,19,0.3186814453125,0.2804833984375,0,100
"mixed",320,0.8,FALSE,TRUE,3,5,TRUE,TRUE,"OMNIBUS(Bonf-minP).noAdj",0.852105263157895,0.0678723404255319,25.76,0.628421052631579,0.0681407654522979,12.91,160,19,0.3186814453125,0.2804833984375,0,100
"mixed",320,0.8,FALSE,TRUE,3,5,TRUE,TRUE,"oracle.prev.cov",0.481052631578947,0.0480851063829787,15.92,0.261052631578948,0.043952380952381,5.23,160,19,0.3186814453125,0.2804833984375,0,100
"mixed",320,0.8,FALSE,TRUE,3,5,TRUE,TRUE,"oracle.prev.noAdj",0.454736842105263,0.0363829787234043,13.77,0.236842105263158,0.0316428571428571,4.67,160,19,0.3186814453125,0.2804833984375,0.05,100
"mixed",320,0.8,FALSE,TRUE,3,5,TRUE,TRUE,"pkg.ANCOMBC.cov",0.556315789473684,0.130567375886525,28.98,0.506315789473684,0.37633142057517,16.26,160,19,0.3186814453125,0.2804833984375,0,100
"mixed",320,0.8,FALSE,TRUE,3,5,TRUE,TRUE,"pkg.ANCOMBC.noAdj",0.566315789473684,0.140354609929078,30.55,0.511052631578947,0.398768735088624,17.04,160,19,0.3186814453125,0.2804833984375,0,100
"mixed",320,0.8,FALSE,TRUE,3,5,TRUE,TRUE,"pkg.DESeq2.cov",0.564736842105263,0.050354609929078,17.83,0.436315789473684,0.0478186258186258,8.78,160,19,0.3186814453125,0.2804833984375,0,100
"mixed",320,0.8,FALSE,TRUE,3,5,TRUE,TRUE,"pkg.DESeq2.noAdj",0.55,0.0573758865248227,18.54,0.426842105263158,0.0770402375402376,8.9,160,19,0.3186814453125,0.2804833984375,0,100
"mixed",320,0.8,FALSE,TRUE,3,5,TRUE,TRUE,"pkg.edgeR.cov",0.591052631578947,0.0533333333333334,18.75,0.459473684210526,0.0474803807303807,9.23,160,19,0.3186814453125,0.2804833984375,0,100
"mixed",320,0.8,FALSE,TRUE,3,5,TRUE,TRUE,"pkg.edgeR.noAdj",0.578947368421053,0.0630496453900709,19.89,0.453157894736842,0.0865263037615979,9.54,160,19,0.3186814453125,0.2804833984375,0,100
"mixed",320,0.8,FALSE,TRUE,3,5,TRUE,TRUE,"pkg.metagenomeSeq.cov",0.757894736842105,0.763333333333333,122.03,0.738947368421053,0.882777435497866,119.77,160,19,0.3186814453125,0.2804833984375,0,100
"mixed",320,0.8,FALSE,TRUE,3,5,TRUE,TRUE,"pkg.metagenomeSeq.noAdj",0.588421052631579,0.249007092198582,46.29,0.505263157894737,0.580078472456176,24.81,160,19,0.3186814453125,0.2804833984375,0,100
"mixed",320,0.8,FALSE,TRUE,3,5,TRUE,TRUE,"pkg.ZINQ.cov",0.794736842105263,0.151276595744681,36.43,0.656315789473684,0.321652339506457,19.01,160,19,0.3186814453125,0.2804833984375,0,100
"mixed",320,0.8,FALSE,TRUE,3,5,TRUE,TRUE,"pkg.ZINQ.depth",0.652105263157895,0.0513475177304965,19.63,0.366842105263158,0.0549264901764902,7.46,160,19,0.3186814453125,0.2804833984375,0,100
"mixed",320,0.8,FALSE,TRUE,3,5,TRUE,TRUE,"pkg.ZINQ.depthCov",0.676842105263158,0.054113475177305,20.49,0.398421052631579,0.0489754412254412,8.04,160,19,0.3186814453125,0.2804833984375,0,100
"mixed",320,0.8,FALSE,TRUE,3,5,TRUE,TRUE,"pkg.ZINQ.noAdjust",0.775263157894737,0.150354609929078,35.93,0.631052631578947,0.333421889837726,18.57,160,19,0.3186814453125,0.2804833984375,0,100
"mixed",320,0.8,FALSE,TRUE,3,5,TRUE,TRUE,"presence(Fisher)",0.374736842105263,0.125744680851064,24.85,0.165263157894737,0.419661676816476,6.36,160,19,0.3186814453125,0.2804833984375,0.02,100
"mixed",320,0.8,FALSE,TRUE,3,5,TRUE,TRUE,"presence(logistic+depth)",0.332105263157895,0.0460992907801418,12.81,0.0452631578947368,0.052,0.97,160,19,0.3186814453125,0.2804833984375,0,100
"mixed",320,0.8,FALSE,TRUE,3,5,TRUE,TRUE,"presence(logistic+depth+z)",0.342631578947369,0.0473758865248227,13.19,0.0563157894736842,0.0516666666666667,1.17,160,19,0.3186814453125,0.2804833984375,0,100
"mixed",320,0.8,FALSE,TRUE,3,5,TRUE,TRUE,"prevalence(Tobit).adj",0.530526315789474,0.0639007092198581,19.09,0.267894736842105,0.0686096403596404,5.5,160,19,0.3186814453125,0.2804833984375,0,100
"mixed",320,0.8,FALSE,TRUE,3,5,TRUE,TRUE,"prevalence(Tobit).noAdj",0.549473684210526,0.0704964539007092,20.38,0.29,0.0873297258297258,6.14,160,19,0.3186814453125,0.2804833984375,0,100
"mixed",320,0.8,TRUE,TRUE,3,5,TRUE,TRUE,"abundance(AHC-LinDA).adj",0.486315789473684,0.0560283687943262,17.14,0.369473684210526,0.0535999278499279,7.54,160,19,0.319721875,0.28121328125,0,100
"mixed",320,0.8,TRUE,TRUE,3,5,TRUE,TRUE,"abundance(AHC-LinDA).noAdj",0.554736842105263,0.26645390070922,48.11,0.432631578947368,0.673730288692271,28.44,160,19,0.319721875,0.28121328125,0,100
"mixed",320,0.8,TRUE,TRUE,3,5,TRUE,TRUE,"obsTwo.depthCov",0.668947368421053,0.0487234042553191,19.58,0.428947368421053,0.0234318181818182,8.39,160,19,0.319721875,0.28121328125,0,100
"mixed",320,0.8,TRUE,TRUE,3,5,TRUE,TRUE,"obsTwo.simple",0.780526315789474,0.504184397163121,85.92,0.738947368421053,0.804474806622318,73.38,160,19,0.319721875,0.28121328125,0,100
"mixed",320,0.8,TRUE,TRUE,3,5,TRUE,TRUE,"OMNIBUS(ACAT).adj",0.80578947368421,0.0607801418439716,23.88,0.556315789473684,0.0543687578331541,11.28,160,19,0.319721875,0.28121328125,0,100
"mixed",320,0.8,TRUE,TRUE,3,5,TRUE,TRUE,"OMNIBUS(ACAT).noAdj",0.803684210526316,0.363191489361702,66.48,0.716315789473684,0.689493678687446,46.8,160,19,0.319721875,0.28121328125,0,100
"mixed",320,0.8,TRUE,TRUE,3,5,TRUE,TRUE,"OMNIBUS(Bonf-minP).adj",0.803157894736842,0.0594326241134752,23.64,0.555263157894737,0.0551404861048824,11.27,160,19,0.319721875,0.28121328125,0,100
"mixed",320,0.8,TRUE,TRUE,3,5,TRUE,TRUE,"OMNIBUS(Bonf-minP).noAdj",0.797368421052632,0.354964539007092,65.2,0.707368421052632,0.684311154887087,45.39,160,19,0.319721875,0.28121328125,0,100
"mixed",320,0.8,TRUE,TRUE,3,5,TRUE,TRUE,"oracle.prev.cov",0.448947368421053,0.0478014184397163,15.27,0.185263157894737,0.0266349206349206,3.67,160,19,0.319721875,0.28121328125,0,100
"mixed",320,0.8,TRUE,TRUE,3,5,TRUE,TRUE,"oracle.prev.noAdj",0.495789473684211,0.233120567375887,42.29,0.353157894736842,0.651586901049694,21.43,160,19,0.319721875,0.28121328125,0.05,100
"mixed",320,0.8,TRUE,TRUE,3,5,TRUE,TRUE,"pkg.ANCOMBC.cov",0.561578947368421,0.134397163120567,29.62,0.497894736842105,0.378152712096985,15.84,160,19,0.319721875,0.28121328125,0,100
"mixed",320,0.8,TRUE,TRUE,3,5,TRUE,TRUE,"pkg.ANCOMBC.noAdj",0.670526315789474,0.40113475177305,69.3,0.612631578947368,0.777518606556768,54.11,160,19,0.319721875,0.28121328125,0,100
"mixed",320,0.8,TRUE,TRUE,3,5,TRUE,TRUE,"pkg.DESeq2.cov",0.528947368421053,0.0470921985815603,16.69,0.392631578947368,0.0461139971139971,7.87,160,19,0.319721875,0.28121328125,0,100
"mixed",320,0.8,TRUE,TRUE,3,5,TRUE,TRUE,"pkg.DESeq2.noAdj",0.633684210526316,0.343191489361702,60.43,0.542105263157895,0.75256311593035,43.5,160,19,0.319721875,0.28121328125,0,100
"mixed",320,0.8,TRUE,TRUE,3,5,TRUE,TRUE,"pkg.edgeR.cov",0.550526315789474,0.048936170212766,17.36,0.417894736842105,0.0430054112554112,8.34,160,19,0.319721875,0.28121328125,0,100
"mixed",320,0.8,TRUE,TRUE,3,5,TRUE,TRUE,"pkg.edgeR.noAdj",0.648947368421053,0.344042553191489,60.84,0.565789473684211,0.748708562007228,44.41,160,19,0.319721875,0.28121328125,0,100
"mixed",320,0.8,TRUE,TRUE,3,5,TRUE,TRUE,"pkg.metagenomeSeq.cov",0.736315789473684,0.732269503546099,117.24,0.717894736842105,0.880925392526501,114.54,160,19,0.319721875,0.28121328125,0,100
"mixed",320,0.8,TRUE,TRUE,3,5,TRUE,TRUE,"pkg.metagenomeSeq.noAdj",0.682105263157895,0.47,79.23,0.631578947368421,0.81613023550875,67.15,160,19,0.319721875,0.28121328125,0,100
"mixed",320,0.8,TRUE,TRUE,3,5,TRUE,TRUE,"pkg.ZINQ.cov",0.737368421052631,0.131276595744681,32.52,0.604210526315789,0.285106761746676,16.47,160,19,0.319721875,0.28121328125,0,100
"mixed",320,0.8,TRUE,TRUE,3,5,TRUE,TRUE,"pkg.ZINQ.depth",0.69578947368421,0.278014184397163,52.42,0.498421052631579,0.565262844066135,26.19,160,19,0.319721875,0.28121328125,0,100
"mixed",320,0.8,TRUE,TRUE,3,5,TRUE,TRUE,"pkg.ZINQ.depthCov",0.643157894736842,0.0550354609929078,19.98,0.356315789473684,0.0308441280941281,7.06,160,19,0.319721875,0.28121328125,0,100
"mixed",320,0.8,TRUE,TRUE,3,5,TRUE,TRUE,"pkg.ZINQ.noAdjust",0.79578947368421,0.507304964539007,86.65,0.752105263157895,0.801579314745807,73.54,160,19,0.319721875,0.28121328125,0,100
"mixed",320,0.8,TRUE,TRUE,3,5,TRUE,TRUE,"presence(Fisher)",0.435789473684211,0.281702127659574,48,0.288947368421053,0.793424823649884,27.61,160,19,0.319721875,0.28121328125,0,100
"mixed",320,0.8,TRUE,TRUE,3,5,TRUE,TRUE,"presence(logistic+depth)",0.384736842105263,0.157021276595745,29.45,0.142631578947368,0.422401045033398,6.24,160,19,0.319721875,0.28121328125,0,100
"mixed",320,0.8,TRUE,TRUE,3,5,TRUE,TRUE,"presence(logistic+depth+z)",0.317368421052632,0.0466666666666667,12.61,0.0436842105263158,0.0116666666666667,0.86,160,19,0.319721875,0.28121328125,0,100
"mixed",320,0.8,TRUE,TRUE,3,5,TRUE,TRUE,"prevalence(Tobit).adj",0.484210526315789,0.0619148936170213,17.93,0.201052631578947,0.0527647907647908,4.17,160,19,0.319721875,0.28121328125,0,100
"mixed",320,0.8,TRUE,TRUE,3,5,TRUE,TRUE,"prevalence(Tobit).noAdj",0.565789473684211,0.256524822695035,46.92,0.415789473684211,0.668160538251103,25.03,160,19,0.319721875,0.28121328125,0,100
"mixed",320,1.2,FALSE,TRUE,3,5,TRUE,TRUE,"abundance(AHC-LinDA).adj",0.515789473684211,0.056241134751773,17.73,0.461052631578947,0.0569343434343434,9.35,160,19,0.3218443359375,0.283370703125,0,100
"mixed",320,1.2,FALSE,TRUE,3,5,TRUE,TRUE,"abundance(AHC-LinDA).noAdj",0.512105263157895,0.0564539007092199,17.69,0.462631578947368,0.0564178093148682,9.42,160,19,0.3218443359375,0.283370703125,0,100
"mixed",320,1.2,FALSE,TRUE,3,5,TRUE,TRUE,"obsTwo.depthCov",0.886842105263158,0.0543262411347518,24.51,0.729473684210526,0.0505202088932739,14.66,160,19,0.3218443359375,0.283370703125,0,100
"mixed",320,1.2,FALSE,TRUE,3,5,TRUE,TRUE,"obsTwo.simple",0.887894736842105,0.162553191489362,39.79,0.820526315789474,0.356996964559431,25.06,160,19,0.3218443359375,0.283370703125,0,100
"mixed",320,1.2,FALSE,TRUE,3,5,TRUE,TRUE,"OMNIBUS(ACAT).adj",0.984736842105263,0.0670212765957447,28.16,0.93421052631579,0.0706227239318167,19.19,160,19,0.3218443359375,0.283370703125,0,100
"mixed",320,1.2,FALSE,TRUE,3,5,TRUE,TRUE,"OMNIBUS(ACAT).noAdj",0.986315789473684,0.0714893617021277,28.82,0.939473684210526,0.0862251214141029,19.67,160,19,0.3218443359375,0.283370703125,0,100
"mixed",320,1.2,FALSE,TRUE,3,5,TRUE,TRUE,"OMNIBUS(Bonf-minP).adj",0.98421052631579,0.0657446808510638,27.97,0.932631578947368,0.0690601400327137,19.12,160,19,0.3218443359375,0.283370703125,0,100
"mixed",320,1.2,FALSE,TRUE,3,5,TRUE,TRUE,"OMNIBUS(Bonf-minP).noAdj",0.985263157894737,0.070709219858156,28.69,0.935789473684211,0.0853903327937106,19.57,160,19,0.3218443359375,0.283370703125,0,100
"mixed",320,1.2,FALSE,TRUE,3,5,TRUE,TRUE,"oracle.prev.cov",0.544210526315789,0.0483687943262411,17.16,0.490526315789474,0.0313885003885004,9.65,160,19,0.3218443359375,0.283370703125,0,100
"mixed",320,1.2,FALSE,TRUE,3,5,TRUE,TRUE,"oracle.prev.noAdj",0.537368421052631,0.0354609929078014,15.21,0.478421052631579,0.0248282828282828,9.34,160,19,0.3218443359375,0.283370703125,0.03,100
"mixed",320,1.2,FALSE,TRUE,3,5,TRUE,TRUE,"pkg.ANCOMBC.cov",0.556842105263158,0.12822695035461,28.66,0.502631578947368,0.359766685648298,15.48,160,19,0.3218443359375,0.283370703125,0,100
"mixed",320,1.2,FALSE,TRUE,3,5,TRUE,TRUE,"pkg.ANCOMBC.noAdj",0.561052631578947,0.132695035460993,29.37,0.506842105263158,0.380689599698699,16.2,160,19,0.3218443359375,0.283370703125,0,100
"mixed",320,1.2,FALSE,TRUE,3,5,TRUE,TRUE,"pkg.DESeq2.cov",0.704210526315789,0.0514893617021277,20.64,0.54578947368421,0.0556793206793207,11.05,160,19,0.3218443359375,0.283370703125,0,100
"mixed",320,1.2,FALSE,TRUE,3,5,TRUE,TRUE,"pkg.DESeq2.noAdj",0.683684210526316,0.0562411347517731,20.92,0.535263157894737,0.0737179748356219,11.08,160,19,0.3218443359375,0.283370703125,0,100
"mixed",320,1.2,FALSE,TRUE,3,5,TRUE,TRUE,"pkg.edgeR.cov",0.726842105263158,0.0491489361702128,20.74,0.595789473684211,0.0470597735597736,11.92,160,19,0.3218443359375,0.283370703125,0,100
"mixed",320,1.2,FALSE,TRUE,3,5,TRUE,TRUE,"pkg.edgeR.noAdj",0.707368421052632,0.0568794326241135,21.46,0.574210526315789,0.0613657453657454,11.69,160,19,0.3218443359375,0.283370703125,0,100
"mixed",320,1.2,FALSE,TRUE,3,5,TRUE,TRUE,"pkg.metagenomeSeq.cov",0.751052631578947,0.75645390070922,120.93,0.739473684210526,0.8813958264006,118.38,160,19,0.3218443359375,0.283370703125,0,100
"mixed",320,1.2,FALSE,TRUE,3,5,TRUE,TRUE,"pkg.metagenomeSeq.noAdj",0.659473684210526,0.25886524822695,49.03,0.59421052631579,0.572603223670822,28.87,160,19,0.3218443359375,0.283370703125,0,100
"mixed",320,1.2,FALSE,TRUE,3,5,TRUE,TRUE,"pkg.ZINQ.cov",0.935263157894737,0.164184397163121,40.92,0.881578947368421,0.325953564182148,25.52,160,19,0.3218443359375,0.283370703125,0,100
"mixed",320,1.2,FALSE,TRUE,3,5,TRUE,TRUE,"pkg.ZINQ.depth",0.86421052631579,0.0553900709219858,24.23,0.694210526315789,0.0504393073816448,13.94,160,19,0.3218443359375,0.283370703125,0,100
"mixed",320,1.2,FALSE,TRUE,3,5,TRUE,TRUE,"pkg.ZINQ.depthCov",0.868947368421053,0.0587943262411347,24.8,0.710526315789474,0.0554442601172477,14.35,160,19,0.3218443359375,0.283370703125,0,100
"mixed",320,1.2,FALSE,TRUE,3,5,TRUE,TRUE,"pkg.ZINQ.noAdjust",0.920526315789474,0.161347517730496,40.24,0.861578947368421,0.335997935626761,25.52,160,19,0.3218443359375,0.283370703125,0,100
"mixed",320,1.2,FALSE,TRUE,3,5,TRUE,TRUE,"presence(Fisher)",0.547368421052632,0.11936170212766,27.23,0.415263157894737,0.320631650942796,12.15,160,19,0.3218443359375,0.283370703125,0.04,100
"mixed",320,1.2,FALSE,TRUE,3,5,TRUE,TRUE,"presence(logistic+depth)",0.538947368421053,0.0481560283687943,17.03,0.266315789473684,0.0388059163059163,5.33,160,19,0.3218443359375,0.283370703125,0,100
"mixed",320,1.2,FALSE,TRUE,3,5,TRUE,TRUE,"presence(logistic+depth+z)",0.547368421052632,0.049645390070922,17.4,0.285789473684211,0.0419606782106782,5.73,160,19,0.3218443359375,0.283370703125,0,100
"mixed",320,1.2,FALSE,TRUE,3,5,TRUE,TRUE,"prevalence(Tobit).adj",0.666842105263158,0.0656028368794326,21.92,0.542631578947368,0.0826585497835498,11.31,160,19,0.3218443359375,0.283370703125,0,100
"mixed",320,1.2,FALSE,TRUE,3,5,TRUE,TRUE,"prevalence(Tobit).noAdj",0.682631578947368,0.0765957446808511,23.77,0.580526315789474,0.105046103406398,12.43,160,19,0.3218443359375,0.283370703125,0,100
"mixed",320,1.2,TRUE,TRUE,3,5,TRUE,TRUE,"abundance(AHC-LinDA).adj",0.516315789473684,0.0582269503546099,18.02,0.472105263157895,0.059955266955267,9.62,160,19,0.3233802734375,0.2834775390625,0,100
"mixed",320,1.2,TRUE,TRUE,3,5,TRUE,TRUE,"abundance(AHC-LinDA).noAdj",0.602631578947368,0.267588652482269,49.18,0.522105263157895,0.640920494448372,31.05,160,19,0.3233802734375,0.2834775390625,0,100
"mixed",320,1.2,TRUE,TRUE,3,5,TRUE,TRUE,"obsTwo.depthCov",0.89,0.0453900709219858,23.31,0.724210526315789,0.043178689774278,14.43,160,19,0.3233802734375,0.2834775390625,0,100
"mixed",320,1.2,TRUE,TRUE,3,5,TRUE,TRUE,"obsTwo.simple",0.892631578947369,0.512056737588652,89.16,0.862105263157895,0.784451879147043,77.43,160,19,0.3233802734375,0.2834775390625,0,100
"mixed",320,1.2,TRUE,TRUE,3,5,TRUE,TRUE,"OMNIBUS(ACAT).adj",0.981578947368421,0.0665957446808511,28.04,0.918421052631579,0.0688363625826171,18.83,160,19,0.3233802734375,0.2834775390625,0,100
"mixed",320,1.2,TRUE,TRUE,3,5,TRUE,TRUE,"OMNIBUS(ACAT).noAdj",0.943157894736842,0.370709219858156,70.19,0.908421052631579,0.663235709552253,53.74,160,19,0.3233802734375,0.2834775390625,0,100
"mixed",320,1.2,TRUE,TRUE,3,5,TRUE,TRUE,"OMNIBUS(Bonf-minP).adj",0.980526315789474,0.0670921985815603,28.09,0.916315789473684,0.0665443503890704,18.74,160,19,0.3233802734375,0.2834775390625,0,100
"mixed",320,1.2,TRUE,TRUE,3,5,TRUE,TRUE,"OMNIBUS(Bonf-minP).noAdj",0.935789473684211,0.359716312056738,68.5,0.903157894736842,0.657824089807589,52.6,160,19,0.3233802734375,0.2834775390625,0,100
"mixed",320,1.2,TRUE,TRUE,3,5,TRUE,TRUE,"oracle.prev.cov",0.537894736842105,0.0511347517730496,17.43,0.472105263157895,0.0393065823065823,9.39,160,19,0.3233802734375,0.2834775390625,0,100
"mixed",320,1.2,TRUE,TRUE,3,5,TRUE,TRUE,"oracle.prev.noAdj",0.602631578947368,0.228723404255319,43.7,0.503684210526316,0.598652043256582,25.23,160,19,0.3233802734375,0.2834775390625,0.07,100
"mixed",320,1.2,TRUE,TRUE,3,5,TRUE,TRUE,"pkg.ANCOMBC.cov",0.566842105263158,0.135390070921986,29.86,0.51,0.385771495188678,16.43,160,19,0.3233802734375,0.2834775390625,0,100
"mixed",320,1.2,TRUE,TRUE,3,5,TRUE,TRUE,"pkg.ANCOMBC.noAdj",0.695263157894737,0.396524822695035,69.12,0.656315789473684,0.767474575476326,55.03,160,19,0.3233802734375,0.2834775390625,0,100
"mixed",320,1.2,TRUE,TRUE,3,5,TRUE,TRUE,"pkg.DESeq2.cov",0.678421052631579,0.048936170212766,19.79,0.516842105263158,0.0579869574869575,10.47,160,19,0.3233802734375,0.2834775390625,0,100
"mixed",320,1.2,TRUE,TRUE,3,5,TRUE,TRUE,"pkg.DESeq2.noAdj",0.722631578947368,0.34241134751773,62.01,0.647368421052631,0.721087145778102,45.77,160,19,0.3233802734375,0.2834775390625,0,100
"mixed",320,1.2,TRUE,TRUE,3,5,TRUE,TRUE,"pkg.edgeR.cov",0.715263157894737,0.0451063829787234,19.95,0.572631578947368,0.0391858141858142,11.36,160,19,0.3233802734375,0.2834775390625,0,100
"mixed",320,1.2,TRUE,TRUE,3,5,TRUE,TRUE,"pkg.edgeR.noAdj",0.741052631578947,0.34241134751773,62.36,0.679473684210526,0.707345806525267,45.96,160,19,0.3233802734375,0.2834775390625,0,100
"mixed",320,1.2,TRUE,TRUE,3,5,TRUE,TRUE,"pkg.metagenomeSeq.cov",0.732105263157895,0.730567375886525,116.92,0.706842105263158,0.881638858380717,113.61,160,19,0.3233802734375,0.2834775390625,0,100
"mixed",320,1.2,TRUE,TRUE,3,5,TRUE,TRUE,"pkg.metagenomeSeq.noAdj",0.752105263157895,0.470070921985816,80.57,0.715263157894737,0.800055653604594,69.46,160,19,0.3233802734375,0.2834775390625,0,100
"mixed",320,1.2,TRUE,TRUE,3,5,TRUE,TRUE,"pkg.ZINQ.cov",0.923157894736842,0.142411347517731,37.62,0.851578947368421,0.269720616961641,22.55,160,19,0.3233802734375,0.2834775390625,0,100
"mixed",320,1.2,TRUE,TRUE,3,5,TRUE,TRUE,"pkg.ZINQ.depth",0.863684210526316,0.281489361702128,56.1,0.775263157894737,0.522088054821976,33.79,160,19,0.3233802734375,0.2834775390625,0,100
"mixed",320,1.2,TRUE,TRUE,3,5,TRUE,TRUE,"pkg.ZINQ.depthCov",0.876315789473684,0.0531914893617021,24.15,0.702631578947368,0.0475510159774866,14.1,160,19,0.3233802734375,0.2834775390625,0,100
"mixed",320,1.2,TRUE,TRUE,3,5,TRUE,TRUE,"pkg.ZINQ.noAdjust",0.919473684210526,0.513971631205674,89.94,0.891578947368421,0.777649286040336,77.68,160,19,0.3233802734375,0.2834775390625,0,100
"mixed",320,1.2,TRUE,TRUE,3,5,TRUE,TRUE,"presence(Fisher)",0.594210526315789,0.285460992907801,51.54,0.482631578947368,0.717665059691226,33.05,160,19,0.3233802734375,0.2834775390625,0.01,100
"mixed",320,1.2,TRUE,TRUE,3,5,TRUE,TRUE,"presence(logistic+depth)",0.55578947368421,0.16063829787234,33.21,0.366315789473684,0.370046796519589,12.25,160,19,0.3233802734375,0.2834775390625,0,100
"mixed",320,1.2,TRUE,TRUE,3,5,TRUE,TRUE,"presence(logistic+depth+z)",0.547368421052632,0.0475177304964539,17.1,0.268421052631579,0.0394342046842047,5.39,160,19,0.3233802734375,0.2834775390625,0,100
"mixed",320,1.2,TRUE,TRUE,3,5,TRUE,TRUE,"prevalence(Tobit).adj",0.639473684210526,0.0683687943262411,21.79,0.511052631578947,0.0753256604506605,10.61,160,19,0.3233802734375,0.2834775390625,0,100
"mixed",320,1.2,TRUE,TRUE,3,5,TRUE,TRUE,"prevalence(Tobit).noAdj",0.70578947368421,0.263333333333333,50.54,0.60578947368421,0.624079069605116,31.79,160,19,0.3233802734375,0.2834775390625,0,100
"mixed",320,1.6,FALSE,TRUE,3,5,TRUE,TRUE,"abundance(AHC-LinDA).adj",0.537894736842105,0.061063829787234,18.83,0.483157894736842,0.0477316572316572,9.71,160,19,0.325330859375,0.286216015625,0,100
"mixed",320,1.6,FALSE,TRUE,3,5,TRUE,TRUE,"abundance(AHC-LinDA).noAdj",0.553684210526316,0.0543262411347518,18.18,0.483684210526316,0.0483018093018093,9.72,160,19,0.325330859375,0.286216015625,0,100
"mixed",320,1.6,FALSE,TRUE,3,5,TRUE,TRUE,"obsTwo.depthCov",0.982105263157895,0.0605673758865248,27.2,0.928947368421053,0.0503007215787906,18.69,160,19,0.325330859375,0.286216015625,0,100
"mixed",320,1.6,FALSE,TRUE,3,5,TRUE,TRUE,"obsTwo.simple",0.95421052631579,0.182340425531915,43.84,0.938947368421053,0.368462081586092,29.47,160,19,0.325330859375,0.286216015625,0,100
"mixed",320,1.6,FALSE,TRUE,3,5,TRUE,TRUE,"OMNIBUS(ACAT).adj",0.999473684210526,0.0659574468085106,28.29,0.995789473684211,0.063891542591657,20.29,160,19,0.325330859375,0.286216015625,0,100
"mixed",320,1.6,FALSE,TRUE,3,5,TRUE,TRUE,"OMNIBUS(ACAT).noAdj",0.999473684210526,0.0725531914893617,29.22,0.997368421052632,0.076420922708108,20.61,160,19,0.325330859375,0.286216015625,0,100
"mixed",320,1.6,FALSE,TRUE,3,5,TRUE,TRUE,"OMNIBUS(Bonf-minP).adj",0.998947368421053,0.0652482269503546,28.18,0.995263157894737,0.0624947171948316,20.25,160,19,0.325330859375,0.286216015625,0,100
"mixed",320,1.6,FALSE,TRUE,3,5,TRUE,TRUE,"OMNIBUS(Bonf-minP).noAdj",0.999473684210526,0.0709929078014184,29,0.997368421052632,0.0759978095893427,20.6,160,19,0.325330859375,0.286216015625,0,100
"mixed",320,1.6,FALSE,TRUE,3,5,TRUE,TRUE,"oracle.prev.cov",0.548421052631579,0.0512056737588652,17.64,0.526842105263158,0.0370780885780886,10.44,160,19,0.325330859375,0.286216015625,0,100
"mixed",320,1.6,FALSE,TRUE,3,5,TRUE,TRUE,"oracle.prev.noAdj",0.544210526315789,0.0390070921985816,15.84,0.52578947368421,0.0346929736929737,10.39,160,19,0.325330859375,0.286216015625,0.02,100
"mixed",320,1.6,FALSE,TRUE,3,5,TRUE,TRUE,"pkg.ANCOMBC.cov",0.602105263157895,0.141914893617021,31.45,0.528947368421053,0.373940320926793,17.38,160,19,0.325330859375,0.286216015625,0,100
"mixed",320,1.6,FALSE,TRUE,3,5,TRUE,TRUE,"pkg.ANCOMBC.noAdj",0.603157894736842,0.138297872340426,30.96,0.534736842105263,0.364620415425679,17.05,160,19,0.325330859375,0.286216015625,0,100
"mixed",320,1.6,FALSE,TRUE,3,5,TRUE,TRUE,"pkg.DESeq2.cov",0.886315789473684,0.0531914893617021,24.34,0.725263157894737,0.0460812575367529,14.5,160,19,0.325330859375,0.286216015625,0,100
"mixed",320,1.6,FALSE,TRUE,3,5,TRUE,TRUE,"pkg.DESeq2.noAdj",0.865263157894737,0.0584397163120567,24.68,0.682105263157895,0.0595363117274882,13.87,160,19,0.325330859375,0.286216015625,0,100
"mixed",320,1.6,FALSE,TRUE,3,5,TRUE,TRUE,"pkg.edgeR.cov",0.907368421052632,0.0476595744680851,23.96,0.787894736842105,0.0350995947636815,15.55,160,19,0.325330859375,0.286216015625,0,100
"mixed",320,1.6,FALSE,TRUE,3,5,TRUE,TRUE,"pkg.edgeR.noAdj",0.882105263157895,0.0570921985815603,24.81,0.747368421052631,0.0485718146232852,14.99,160,19,0.325330859375,0.286216015625,0,100
"mixed",320,1.6,FALSE,TRUE,3,5,TRUE,TRUE,"pkg.metagenomeSeq.cov",0.75,0.755744680851064,120.81,0.736842105263158,0.88169345413717,118.25,160,19,0.325330859375,0.286216015625,0,100
"mixed",320,1.6,FALSE,TRUE,3,5,TRUE,TRUE,"pkg.metagenomeSeq.noAdj",0.793157894736842,0.25645390070922,51.23,0.731052631578947,0.538996726284023,32.4,160,19,0.325330859375,0.286216015625,0,100
"mixed",320,1.6,FALSE,TRUE,3,5,TRUE,TRUE,"pkg.ZINQ.cov",0.989473684210526,0.185886524822695,45.01,0.977894736842105,0.343289672999875,29.34,160,19,0.325330859375,0.286216015625,0,100
"mixed",320,1.6,FALSE,TRUE,3,5,TRUE,TRUE,"pkg.ZINQ.depth",0.981052631578948,0.0631205673758865,27.54,0.92,0.0549010115626585,18.57,160,19,0.325330859375,0.286216015625,0,100
"mixed",320,1.6,FALSE,TRUE,3,5,TRUE,TRUE,"pkg.ZINQ.depthCov",0.98,0.065886524822695,27.91,0.925789473684211,0.059281210267201,18.79,160,19,0.325330859375,0.286216015625,0,100
"mixed",320,1.6,FALSE,TRUE,3,5,TRUE,TRUE,"pkg.ZINQ.noAdjust",0.986315789473684,0.182624113475177,44.49,0.973684210526316,0.344954835168874,29.27,160,19,0.325330859375,0.286216015625,0,100
"mixed",320,1.6,FALSE,TRUE,3,5,TRUE,TRUE,"presence(Fisher)",0.65578947368421,0.112340425531915,28.3,0.572105263157895,0.269344498505264,15.34,160,19,0.325330859375,0.286216015625,0.04,100
"mixed",320,1.6,FALSE,TRUE,3,5,TRUE,TRUE,"presence(logistic+depth)",0.65578947368421,0.0473049645390071,19.13,0.527894736842105,0.0379782717282717,10.47,160,19,0.325330859375,0.286216015625,0,100
"mixed",320,1.6,FALSE,TRUE,3,5,TRUE,TRUE,"presence(logistic+depth+z)",0.659473684210526,0.0483687943262411,19.35,0.530526315789474,0.0343246198246198,10.48,160,19,0.325330859375,0.286216015625,0,100
"mixed",320,1.6,FALSE,TRUE,3,5,TRUE,TRUE,"prevalence(Tobit).adj",0.707368421052631,0.0700709219858156,23.32,0.636315789473684,0.0803717834453128,13.22,160,19,0.325330859375,0.286216015625,0,100
"mixed",320,1.6,FALSE,TRUE,3,5,TRUE,TRUE,"prevalence(Tobit).noAdj",0.736315789473684,0.0818439716312057,25.53,0.682105263157895,0.0991858296072692,14.49,160,19,0.325330859375,0.286216015625,0,100
"mixed",320,1.6,TRUE,TRUE,3,5,TRUE,TRUE,"abundance(AHC-LinDA).adj",0.530526315789474,0.0562411347517731,18.01,0.479473684210526,0.0563531468531469,9.73,160,19,0.3259048828125,0.2859763671875,0,100
"mixed",320,1.6,TRUE,TRUE,3,5,TRUE,TRUE,"abundance(AHC-LinDA).noAdj",0.613684210526316,0.26290780141844,48.73,0.541578947368421,0.613553333257445,29.53,160,19,0.3259048828125,0.2859763671875,0,100
"mixed",320,1.6,TRUE,TRUE,3,5,TRUE,TRUE,"obsTwo.depthCov",0.975263157894737,0.0593617021276596,26.9,0.913684210526316,0.0580397521793832,18.56,160,19,0.3259048828125,0.2859763671875,0,100
"mixed",320,1.6,TRUE,TRUE,3,5,TRUE,TRUE,"obsTwo.simple",0.943157894736842,0.523617021276596,91.75,0.93421052631579,0.778189748422045,81.63,160,19,0.3259048828125,0.2859763671875,0,100
"mixed",320,1.6,TRUE,TRUE,3,5,TRUE,TRUE,"OMNIBUS(ACAT).adj",0.996842105263158,0.0681560283687943,28.55,0.988421052631579,0.0743542050245711,20.4,160,19,0.3259048828125,0.2859763671875,0,100
"mixed",320,1.6,TRUE,TRUE,3,5,TRUE,TRUE,"OMNIBUS(ACAT).noAdj",0.98421052631579,0.373049645390071,71.3,0.971052631578948,0.643402737686623,54.24,160,19,0.3259048828125,0.2859763671875,0,100
"mixed",320,1.6,TRUE,TRUE,3,5,TRUE,TRUE,"OMNIBUS(Bonf-minP).adj",0.996315789473684,0.0673049645390071,28.42,0.988421052631579,0.0739594310342594,20.39,160,19,0.3259048828125,0.2859763671875,0,100
"mixed",320,1.6,TRUE,TRUE,3,5,TRUE,TRUE,"OMNIBUS(Bonf-minP).noAdj",0.984736842105263,0.359858156028369,69.45,0.970526315789474,0.636135549296969,53.11,160,19,0.3259048828125,0.2859763671875,0,100
"mixed",320,1.6,TRUE,TRUE,3,5,TRUE,TRUE,"oracle.prev.cov",0.551052631578947,0.05,17.52,0.524210526315789,0.0383310023310024,10.4,160,19,0.3259048828125,0.2859763671875,0,100
"mixed",320,1.6,TRUE,TRUE,3,5,TRUE,TRUE,"oracle.prev.noAdj",0.637894736842105,0.240354609929078,46.01,0.57421052631579,0.599853512794375,28.83,160,19,0.3259048828125,0.2859763671875,0.01,100
"mixed",320,1.6,TRUE,TRUE,3,5,TRUE,TRUE,"pkg.ANCOMBC.cov",0.587368421052632,0.142127659574468,31.2,0.528421052631579,0.393095902143886,17.86,160,19,0.3259048828125,0.2859763671875,0,100
"mixed",320,1.6,TRUE,TRUE,3,5,TRUE,TRUE,"pkg.ANCOMBC.noAdj",0.707894736842105,0.39758865248227,69.51,0.65578947368421,0.767229039643536,54.79,160,19,0.3259048828125,0.2859763671875,0,100
"mixed",320,1.6,TRUE,TRUE,3,5,TRUE,TRUE,"pkg.DESeq2.cov",0.836842105263158,0.0485106382978723,22.74,0.651052631578947,0.0570209071973778,13.19,160,19,0.3259048828125,0.2859763671875,0,100
"mixed",320,1.6,TRUE,TRUE,3,5,TRUE,TRUE,"pkg.DESeq2.noAdj",0.813157894736842,0.34468085106383,64.05,0.761578947368421,0.699108525963106,49.37,160,19,0.3259048828125,0.2859763671875,0,100
"mixed",320,1.6,TRUE,TRUE,3,5,TRUE,TRUE,"pkg.edgeR.cov",0.87,0.0458156028368794,22.99,0.724210526315789,0.0426914151772309,14.44,160,19,0.3259048828125,0.2859763671875,0,100
"mixed",320,1.6,TRUE,TRUE,3,5,TRUE,TRUE,"pkg.edgeR.noAdj",0.836315789473684,0.343191489361702,64.28,0.787894736842105,0.689178450147202,49.42,160,19,0.3259048828125,0.2859763671875,0,100
"mixed",320,1.6,TRUE,TRUE,3,5,TRUE,TRUE,"pkg.metagenomeSeq.cov",0.74578947368421,0.729432624113475,117.02,0.725263157894737,0.879302458169264,114.1,160,19,0.3259048828125,0.2859763671875,0,100
"mixed",320,1.6,TRUE,TRUE,3,5,TRUE,TRUE,"pkg.metagenomeSeq.noAdj",0.817894736842105,0.477872340425532,82.92,0.79,0.78773438902601,72.35,160,19,0.3259048828125,0.2859763671875,0,100
"mixed",320,1.6,TRUE,TRUE,3,5,TRUE,TRUE,"pkg.ZINQ.cov",0.982631578947369,0.166382978723404,42.13,0.963157894736842,0.290156687837003,27.32,160,19,0.3259048828125,0.2859763671875,0,100
"mixed",320,1.6,TRUE,TRUE,3,5,TRUE,TRUE,"pkg.ZINQ.depth",0.953157894736842,0.285035460992908,58.3,0.908947368421053,0.506814466593367,37.92,160,19,0.3259048828125,0.2859763671875,0,100
"mixed",320,1.6,TRUE,TRUE,3,5,TRUE,TRUE,"pkg.ZINQ.depthCov",0.968947368421053,0.0645390070921986,27.51,0.907894736842105,0.0635076879548713,18.54,160,19,0.3259048828125,0.2859763671875,0,100
"mixed",320,1.6,TRUE,TRUE,3,5,TRUE,TRUE,"pkg.ZINQ.noAdjust",0.969473684210526,0.530141843971631,93.17,0.957894736842105,0.773681280418355,82.24,160,19,0.3259048828125,0.2859763671875,0,100
"mixed",320,1.6,TRUE,TRUE,3,5,TRUE,TRUE,"presence(Fisher)",0.68578947368421,0.284893617021277,53.2,0.608947368421053,0.678257534582101,37.11,160,19,0.3259048828125,0.2859763671875,0,100
"mixed",320,1.6,TRUE,TRUE,3,5,TRUE,TRUE,"presence(logistic+depth)",0.665263157894737,0.158297872340426,34.96,0.52578947368421,0.343408448875674,16.18,160,19,0.3259048828125,0.2859763671875,0,100
"mixed",320,1.6,TRUE,TRUE,3,5,TRUE,TRUE,"presence(logistic+depth+z)",0.653157894736842,0.0504964539007092,19.53,0.515263157894737,0.038749444999445,10.23,160,19,0.3259048828125,0.2859763671875,0,100
"mixed",320,1.6,TRUE,TRUE,3,5,TRUE,TRUE,"prevalence(Tobit).adj",0.69,0.0714893617021276,23.19,0.615789473684211,0.0911203028138013,13.04,160,19,0.3259048828125,0.2859763671875,0,100
"mixed",320,1.6,TRUE,TRUE,3,5,TRUE,TRUE,"prevalence(Tobit).noAdj",0.771052631578947,0.276595744680851,53.65,0.716842105263158,0.603197327875594,35.91,160,19,0.3259048828125,0.2859763671875,0,100
"mixed",320,2,FALSE,TRUE,3,5,TRUE,TRUE,"abundance(AHC-LinDA).adj",0.532105263157895,0.0575886524822695,18.23,0.488421052631579,0.0629148074148074,9.97,160,19,0.3304673828125,0.289404296875,0,100
"mixed",320,2,FALSE,TRUE,3,5,TRUE,TRUE,"abundance(AHC-LinDA).noAdj",0.542631578947368,0.0633333333333333,19.24,0.491052631578947,0.0647179487179488,10.1,160,19,0.3304673828125,0.289404296875,0,100
"mixed",320,2,FALSE,TRUE,3,5,TRUE,TRUE,"obsTwo.depthCov",0.996315789473684,0.101276595744681,33.21,0.988421052631579,0.120046490903788,22.52,160,19,0.3304673828125,0.289404296875,0,100
"mixed",320,2,FALSE,TRUE,3,5,TRUE,TRUE,"obsTwo.simple",0.971578947368421,0.264397163120567,55.74,0.968421052631579,0.478973640632043,41.31,160,19,0.3304673828125,0.289404296875,0,100
"mixed",320,2,FALSE,TRUE,3,5,TRUE,TRUE,"OMNIBUS(ACAT).adj",1,0.0726950354609929,29.25,1,0.0920298502624589,21.08,160,19,0.3304673828125,0.289404296875,0,100
"mixed",320,2,FALSE,TRUE,3,5,TRUE,TRUE,"OMNIBUS(ACAT).noAdj",1,0.0869503546099291,31.26,1,0.119688310504821,21.85,160,19,0.3304673828125,0.289404296875,0,100
"mixed",320,2,FALSE,TRUE,3,5,TRUE,TRUE,"OMNIBUS(Bonf-minP).adj",1,0.0727659574468085,29.26,1,0.0895710228579793,21.02,160,19,0.3304673828125,0.289404296875,0,100
"mixed",320,2,FALSE,TRUE,3,5,TRUE,TRUE,"OMNIBUS(Bonf-minP).noAdj",1,0.0865957446808511,31.21,1,0.119302478985837,21.84,160,19,0.3304673828125,0.289404296875,0,100
"mixed",320,2,FALSE,TRUE,3,5,TRUE,TRUE,"oracle.prev.cov",0.55,0.0463829787234043,16.99,0.527368421052631,0.0473076923076923,10.57,160,19,0.3304673828125,0.289404296875,0,100
"mixed",320,2,FALSE,TRUE,3,5,TRUE,TRUE,"oracle.prev.noAdj",0.544736842105263,0.035886524822695,15.41,0.527894736842105,0.0352564102564103,10.44,160,19,0.3304673828125,0.289404296875,0.02,100
"mixed",320,2,FALSE,TRUE,3,5,TRUE,TRUE,"pkg.ANCOMBC.cov",0.580526315789474,0.130567375886525,29.44,0.521578947368421,0.366167839668787,16.83,160,19,0.3304673828125,0.289404296875,0,100
"mixed",320,2,FALSE,TRUE,3,5,TRUE,TRUE,"pkg.ANCOMBC.noAdj",0.602631578947368,0.143262411347518,31.65,0.535789473684211,0.371692857241795,17.66,160,19,0.3304673828125,0.289404296875,0,100
"mixed",320,2,FALSE,TRUE,3,5,TRUE,TRUE,"pkg.DESeq2.cov",0.970526315789474,0.0588652482269503,26.74,0.895263157894737,0.0667912806409576,18.32,160,19,0.3304673828125,0.289404296875,0,100
"mixed",320,2,FALSE,TRUE,3,5,TRUE,TRUE,"pkg.DESeq2.noAdj",0.952105263157895,0.0665248226950355,27.47,0.857368421052632,0.084623044568091,17.91,160,19,0.3304673828125,0.289404296875,0,100
"mixed",320,2,FALSE,TRUE,3,5,TRUE,TRUE,"pkg.edgeR.cov",0.978421052631579,0.0488652482269504,25.48,0.92421052631579,0.0436513544336939,18.43,160,19,0.3304673828125,0.289404296875,0,100
"mixed",320,2,FALSE,TRUE,3,5,TRUE,TRUE,"pkg.edgeR.noAdj",0.962105263157895,0.0580851063829787,26.47,0.906315789473684,0.0640244785314445,18.52,160,19,0.3304673828125,0.289404296875,0,100
"mixed",320,2,FALSE,TRUE,3,5,TRUE,TRUE,"pkg.metagenomeSeq.cov",0.749473684210526,0.757730496453901,121.08,0.732631578947368,0.883086530935879,118.94,160,19,0.3304673828125,0.289404296875,0,100
"mixed",320,2,FALSE,TRUE,3,5,TRUE,TRUE,"pkg.metagenomeSeq.noAdj",0.893684210526316,0.267659574468085,54.72,0.861052631578947,0.523095149594953,37.4,160,19,0.3304673828125,0.289404296875,0,100
"mixed",320,2,FALSE,TRUE,3,5,TRUE,TRUE,"pkg.ZINQ.cov",0.999473684210526,0.278085106382979,58.2,0.996842105263158,0.461614337455235,41.41,160,19,0.3304673828125,0.289404296875,0,100
"mixed",320,2,FALSE,TRUE,3,5,TRUE,TRUE,"pkg.ZINQ.depth",0.997368421052632,0.103404255319149,33.53,0.985263157894737,0.11769934767043,22.05,160,19,0.3304673828125,0.289404296875,0,100
"mixed",320,2,FALSE,TRUE,3,5,TRUE,TRUE,"pkg.ZINQ.depthCov",0.996315789473684,0.104539007092199,33.67,0.988421052631579,0.120229462112983,22.26,160,19,0.3304673828125,0.289404296875,0,100
"mixed",320,2,FALSE,TRUE,3,5,TRUE,TRUE,"pkg.ZINQ.noAdjust",0.999473684210526,0.269219858156028,56.95,0.996842105263158,0.462171377036795,40.88,160,19,0.3304673828125,0.289404296875,0,100
"mixed",320,2,FALSE,TRUE,3,5,TRUE,TRUE,"presence(Fisher)",0.722105263157895,0.107659574468085,28.9,0.648947368421053,0.244381857631508,16.82,160,19,0.3304673828125,0.289404296875,0.01,100
"mixed",320,2,FALSE,TRUE,3,5,TRUE,TRUE,"presence(logistic+depth)",0.705263157894737,0.0519858156028369,20.73,0.628947368421053,0.0353021978021978,12.43,160,19,0.3304673828125,0.289404296875,0,100
"mixed",320,2,FALSE,TRUE,3,5,TRUE,TRUE,"presence(logistic+depth+z)",0.711578947368421,0.0528368794326241,20.97,0.637894736842105,0.0319370213120213,12.55,160,19,0.3304673828125,0.289404296875,0,100
"mixed",320,2,FALSE,TRUE,3,5,TRUE,TRUE,"prevalence(Tobit).adj",0.731052631578947,0.0798581560283688,25.15,0.662105263157895,0.108827973668918,14.27,160,19,0.3304673828125,0.289404296875,0,100
"mixed",320,2,FALSE,TRUE,3,5,TRUE,TRUE,"prevalence(Tobit).noAdj",0.757894736842105,0.0953191489361702,27.84,0.716842105263158,0.148970323602603,16.37,160,19,0.3304673828125,0.289404296875,0,100
"mixed",320,2,TRUE,TRUE,3,5,TRUE,TRUE,"abundance(AHC-LinDA).adj",0.545789473684211,0.0546099290780142,18.07,0.482105263157895,0.0437451437451438,9.63,160,19,0.3324880859375,0.2904380859375,0,100
"mixed",320,2,TRUE,TRUE,3,5,TRUE,TRUE,"abundance(AHC-LinDA).noAdj",0.620526315789474,0.256382978723404,47.94,0.553157894736842,0.617223810219787,30.26,160,19,0.3324880859375,0.2904380859375,0,100
"mixed",320,2,TRUE,TRUE,3,5,TRUE,TRUE,"obsTwo.depthCov",0.994736842105263,0.0917730496453901,31.84,0.976315789473684,0.1179444950162,21.96,160,19,0.3324880859375,0.2904380859375,0,100
"mixed",320,2,TRUE,TRUE,3,5,TRUE,TRUE,"obsTwo.simple",0.968421052631579,0.534751773049645,93.8,0.965789473684211,0.778143781681262,84.34,160,19,0.3324880859375,0.2904380859375,0,100
"mixed",320,2,TRUE,TRUE,3,5,TRUE,TRUE,"OMNIBUS(ACAT).adj",0.998947368421053,0.070354609929078,28.9,0.995263157894737,0.0677237537739826,20.38,160,19,0.3324880859375,0.2904380859375,0,100
"mixed",320,2,TRUE,TRUE,3,5,TRUE,TRUE,"OMNIBUS(ACAT).noAdj",0.999473684210526,0.370496453900709,71.23,0.998421052631579,0.641307112095312,55.19,160,19,0.3324880859375,0.2904380859375,0,100
"mixed",320,2,TRUE,TRUE,3,5,TRUE,TRUE,"OMNIBUS(Bonf-minP).adj",0.998947368421053,0.0692198581560284,28.74,0.99421052631579,0.0670488707622574,20.35,160,19,0.3324880859375,0.2904380859375,0,100
"mixed",320,2,TRUE,TRUE,3,5,TRUE,TRUE,"OMNIBUS(Bonf-minP).noAdj",0.999473684210526,0.361418439716312,69.95,0.997894736842105,0.633911593120372,54.02,160,19,0.3324880859375,0.2904380859375,0,100
"mixed",320,2,TRUE,TRUE,3,5,TRUE,TRUE,"oracle.prev.cov",0.55,0.049290780141844,17.4,0.524736842105263,0.0349137529137529,10.36,160,19,0.3324880859375,0.2904380859375,0,100
"mixed",320,2,TRUE,TRUE,3,5,TRUE,TRUE,"oracle.prev.noAdj",0.646842105263158,0.22822695035461,44.47,0.583684210526316,0.570475636022681,27.34,160,19,0.3324880859375,0.2904380859375,0.04,100
"mixed",320,2,TRUE,TRUE,3,5,TRUE,TRUE,"pkg.ANCOMBC.cov",0.612105263157895,0.148368794326241,32.55,0.541578947368421,0.395435429623129,18.43,160,19,0.3324880859375,0.2904380859375,0,100
"mixed",320,2,TRUE,TRUE,3,5,TRUE,TRUE,"pkg.ANCOMBC.noAdj",0.71,0.392056737588652,68.77,0.660526315789474,0.758271089634523,53.79,160,19,0.3324880859375,0.2904380859375,0,100
"mixed",320,2,TRUE,TRUE,3,5,TRUE,TRUE,"pkg.DESeq2.cov",0.929473684210526,0.0472340425531915,24.32,0.802631578947368,0.0451911717453513,16.02,160,19,0.3324880859375,0.2904380859375,0,100
"mixed",320,2,TRUE,TRUE,3,5,TRUE,TRUE,"pkg.DESeq2.noAdj",0.891578947368421,0.343262411347518,65.34,0.852631578947369,0.667676411903079,50.59,160,19,0.3324880859375,0.2904380859375,0,100
"mixed",320,2,TRUE,TRUE,3,5,TRUE,TRUE,"pkg.edgeR.cov",0.948947368421053,0.044113475177305,24.25,0.872105263157895,0.0331639225068018,17.18,160,19,0.3324880859375,0.2904380859375,0,100
"mixed",320,2,TRUE,TRUE,3,5,TRUE,TRUE,"pkg.edgeR.noAdj",0.908947368421053,0.340992907801418,65.35,0.88421052631579,0.651928611950982,50.17,160,19,0.3324880859375,0.2904380859375,0,100
"mixed",320,2,TRUE,TRUE,3,5,TRUE,TRUE,"pkg.metagenomeSeq.cov",0.696315789473684,0.728510638297872,115.95,0.67,0.887291952363753,112.88,160,19,0.3324880859375,0.2904380859375,0,100
"mixed",320,2,TRUE,TRUE,3,5,TRUE,TRUE,"pkg.metagenomeSeq.noAdj",0.875789473684211,0.475531914893617,83.69,0.856842105263158,0.772640202443704,73.68,160,19,0.3324880859375,0.2904380859375,0,100
"mixed",320,2,TRUE,TRUE,3,5,TRUE,TRUE,"pkg.ZINQ.cov",0.996842105263158,0.235177304964539,52.1,0.990526315789474,0.372171163649514,34.98,160,19,0.3324880859375,0.2904380859375,0,100
"mixed",320,2,TRUE,TRUE,3,5,TRUE,TRUE,"pkg.ZINQ.depth",0.988421052631579,0.303617021276596,61.59,0.97,0.534195669917348,42.51,160,19,0.3324880859375,0.2904380859375,0,100
"mixed",320,2,TRUE,TRUE,3,5,TRUE,TRUE,"pkg.ZINQ.depthCov",0.99421052631579,0.0934751773049645,32.07,0.974736842105263,0.107498987817599,21.31,160,19,0.3324880859375,0.2904380859375,0,100
"mixed",320,2,TRUE,TRUE,3,5,TRUE,TRUE,"pkg.ZINQ.noAdjust",0.990526315789474,0.543262411347518,95.42,0.986842105263158,0.771915740235022,84.42,160,19,0.3324880859375,0.2904380859375,0,100
"mixed",320,2,TRUE,TRUE,3,5,TRUE,TRUE,"presence(Fisher)",0.757368421052631,0.274042553191489,53.03,0.705263157894737,0.621018946512015,36.51,160,19,0.3324880859375,0.2904380859375,0.02,100
"mixed",320,2,TRUE,TRUE,3,5,TRUE,TRUE,"presence(logistic+depth)",0.73,0.162056737588653,36.72,0.635263157894737,0.303461933211197,18.39,160,19,0.3324880859375,0.2904380859375,0,100
"mixed",320,2,TRUE,TRUE,3,5,TRUE,TRUE,"presence(logistic+depth+z)",0.697894736842105,0.0528368794326241,20.71,0.618421052631579,0.0459671349891938,12.37,160,19,0.3324880859375,0.2904380859375,0,100
"mixed",320,2,TRUE,TRUE,3,5,TRUE,TRUE,"prevalence(Tobit).adj",0.716842105263158,0.0790070921985816,24.76,0.644210526315789,0.085435678356731,13.52,160,19,0.3324880859375,0.2904380859375,0,100
"mixed",320,2,TRUE,TRUE,3,5,TRUE,TRUE,"prevalence(Tobit).noAdj",0.815789473684211,0.277801418439716,54.67,0.766315789473684,0.585808511413516,36.74,160,19,0.3324880859375,0.2904380859375,0,100
"mixed",320,2.6,FALSE,TRUE,3,5,TRUE,TRUE,"abundance(AHC-LinDA).adj",0.545789473684211,0.0532624113475177,17.88,0.492631578947369,0.0382167832167832,9.77,160,19,0.3362736328125,0.291211328125,0,100
"mixed",320,2.6,FALSE,TRUE,3,5,TRUE,TRUE,"abundance(AHC-LinDA).noAdj",0.562105263157895,0.051063829787234,17.88,0.496315789473684,0.0469085914085914,9.95,160,19,0.3362736328125,0.291211328125,0,100
"mixed",320,2.6,FALSE,TRUE,3,5,TRUE,TRUE,"obsTwo.depthCov",0.999473684210526,0.198723404255319,47.01,0.999473684210526,0.280155000177111,33.93,160,19,0.3362736328125,0.291211328125,0,100
"mixed",320,2.6,FALSE,TRUE,3,5,TRUE,TRUE,"obsTwo.simple",0.973684210526316,0.387163120567376,73.09,0.973684210526316,0.585545613718525,60.17,160,19,0.3362736328125,0.291211328125,0,100
"mixed",320,2.6,FALSE,TRUE,3,5,TRUE,TRUE,"OMNIBUS(ACAT).adj",1,0.0921985815602837,32,0.999473684210526,0.124346964205003,22.08,160,19,0.3362736328125,0.291211328125,0,100
"mixed",320,2.6,FALSE,TRUE,3,5,TRUE,TRUE,"OMNIBUS(ACAT).noAdj",1,0.110070921985816,34.52,1,0.175804146969087,23.9,160,19,0.3362736328125,0.291211328125,0,100
"mixed",320,2.6,FALSE,TRUE,3,5,TRUE,TRUE,"OMNIBUS(Bonf-minP).adj",1,0.0914184397163121,31.89,0.999473684210526,0.122614133267824,22.04,160,19,0.3362736328125,0.291211328125,0,100
"mixed",320,2.6,FALSE,TRUE,3,5,TRUE,TRUE,"OMNIBUS(Bonf-minP).noAdj",1,0.109787234042553,34.48,1,0.173097836446838,23.8,160,19,0.3362736328125,0.291211328125,0,100
"mixed",320,2.6,FALSE,TRUE,3,5,TRUE,TRUE,"oracle.prev.cov",0.543157894736842,0.0494326241134752,17.29,0.527368421052631,0.0500291375291376,10.6,160,19,0.3362736328125,0.291211328125,0,100
"mixed",320,2.6,FALSE,TRUE,3,5,TRUE,TRUE,"oracle.prev.noAdj",0.534736842105263,0.0382978723404255,15.56,0.527894736842105,0.0357750582750583,10.44,160,19,0.3362736328125,0.291211328125,0.03,100
"mixed",320,2.6,FALSE,TRUE,3,5,TRUE,TRUE,"pkg.ANCOMBC.cov",0.627894736842105,0.119858156028369,28.83,0.558421052631579,0.292425873216738,15.92,160,19,0.3362736328125,0.291211328125,0,100
"mixed",320,2.6,FALSE,TRUE,3,5,TRUE,TRUE,"pkg.ANCOMBC.noAdj",0.647894736842105,0.122836879432624,29.63,0.570526315789474,0.307547584993914,16.5,160,19,0.3362736328125,0.291211328125,0,100
"mixed",320,2.6,FALSE,TRUE,3,5,TRUE,TRUE,"pkg.DESeq2.cov",0.996315789473684,0.0565957446808511,26.91,0.985789473684211,0.0617203319563731,20.05,160,19,0.3362736328125,0.291211328125,0,100
"mixed",320,2.6,FALSE,TRUE,3,5,TRUE,TRUE,"pkg.DESeq2.noAdj",0.992631578947369,0.0629787234042553,27.74,0.978421052631579,0.0793185810502744,20.32,160,19,0.3362736328125,0.291211328125,0,100
"mixed",320,2.6,FALSE,TRUE,3,5,TRUE,TRUE,"pkg.edgeR.cov",0.997894736842105,0.0499290780141844,26,0.991578947368421,0.042486281262597,19.74,160,19,0.3362736328125,0.291211328125,0,100
"mixed",320,2.6,FALSE,TRUE,3,5,TRUE,TRUE,"pkg.edgeR.noAdj",0.995263157894737,0.0560283687943262,26.81,0.984736842105263,0.053177302293435,19.84,160,19,0.3362736328125,0.291211328125,0,100
"mixed",320,2.6,FALSE,TRUE,3,5,TRUE,TRUE,"pkg.metagenomeSeq.cov",0.718421052631579,0.759078014184397,120.68,0.706842105263158,0.886476307420602,118.35,160,19,0.3362736328125,0.291211328125,0,100
"mixed",320,2.6,FALSE,TRUE,3,5,TRUE,TRUE,"pkg.metagenomeSeq.noAdj",0.977368421052632,0.233262411347518,51.46,0.968421052631579,0.424958296813613,35.39,160,19,0.3362736328125,0.291211328125,0,100
"mixed",320,2.6,FALSE,TRUE,3,5,TRUE,TRUE,"pkg.ZINQ.cov",1,0.430283687943262,79.67,1,0.583374027339622,64.72,160,19,0.3362736328125,0.291211328125,0,100
"mixed",320,2.6,FALSE,TRUE,3,5,TRUE,TRUE,"pkg.ZINQ.depth",0.999473684210526,0.177375886524823,44,0.998947368421053,0.249690005617208,30.48,160,19,0.3362736328125,0.291211328125,0,100
"mixed",320,2.6,FALSE,TRUE,3,5,TRUE,TRUE,"pkg.ZINQ.depthCov",0.999473684210526,0.186879432624113,45.34,0.998947368421053,0.263324009582564,31.41,160,19,0.3362736328125,0.291211328125,0,100
"mixed",320,2.6,FALSE,TRUE,3,5,TRUE,TRUE,"pkg.ZINQ.noAdjust",0.997368421052632,0.401489361702128,75.56,0.997368421052632,0.571472545396696,60.81,160,19,0.3362736328125,0.291211328125,0,100
"mixed",320,2.6,FALSE,TRUE,3,5,TRUE,TRUE,"presence(Fisher)",0.796315789473684,0.0925531914893617,28.18,0.748421052631579,0.16125419309948,17.35,160,19,0.3362736328125,0.291211328125,0.03,100
"mixed",320,2.6,FALSE,TRUE,3,5,TRUE,TRUE,"presence(logistic+depth)",0.76,0.0626241134751773,23.27,0.714210526315789,0.071838855245202,14.73,160,19,0.3362736328125,0.291211328125,0,100
"mixed",320,2.6,FALSE,TRUE,3,5,TRUE,TRUE,"presence(logistic+depth+z)",0.761578947368421,0.0619148936170213,23.2,0.714210526315789,0.0675688381965471,14.68,160,19,0.3362736328125,0.291211328125,0,100
"mixed",320,2.6,FALSE,TRUE,3,5,TRUE,TRUE,"prevalence(Tobit).adj",0.769473684210526,0.103829787234043,29.26,0.726842105263158,0.173370520894987,17.36,160,19,0.3362736328125,0.291211328125,0,100
"mixed",320,2.6,FALSE,TRUE,3,5,TRUE,TRUE,"prevalence(Tobit).noAdj",0.803157894736842,0.127234042553192,33.2,0.768421052631579,0.235569478932926,20.38,160,19,0.3362736328125,0.291211328125,0,100
"mixed",320,2.6,TRUE,TRUE,3,5,TRUE,TRUE,"abundance(AHC-LinDA).adj",0.559473684210526,0.0578014184397163,18.78,0.502631578947368,0.0622018814518815,10.28,160,19,0.3365736328125,0.290901953125,0,100
"mixed",320,2.6,TRUE,TRUE,3,5,TRUE,TRUE,"abundance(AHC-LinDA).noAdj",0.616315789473684,0.248581560283688,46.76,0.546315789473684,0.573576643498097,27.53,160,19,0.3365736328125,0.290901953125,0,100
"mixed",320,2.6,TRUE,TRUE,3,5,TRUE,TRUE,"obsTwo.depthCov",1,0.191631205673759,46.02,0.999473684210526,0.277588122002656,32.51,160,19,0.3365736328125,0.290901953125,0,100
"mixed",320,2.6,TRUE,TRUE,3,5,TRUE,TRUE,"obsTwo.simple",0.975789473684211,0.59290780141844,102.14,0.975789473684211,0.800102224568318,95.09,160,19,0.3365736328125,0.290901953125,0,100
"mixed",320,2.6,TRUE,TRUE,3,5,TRUE,TRUE,"OMNIBUS(ACAT).adj",1,0.090354609929078,31.74,1,0.120278984686256,21.86,160,19,0.3365736328125,0.290901953125,0,100
"mixed",320,2.6,TRUE,TRUE,3,5,TRUE,TRUE,"OMNIBUS(ACAT).noAdj",1,0.386241134751773,73.46,1,0.65263608934636,57.3,160,19,0.3365736328125,0.290901953125,0,100
"mixed",320,2.6,TRUE,TRUE,3,5,TRUE,TRUE,"OMNIBUS(Bonf-minP).adj",1,0.0901418439716312,31.71,1,0.118724440199852,21.83,160,19,0.3365736328125,0.290901953125,0,100
"mixed",320,2.6,TRUE,TRUE,3,5,TRUE,TRUE,"OMNIBUS(Bonf-minP).noAdj",1,0.380567375886525,72.66,1,0.645890738922671,56.25,160,19,0.3365736328125,0.290901953125,0,100
"mixed",320,2.6,TRUE,TRUE,3,5,TRUE,TRUE,"oracle.prev.cov",0.553157894736842,0.0501418439716312,17.58,0.527368421052631,0.0361188811188811,10.43,160,19,0.3365736328125,0.290901953125,0,100
"mixed",320,2.6,TRUE,TRUE,3,5,TRUE,TRUE,"oracle.prev.noAdj",0.636315789473684,0.232198581560284,44.83,0.581052631578947,0.567477921563496,27.18,160,19,0.3365736328125,0.290901953125,0.02,100
"mixed",320,2.6,TRUE,TRUE,3,5,TRUE,TRUE,"pkg.ANCOMBC.cov",0.652105263157895,0.131347517730496,30.91,0.577368421052632,0.321131900064333,16.99,160,19,0.3365736328125,0.290901953125,0,100
"mixed",320,2.6,TRUE,TRUE,3,5,TRUE,TRUE,"pkg.ANCOMBC.noAdj",0.733157894736842,0.390496453900709,68.99,0.678421052631579,0.750054805363217,53.24,160,19,0.3365736328125,0.290901953125,0,100
"mixed",320,2.6,TRUE,TRUE,3,5,TRUE,TRUE,"pkg.DESeq2.cov",0.991578947368421,0.0504964539007092,25.96,0.968947368421053,0.0470157888132716,19.37,160,19,0.3365736328125,0.290901953125,0,100
"mixed",320,2.6,TRUE,TRUE,3,5,TRUE,TRUE,"pkg.DESeq2.noAdj",0.962105263157895,0.347234042553191,67.24,0.946842105263158,0.649742390275399,52.72,160,19,0.3365736328125,0.290901953125,0,100
"mixed",320,2.6,TRUE,TRUE,3,5,TRUE,TRUE,"pkg.edgeR.cov",0.992631578947369,0.0460992907801418,25.36,0.983157894736842,0.039912831320726,19.5,160,19,0.3365736328125,0.290901953125,0,100
"mixed",320,2.6,TRUE,TRUE,3,5,TRUE,TRUE,"pkg.edgeR.noAdj",0.971052631578948,0.338510638297872,66.18,0.960526315789474,0.638933833726632,52.12,160,19,0.3365736328125,0.290901953125,0,100
"mixed",320,2.6,TRUE,TRUE,3,5,TRUE,TRUE,"pkg.metagenomeSeq.cov",0.701578947368421,0.723333333333333,115.32,0.68,0.884754923691644,112.08,160,19,0.3365736328125,0.290901953125,0,100
"mixed",320,2.6,TRUE,TRUE,3,5,TRUE,TRUE,"pkg.metagenomeSeq.noAdj",0.96421052631579,0.484113475177305,86.58,0.956842105263158,0.756659035418614,77.14,160,19,0.3365736328125,0.290901953125,0,100
"mixed",320,2.6,TRUE,TRUE,3,5,TRUE,TRUE,"pkg.ZINQ.cov",0.999473684210526,0.395886524822695,74.81,0.999473684210526,0.565954188484265,59.03,160,19,0.3365736328125,0.290901953125,0,100
"mixed",320,2.6,TRUE,TRUE,3,5,TRUE,TRUE,"pkg.ZINQ.depth",1,0.361914893617021,70.03,0.997368421052632,0.600511598655198,52.59,160,19,0.3365736328125,0.290901953125,0,100
"mixed",320,2.6,TRUE,TRUE,3,5,TRUE,TRUE,"pkg.ZINQ.depthCov",1,0.188439716312057,45.57,0.999473684210526,0.265043167992785,31.01,160,19,0.3365736328125,0.290901953125,0,100
"mixed",320,2.6,TRUE,TRUE,3,5,TRUE,TRUE,"pkg.ZINQ.noAdjust",0.997894736842105,0.607446808510638,104.61,0.997894736842105,0.798825494032716,96.85,160,19,0.3365736328125,0.290901953125,0,100
"mixed",320,2.6,TRUE,TRUE,3,5,TRUE,TRUE,"presence(Fisher)",0.816842105263158,0.260283687943262,52.22,0.781052631578947,0.575744808500333,36.22,160,19,0.3365736328125,0.290901953125,0,100
"mixed",320,2.6,TRUE,TRUE,3,5,TRUE,TRUE,"presence(logistic+depth)",0.776842105263158,0.164397163120567,37.94,0.726842105263158,0.320822543288288,21.28,160,19,0.3365736328125,0.290901953125,0,100
"mixed",320,2.6,TRUE,TRUE,3,5,TRUE,TRUE,"presence(logistic+depth+z)",0.756842105263158,0.0582978723404255,22.6,0.711578947368421,0.0635068870328158,14.51,160,19,0.3365736328125,0.290901953125,0,100
"mixed",320,2.6,TRUE,TRUE,3,5,TRUE,TRUE,"prevalence(Tobit).adj",0.764736842105263,0.1,28.63,0.714736842105263,0.159405036773915,16.59,160,19,0.3365736328125,0.290901953125,0,100
"mixed",320,2.6,TRUE,TRUE,3,5,TRUE,TRUE,"prevalence(Tobit).noAdj",0.828947368421053,0.306312056737589,58.94,0.800526315789474,0.620841416718437,41.89,160,19,0.3365736328125,0.290901953125,0,100
"mixed",80,0.8,FALSE,TRUE,3,5,TRUE,TRUE,"abundance(AHC-LinDA).adj",0.267894736842105,0.0567375886524823,13.09,0.0357894736842105,0.0781666666666667,0.88,160,19,0.31775078125,0.28028203125,0,100
"mixed",80,0.8,FALSE,TRUE,3,5,TRUE,TRUE,"abundance(AHC-LinDA).noAdj",0.262105263157895,0.0563829787234043,12.93,0.0326315789473684,0.0865,0.89,160,19,0.31775078125,0.28028203125,0,100
"mixed",80,0.8,FALSE,TRUE,3,5,TRUE,TRUE,"obsTwo.depthCov",0.281052631578947,0.0465248226950355,11.9,0.0284210526315789,0.02,0.58,160,19,0.31775078125,0.28028203125,0,100
"mixed",80,0.8,FALSE,TRUE,3,5,TRUE,TRUE,"obsTwo.simple",0.346315789473684,0.0478723404255319,13.33,0.0942105263157895,0.0866666666666667,2.03,160,19,0.31775078125,0.28028203125,0,100
"mixed",80,0.8,FALSE,TRUE,3,5,TRUE,TRUE,"OMNIBUS(ACAT).adj",0.342105263157895,0.054113475177305,14.13,0.0352631578947369,0.039,0.79,160,19,0.31775078125,0.28028203125,0,100
"mixed",80,0.8,FALSE,TRUE,3,5,TRUE,TRUE,"OMNIBUS(ACAT).noAdj",0.33,0.0524113475177305,13.66,0.0321052631578947,0.0722619047619048,0.78,160,19,0.31775078125,0.28028203125,0,100
"mixed",80,0.8,FALSE,TRUE,3,5,TRUE,TRUE,"OMNIBUS(Bonf-minP).adj",0.336315789473684,0.0536879432624113,13.96,0.0347368421052632,0.039,0.78,160,19,0.31775078125,0.28028203125,0,100
"mixed",80,0.8,FALSE,TRUE,3,5,TRUE,TRUE,"OMNIBUS(Bonf-minP).noAdj",0.326842105263158,0.0507801418439716,13.37,0.0321052631578947,0.0722619047619048,0.78,160,19,0.31775078125,0.28028203125,0,100
"mixed",80,0.8,FALSE,TRUE,3,5,TRUE,TRUE,"oracle.prev.cov",0.201578947368421,0.040709219858156,9.57,0.00578947368421052,0.005,0.12,160,19,0.31775078125,0.28028203125,0,100
"mixed",80,0.8,FALSE,TRUE,3,5,TRUE,TRUE,"oracle.prev.noAdj",0.154736842105263,0.0248936170212766,6.45,0.00684210526315789,0,0.13,160,19,0.31775078125,0.28028203125,1.14,100
"mixed",80,0.8,FALSE,TRUE,3,5,TRUE,TRUE,"pkg.ANCOMBC.cov",0.502631578947368,0.0960992907801418,23.1,0.308421052631579,0.192981240981241,7.66,160,19,0.31775078125,0.28028203125,0,100
"mixed",80,0.8,FALSE,TRUE,3,5,TRUE,TRUE,"pkg.ANCOMBC.noAdj",0.488421052631579,0.0958156028368794,22.79,0.273157894736842,0.223056998556999,7.12,160,19,0.31775078125,0.28028203125,0,100
"mixed",80,0.8,FALSE,TRUE,3,5,TRUE,TRUE,"pkg.DESeq2.cov",0.337368421052632,0.0372340425531915,11.66,0.0794736842105263,0.0141666666666667,1.56,160,19,0.31775078125,0.28028203125,0,100
"mixed",80,0.8,FALSE,TRUE,3,5,TRUE,TRUE,"pkg.DESeq2.noAdj",0.332105263157895,0.040709219858156,12.05,0.0705263157894737,0.0265238095238095,1.42,160,19,0.31775078125,0.28028203125,0,100
"mixed",80,0.8,FALSE,TRUE,3,5,TRUE,TRUE,"pkg.edgeR.cov",0.342631578947369,0.0329787234042553,11.16,0.0457894736842105,0.0103333333333333,0.9,160,19,0.31775078125,0.28028203125,0,100
"mixed",80,0.8,FALSE,TRUE,3,5,TRUE,TRUE,"pkg.edgeR.noAdj",0.343684210526316,0.0401418439716312,12.19,0.0489473684210526,0.0433333333333333,1.01,160,19,0.31775078125,0.28028203125,0,100
"mixed",80,0.8,FALSE,TRUE,3,5,TRUE,TRUE,"pkg.metagenomeSeq.cov",0.533684210526316,0.54936170212766,87.6,0.481578947368421,0.883222819215214,78.45,160,19,0.31775078125,0.28028203125,0,100
"mixed",80,0.8,FALSE,TRUE,3,5,TRUE,TRUE,"pkg.metagenomeSeq.noAdj",0.415789473684211,0.146028368794326,28.49,0.202105263157895,0.394351731601732,7.33,160,19,0.31775078125,0.28028203125,0,100
"mixed",80,0.8,FALSE,TRUE,3,5,TRUE,TRUE,"pkg.ZINQ.cov",0.458947368421053,0.0746099290780142,19.24,0.109473684210526,0.100071428571429,2.42,160,19,0.31775078125,0.28028203125,0,100
"mixed",80,0.8,FALSE,TRUE,3,5,TRUE,TRUE,"pkg.ZINQ.depth",0.244736842105263,0.0519858156028369,11.98,0.00631578947368421,0.0133333333333333,0.14,160,19,0.31775078125,0.28028203125,0,100
"mixed",80,0.8,FALSE,TRUE,3,5,TRUE,TRUE,"pkg.ZINQ.depthCov",0.261578947368421,0.0557446808510638,12.83,0.0142105263157895,0.0133333333333333,0.29,160,19,0.31775078125,0.28028203125,0,100
"mixed",80,0.8,FALSE,TRUE,3,5,TRUE,TRUE,"pkg.ZINQ.noAdjust",0.414210526315789,0.0684397163120567,17.52,0.0763157894736842,0.0681666666666667,1.66,160,19,0.31775078125,0.28028203125,0,100
"mixed",80,0.8,FALSE,TRUE,3,5,TRUE,TRUE,"presence(Fisher)",0.124736842105263,0.0412056737588652,8.18,0.00473684210526316,0.065,0.16,160,19,0.31775078125,0.28028203125,0.91,100
"mixed",80,0.8,FALSE,TRUE,3,5,TRUE,TRUE,"presence(logistic+depth)",0.112631578947368,0.0446099290780142,8.43,0.000526315789473684,0,0.01,160,19,0.31775078125,0.28028203125,0,100
"mixed",80,0.8,FALSE,TRUE,3,5,TRUE,TRUE,"presence(logistic+depth+z)",0.115789473684211,0.0443262411347518,8.45,0.00105263157894737,0,0.02,160,19,0.31775078125,0.28028203125,0,100
"mixed",80,0.8,FALSE,TRUE,3,5,TRUE,TRUE,"prevalence(Tobit).adj",0.223157894736842,0.0499290780141844,11.28,0.00789473684210526,0.005,0.16,160,19,0.31775078125,0.28028203125,0,100
"mixed",80,0.8,FALSE,TRUE,3,5,TRUE,TRUE,"prevalence(Tobit).noAdj",0.226842105263158,0.048936170212766,11.21,0.00789473684210526,0.02,0.17,160,19,0.31775078125,0.28028203125,0,100
"mixed",80,0.8,TRUE,TRUE,3,5,TRUE,TRUE,"abundance(AHC-LinDA).adj",0.243684210526316,0.0564539007092199,12.59,0.0315789473684211,0.11,0.81,160,19,0.31767421875,0.278715625,0,100
"mixed",80,0.8,TRUE,TRUE,3,5,TRUE,TRUE,"abundance(AHC-LinDA).noAdj",0.279473684210526,0.113758865248227,21.35,0.0747368421052632,0.328128704628705,3.16,160,19,0.31767421875,0.278715625,0,100
"mixed",80,0.8,TRUE,TRUE,3,5,TRUE,TRUE,"obsTwo.depthCov",0.257894736842105,0.0478014184397163,11.64,0.0273684210526316,0.015,0.54,160,19,0.31767421875,0.278715625,0,100
"mixed",80,0.8,TRUE,TRUE,3,5,TRUE,TRUE,"obsTwo.simple",0.380526315789474,0.145886524822695,27.8,0.167368421052632,0.363131960821219,6.3,160,19,0.31767421875,0.278715625,0,100
"mixed",80,0.8,TRUE,TRUE,3,5,TRUE,TRUE,"OMNIBUS(ACAT).adj",0.291052631578947,0.0533333333333333,13.05,0.0263157894736842,0.0616666666666667,0.59,160,19,0.31767421875,0.278715625,0,100
"mixed",80,0.8,TRUE,TRUE,3,5,TRUE,TRUE,"OMNIBUS(ACAT).noAdj",0.377368421052632,0.128936170212766,25.35,0.0815789473684211,0.279952561327561,3.17,160,19,0.31767421875,0.278715625,0,100
"mixed",80,0.8,TRUE,TRUE,3,5,TRUE,TRUE,"OMNIBUS(Bonf-minP).adj",0.281578947368421,0.0521276595744681,12.7,0.0263157894736842,0.0616666666666667,0.59,160,19,0.31767421875,0.278715625,0,100
"mixed",80,0.8,TRUE,TRUE,3,5,TRUE,TRUE,"OMNIBUS(Bonf-minP).noAdj",0.37,0.124609929078014,24.6,0.078421052631579,0.301837842712843,3.05,160,19,0.31767421875,0.278715625,0,100
"mixed",80,0.8,TRUE,TRUE,3,5,TRUE,TRUE,"oracle.prev.cov",0.168421052631579,0.0429787234042553,9.26,0.0031578947368421,0,0.06,160,19,0.31767421875,0.278715625,0,100
"mixed",80,0.8,TRUE,TRUE,3,5,TRUE,TRUE,"oracle.prev.noAdj",0.185789473684211,0.0678723404255319,13.1,0.0178947368421053,0.1375,0.7,160,19,0.31767421875,0.278715625,0.82,100
"mixed",80,0.8,TRUE,TRUE,3,5,TRUE,TRUE,"pkg.ANCOMBC.cov",0.481578947368421,0.112269503546099,24.98,0.262105263157895,0.332803724053724,7.85,160,19,0.31767421875,0.278715625,0,100
"mixed",80,0.8,TRUE,TRUE,3,5,TRUE,TRUE,"pkg.ANCOMBC.noAdj",0.499473684210526,0.209148936170213,38.98,0.318947368421053,0.577149056340015,16.99,160,19,0.31767421875,0.278715625,0,100
"mixed",80,0.8,TRUE,TRUE,3,5,TRUE,TRUE,"pkg.DESeq2.cov",0.296842105263158,0.0368794326241135,10.84,0.0542105263157895,0.0308333333333333,1.11,160,19,0.31767421875,0.278715625,0,100
"mixed",80,0.8,TRUE,TRUE,3,5,TRUE,TRUE,"pkg.DESeq2.noAdj",0.349473684210526,0.131347517730496,25.16,0.146315789473684,0.426352538660348,6.27,160,19,0.31767421875,0.278715625,0,100
"mixed",80,0.8,TRUE,TRUE,3,5,TRUE,TRUE,"pkg.edgeR.cov",0.293684210526316,0.0329078014184397,10.22,0.03,0.0183333333333333,0.6,160,19,0.31767421875,0.278715625,0,100
"mixed",80,0.8,TRUE,TRUE,3,5,TRUE,TRUE,"pkg.edgeR.noAdj",0.360526315789474,0.124397163120567,24.39,0.117368421052632,0.367099853866642,4.83,160,19,0.31767421875,0.278715625,0,100
"mixed",80,0.8,TRUE,TRUE,3,5,TRUE,TRUE,"pkg.metagenomeSeq.cov",0.520526315789474,0.514609929078014,82.45,0.463157894736842,0.877708254464495,71.89,160,19,0.31767421875,0.278715625,0,100
"mixed",80,0.8,TRUE,TRUE,3,5,TRUE,TRUE,"pkg.metagenomeSeq.noAdj",0.453157894736842,0.245390070921986,43.21,0.3,0.663832511351721,20.72,160,19,0.31767421875,0.278715625,0,100
"mixed",80,0.8,TRUE,TRUE,3,5,TRUE,TRUE,"pkg.ZINQ.cov",0.388947368421053,0.0719148936170213,17.53,0.0568421052631579,0.0428571428571429,1.22,160,19,0.31767421875,0.278715625,0,100
"mixed",80,0.8,TRUE,TRUE,3,5,TRUE,TRUE,"pkg.ZINQ.depth",0.288421052631579,0.102340425531915,19.91,0.03,0.151,1,160,19,0.31767421875,0.278715625,0,100
"mixed",80,0.8,TRUE,TRUE,3,5,TRUE,TRUE,"pkg.ZINQ.depthCov",0.247894736842105,0.0529078014184397,12.17,0.0110526315789474,0.02,0.24,160,19,0.31767421875,0.278715625,0,100
"mixed",80,0.8,TRUE,TRUE,3,5,TRUE,TRUE,"pkg.ZINQ.noAdjust",0.438421052631579,0.181276595744681,33.89,0.157368421052632,0.370889845909987,6.59,160,19,0.31767421875,0.278715625,0,100
"mixed",80,0.8,TRUE,TRUE,3,5,TRUE,TRUE,"presence(Fisher)",0.151578947368421,0.0895035460992908,15.5,0.0105263157894737,0.248333333333333,0.83,160,19,0.31767421875,0.278715625,0.94,100
"mixed",80,0.8,TRUE,TRUE,3,5,TRUE,TRUE,"presence(logistic+depth)",0.132631578947368,0.065531914893617,11.76,0.00263157894736842,0.025,0.1,160,19,0.31767421875,0.278715625,0,100
"mixed",80,0.8,TRUE,TRUE,3,5,TRUE,TRUE,"presence(logistic+depth+z)",0.105789473684211,0.0446808510638298,8.31,0,0,0,160,19,0.31767421875,0.278715625,0,100
"mixed",80,0.8,TRUE,TRUE,3,5,TRUE,TRUE,"prevalence(Tobit).adj",0.176315789473684,0.0497163120567376,10.36,0.00421052631578947,0.01,0.09,160,19,0.31767421875,0.278715625,0,100
"mixed",80,0.8,TRUE,TRUE,3,5,TRUE,TRUE,"prevalence(Tobit).noAdj",0.247368421052632,0.101347517730496,18.99,0.0252631578947368,0.185571428571429,1.08,160,19,0.31767421875,0.278715625,0,100
"mixed",80,1.2,FALSE,TRUE,3,5,TRUE,TRUE,"abundance(AHC-LinDA).adj",0.401578947368421,0.0585106382978723,15.88,0.160526315789474,0.0526428571428572,3.34,160,19,0.32342265625,0.28453984375,0,100
"mixed",80,1.2,FALSE,TRUE,3,5,TRUE,TRUE,"abundance(AHC-LinDA).noAdj",0.393684210526316,0.0592198581560284,15.83,0.153157894736842,0.0818308080808081,3.32,160,19,0.32342265625,0.28453984375,0,100
"mixed",80,1.2,FALSE,TRUE,3,5,TRUE,TRUE,"obsTwo.depthCov",0.506842105263158,0.0458156028368794,16.09,0.18,0.0212857142857143,3.53,160,19,0.32342265625,0.28453984375,0,100
"mixed",80,1.2,FALSE,TRUE,3,5,TRUE,TRUE,"obsTwo.simple",0.534210526315789,0.0573049645390071,18.23,0.297894736842105,0.0753777056277056,6.28,160,19,0.32342265625,0.28453984375,0,100
"mixed",80,1.2,FALSE,TRUE,3,5,TRUE,TRUE,"OMNIBUS(ACAT).adj",0.627894736842105,0.0556028368794326,19.77,0.223684210526316,0.052942612942613,4.56,160,19,0.32342265625,0.28453984375,0,100
"mixed",80,1.2,FALSE,TRUE,3,5,TRUE,TRUE,"OMNIBUS(ACAT).noAdj",0.62,0.0588652482269503,20.08,0.209473684210526,0.0641035353535354,4.34,160,19,0.32342265625,0.28453984375,0,100
"mixed",80,1.2,FALSE,TRUE,3,5,TRUE,TRUE,"OMNIBUS(Bonf-minP).adj",0.62,0.0546808510638298,19.49,0.215789473684211,0.0489545177045177,4.38,160,19,0.32342265625,0.28453984375,0,100
"mixed",80,1.2,FALSE,TRUE,3,5,TRUE,TRUE,"OMNIBUS(Bonf-minP).noAdj",0.616842105263158,0.0569503546099291,19.75,0.205789473684211,0.0620559163059163,4.25,160,19,0.32342265625,0.28453984375,0,100
"mixed",80,1.2,FALSE,TRUE,3,5,TRUE,TRUE,"oracle.prev.cov",0.368947368421053,0.0449645390070922,13.35,0.0489473684210526,0,0.93,160,19,0.32342265625,0.28453984375,0,100
"mixed",80,1.2,FALSE,TRUE,3,5,TRUE,TRUE,"oracle.prev.noAdj",0.322631578947368,0.0286524822695036,10.17,0.0505263157894737,0.0075,0.98,160,19,0.32342265625,0.28453984375,1.02,100
"mixed",80,1.2,FALSE,TRUE,3,5,TRUE,TRUE,"pkg.ANCOMBC.cov",0.559473684210526,0.102553191489362,25.09,0.47578947368421,0.214518264741794,11.91,160,19,0.32342265625,0.28453984375,0,100
"mixed",80,1.2,FALSE,TRUE,3,5,TRUE,TRUE,"pkg.ANCOMBC.noAdj",0.553157894736842,0.0992198581560284,24.5,0.465263157894737,0.185204115329115,11.17,160,19,0.32342265625,0.28453984375,0,100
"mixed",80,1.2,FALSE,TRUE,3,5,TRUE,TRUE,"pkg.DESeq2.cov",0.51,0.0384397163120567,15.11,0.308421052631579,0.038199494949495,6.15,160,19,0.32342265625,0.28453984375,0,100
"mixed",80,1.2,FALSE,TRUE,3,5,TRUE,TRUE,"pkg.DESeq2.noAdj",0.501052631578947,0.0426241134751773,15.53,0.296315789473684,0.0401984126984127,5.92,160,19,0.32342265625,0.28453984375,0,100
"mixed",80,1.2,FALSE,TRUE,3,5,TRUE,TRUE,"pkg.edgeR.cov",0.532105263157895,0.0324822695035461,14.69,0.291578947368421,0.0303178210678211,5.74,160,19,0.32342265625,0.28453984375,0,100
"mixed",80,1.2,FALSE,TRUE,3,5,TRUE,TRUE,"pkg.edgeR.noAdj",0.522105263157895,0.0398581560283688,15.54,0.288947368421053,0.0280793650793651,5.71,160,19,0.32342265625,0.28453984375,0,100
"mixed",80,1.2,FALSE,TRUE,3,5,TRUE,TRUE,"pkg.metagenomeSeq.cov",0.548421052631579,0.555673758865248,88.77,0.488421052631579,0.882794240386632,79.14,160,19,0.32342265625,0.28453984375,0,100
"mixed",80,1.2,FALSE,TRUE,3,5,TRUE,TRUE,"pkg.metagenomeSeq.noAdj",0.567894736842105,0.149645390070922,31.89,0.401578947368421,0.356193343679025,12.43,160,19,0.32342265625,0.28453984375,0,100
"mixed",80,1.2,FALSE,TRUE,3,5,TRUE,TRUE,"pkg.ZINQ.cov",0.675263157894737,0.0857446808510638,24.92,0.401052631578947,0.091509213009213,8.56,160,19,0.32342265625,0.28453984375,0,100
"mixed",80,1.2,FALSE,TRUE,3,5,TRUE,TRUE,"pkg.ZINQ.depth",0.446842105263158,0.055886524822695,16.37,0.0852631578947369,0.0271785714285714,1.73,160,19,0.32342265625,0.28453984375,0,100
"mixed",80,1.2,FALSE,TRUE,3,5,TRUE,TRUE,"pkg.ZINQ.depthCov",0.469473684210526,0.0581560283687943,17.12,0.0842105263157895,0.0228333333333333,1.69,160,19,0.32342265625,0.28453984375,0,100
"mixed",80,1.2,FALSE,TRUE,3,5,TRUE,TRUE,"pkg.ZINQ.noAdjust",0.638421052631579,0.0769503546099291,22.98,0.343684210526316,0.0818358863358863,7.32,160,19,0.32342265625,0.28453984375,0,100
"mixed",80,1.2,FALSE,TRUE,3,5,TRUE,TRUE,"presence(Fisher)",0.267368421052632,0.0467375886524823,11.67,0.0278947368421053,0.0375,0.62,160,19,0.32342265625,0.28453984375,1,100
"mixed",80,1.2,FALSE,TRUE,3,5,TRUE,TRUE,"presence(logistic+depth)",0.206315789473684,0.0421276595744681,9.86,0.00263157894736842,0,0.05,160,19,0.32342265625,0.28453984375,0,100
"mixed",80,1.2,FALSE,TRUE,3,5,TRUE,TRUE,"presence(logistic+depth+z)",0.215789473684211,0.0447517730496454,10.41,0.00210526315789474,0,0.04,160,19,0.32342265625,0.28453984375,0,100
"mixed",80,1.2,FALSE,TRUE,3,5,TRUE,TRUE,"prevalence(Tobit).adj",0.402105263157895,0.0508510638297872,14.81,0.0631578947368421,0.0343333333333333,1.32,160,19,0.32342265625,0.28453984375,0,100
"mixed",80,1.2,FALSE,TRUE,3,5,TRUE,TRUE,"prevalence(Tobit).noAdj",0.411578947368421,0.051063829787234,15.02,0.0615789473684211,0.0208333333333333,1.22,160,19,0.32342265625,0.28453984375,0,100
"mixed",80,1.2,TRUE,TRUE,3,5,TRUE,TRUE,"abundance(AHC-LinDA).adj",0.376315789473684,0.0570921985815603,15.2,0.130526315789474,0.0607619047619048,2.75,160,19,0.32315,0.28394140625,0,100
"mixed",80,1.2,TRUE,TRUE,3,5,TRUE,TRUE,"abundance(AHC-LinDA).noAdj",0.402105263157895,0.11822695035461,24.31,0.17421052631579,0.258193445443445,5.41,160,19,0.32315,0.28394140625,0,100
"mixed",80,1.2,TRUE,TRUE,3,5,TRUE,TRUE,"obsTwo.depthCov",0.458947368421053,0.0483687943262411,15.54,0.132105263157895,0.0185119047619048,2.59,160,19,0.32315,0.28394140625,0,100
"mixed",80,1.2,TRUE,TRUE,3,5,TRUE,TRUE,"obsTwo.simple",0.561578947368421,0.157304964539007,32.85,0.379473684210526,0.362727519006621,13.02,160,19,0.32315,0.28394140625,0,100
"mixed",80,1.2,TRUE,TRUE,3,5,TRUE,TRUE,"OMNIBUS(ACAT).adj",0.554210526315789,0.050709219858156,17.68,0.133684210526316,0.0450555555555556,2.74,160,19,0.32315,0.28394140625,0,100
"mixed",80,1.2,TRUE,TRUE,3,5,TRUE,TRUE,"OMNIBUS(ACAT).noAdj",0.607894736842105,0.131347517730496,30.07,0.277894736842105,0.244351774001488,7.89,160,19,0.32315,0.28394140625,0,100
"mixed",80,1.2,TRUE,TRUE,3,5,TRUE,TRUE,"OMNIBUS(Bonf-minP).adj",0.54578947368421,0.0497872340425532,17.39,0.134210526315789,0.0450555555555556,2.75,160,19,0.32315,0.28394140625,0,100
"mixed",80,1.2,TRUE,TRUE,3,5,TRUE,TRUE,"OMNIBUS(Bonf-minP).noAdj",0.604736842105263,0.127234042553192,29.43,0.274736842105263,0.247178132261316,7.82,160,19,0.32315,0.28394140625,0,100
"mixed",80,1.2,TRUE,TRUE,3,5,TRUE,TRUE,"oracle.prev.cov",0.322631578947368,0.0425531914893617,12.13,0.0242105263157895,0.0025,0.47,160,19,0.32315,0.28394140625,0,100
"mixed",80,1.2,TRUE,TRUE,3,5,TRUE,TRUE,"oracle.prev.noAdj",0.33421052631579,0.0704964539007092,16.29,0.102631578947368,0.142488095238095,2.6,160,19,0.32315,0.28394140625,0.75,100
"mixed",80,1.2,TRUE,TRUE,3,5,TRUE,TRUE,"pkg.ANCOMBC.cov",0.556842105263158,0.115815602836879,26.91,0.460526315789474,0.273243866377263,12.47,160,19,0.32315,0.28394140625,0,100
"mixed",80,1.2,TRUE,TRUE,3,5,TRUE,TRUE,"pkg.ANCOMBC.noAdj",0.603157894736842,0.228297872340426,43.65,0.477894736842105,0.53315085010968,22.64,160,19,0.32315,0.28394140625,0,100
"mixed",80,1.2,TRUE,TRUE,3,5,TRUE,TRUE,"pkg.DESeq2.cov",0.475263157894737,0.0368085106382979,14.22,0.225263157894737,0.0256410256410257,4.46,160,19,0.32315,0.28394140625,0,100
"mixed",80,1.2,TRUE,TRUE,3,5,TRUE,TRUE,"pkg.DESeq2.noAdj",0.508947368421053,0.149219858156028,30.71,0.332105263157895,0.386841783899234,11.57,160,19,0.32315,0.28394140625,0,100
"mixed",80,1.2,TRUE,TRUE,3,5,TRUE,TRUE,"pkg.edgeR.cov",0.491578947368421,0.0305673758865248,13.65,0.200526315789474,0.0415238095238095,3.94,160,19,0.32315,0.28394140625,0,100
"mixed",80,1.2,TRUE,TRUE,3,5,TRUE,TRUE,"pkg.edgeR.noAdj",0.533157894736842,0.138652482269504,29.68,0.33,0.317887689188961,10.17,160,19,0.32315,0.28394140625,0,100
"mixed",80,1.2,TRUE,TRUE,3,5,TRUE,TRUE,"pkg.metagenomeSeq.cov",0.52578947368421,0.512695035460993,82.28,0.458947368421053,0.876913291946998,70.9,160,19,0.32315,0.28394140625,0,100
"mixed",80,1.2,TRUE,TRUE,3,5,TRUE,TRUE,"pkg.metagenomeSeq.noAdj",0.583157894736842,0.252836879432624,46.73,0.467894736842105,0.62589242778066,26.51,160,19,0.32315,0.28394140625,0,100
"mixed",80,1.2,TRUE,TRUE,3,5,TRUE,TRUE,"pkg.ZINQ.cov",0.615789473684211,0.0764539007092199,22.48,0.291578947368421,0.0741075036075036,6.19,160,19,0.32315,0.28394140625,0,100
"mixed",80,1.2,TRUE,TRUE,3,5,TRUE,TRUE,"pkg.ZINQ.depth",0.47578947368421,0.107801418439716,24.24,0.116315789473684,0.126801226551227,2.92,160,19,0.32315,0.28394140625,0,100
"mixed",80,1.2,TRUE,TRUE,3,5,TRUE,TRUE,"pkg.ZINQ.depthCov",0.449473684210526,0.0560283687943262,16.44,0.0621052631578948,0.0228333333333333,1.26,160,19,0.32315,0.28394140625,0,100
"mixed",80,1.2,TRUE,TRUE,3,5,TRUE,TRUE,"pkg.ZINQ.noAdjust",0.652105263157895,0.190780141843972,39.29,0.412631578947368,0.375148255278962,14.36,160,19,0.32315,0.28394140625,0,100
"mixed",80,1.2,TRUE,TRUE,3,5,TRUE,TRUE,"presence(Fisher)",0.288947368421053,0.0895035460992908,18.11,0.0742105263157895,0.272440476190476,2.58,160,19,0.32315,0.28394140625,0.73,100
"mixed",80,1.2,TRUE,TRUE,3,5,TRUE,TRUE,"presence(logistic+depth)",0.222631578947369,0.0723404255319149,14.43,0.00631578947368421,0.0183333333333333,0.15,160,19,0.32315,0.28394140625,0,100
"mixed",80,1.2,TRUE,TRUE,3,5,TRUE,TRUE,"presence(logistic+depth+z)",0.193684210526316,0.043758865248227,9.85,0.00263157894736842,0,0.05,160,19,0.32315,0.28394140625,0,100
"mixed",80,1.2,TRUE,TRUE,3,5,TRUE,TRUE,"prevalence(Tobit).adj",0.337894736842105,0.0477304964539007,13.15,0.0257894736842105,0.002,0.5,160,19,0.32315,0.28394140625,0,100
"mixed",80,1.2,TRUE,TRUE,3,5,TRUE,TRUE,"prevalence(Tobit).noAdj",0.418947368421053,0.105035460992908,22.77,0.122105263157895,0.225189227439227,3.41,160,19,0.32315,0.28394140625,0,100
"mixed",80,1.6,FALSE,TRUE,3,5,TRUE,TRUE,"abundance(AHC-LinDA).adj",0.460526315789474,0.0507801418439716,15.91,0.296842105263158,0.0771706349206349,6.17,160,19,0.3264375,0.287353125,0,100
"mixed",80,1.6,FALSE,TRUE,3,5,TRUE,TRUE,"abundance(AHC-LinDA).noAdj",0.448947368421053,0.0539716312056737,16.14,0.281578947368421,0.0709880952380953,5.86,160,19,0.3264375,0.287353125,0,100
"mixed",80,1.6,FALSE,TRUE,3,5,TRUE,TRUE,"obsTwo.depthCov",0.656315789473684,0.0480851063829787,19.25,0.367368421052632,0.0362941225441226,7.27,160,19,0.3264375,0.287353125,0,100
"mixed",80,1.6,FALSE,TRUE,3,5,TRUE,TRUE,"obsTwo.simple",0.684736842105263,0.0594326241134752,21.39,0.493157894736842,0.0694287358238597,10.17,160,19,0.3264375,0.287353125,0,100
"mixed",80,1.6,FALSE,TRUE,3,5,TRUE,TRUE,"OMNIBUS(ACAT).adj",0.832631578947368,0.0535460992907801,23.37,0.508947368421053,0.0528426997838762,10.28,160,19,0.3264375,0.287353125,0,100
"mixed",80,1.6,FALSE,TRUE,3,5,TRUE,TRUE,"OMNIBUS(ACAT).noAdj",0.827368421052632,0.0546808510638298,23.43,0.492631578947368,0.0566437516731634,10,160,19,0.3264375,0.287353125,0,100
"mixed",80,1.6,FALSE,TRUE,3,5,TRUE,TRUE,"OMNIBUS(Bonf-minP).adj",0.833684210526316,0.0517730496453901,23.14,0.506315789473684,0.050510300157359,10.2,160,19,0.3264375,0.287353125,0,100
"mixed",80,1.6,FALSE,TRUE,3,5,TRUE,TRUE,"OMNIBUS(Bonf-minP).noAdj",0.829473684210526,0.0536170212765957,23.32,0.492105263157895,0.0562369640163758,9.99,160,19,0.3264375,0.287353125,0,100
"mixed",80,1.6,FALSE,TRUE,3,5,TRUE,TRUE,"oracle.prev.cov",0.492631578947368,0.0436879432624113,15.52,0.215263157894737,0.0229404761904762,4.23,160,19,0.3264375,0.287353125,0,100
"mixed",80,1.6,FALSE,TRUE,3,5,TRUE,TRUE,"oracle.prev.noAdj",0.461578947368421,0.0273049645390071,12.62,0.21,0.0230476190476191,4.12,160,19,0.3264375,0.287353125,1,100
"mixed",80,1.6,FALSE,TRUE,3,5,TRUE,TRUE,"pkg.ANCOMBC.cov",0.554736842105263,0.0915602836879433,23.45,0.500526315789474,0.188583553701201,12.06,160,19,0.3264375,0.287353125,0,100
"mixed",80,1.6,FALSE,TRUE,3,5,TRUE,TRUE,"pkg.ANCOMBC.noAdj",0.57,0.0938297872340426,24.06,0.497368421052632,0.199817646405882,12.29,160,19,0.3264375,0.287353125,0,100
"mixed",80,1.6,FALSE,TRUE,3,5,TRUE,TRUE,"pkg.DESeq2.cov",0.615263157894737,0.0382978723404255,17.09,0.463684210526316,0.0325229215229215,9.16,160,19,0.3264375,0.287353125,0,100
"mixed",80,1.6,FALSE,TRUE,3,5,TRUE,TRUE,"pkg.DESeq2.noAdj",0.592631578947368,0.0436170212765957,17.41,0.452631578947368,0.0480099622599623,9.08,160,19,0.3264375,0.287353125,0,100
"mixed",80,1.6,FALSE,TRUE,3,5,TRUE,TRUE,"pkg.edgeR.cov",0.649473684210526,0.0325531914893617,16.93,0.491052631578947,0.021755883005883,9.55,160,19,0.3264375,0.287353125,0,100
"mixed",80,1.6,FALSE,TRUE,3,5,TRUE,TRUE,"pkg.edgeR.noAdj",0.633684210526316,0.0422695035460993,18,0.480526315789474,0.0344850427350427,9.49,160,19,0.3264375,0.287353125,0,100
"mixed",80,1.6,FALSE,TRUE,3,5,TRUE,TRUE,"pkg.metagenomeSeq.cov",0.527894736842105,0.545815602836879,86.99,0.462631578947369,0.885885211906518,77.07,160,19,0.3264375,0.287353125,0,100
"mixed",80,1.6,FALSE,TRUE,3,5,TRUE,TRUE,"pkg.metagenomeSeq.noAdj",0.656315789473684,0.149290780141844,33.52,0.544210526315789,0.318781614040003,15.98,160,19,0.3264375,0.287353125,0,100
"mixed",80,1.6,FALSE,TRUE,3,5,TRUE,TRUE,"pkg.ZINQ.cov",0.826315789473684,0.0824113475177305,27.32,0.615263157894737,0.0894767512758999,12.98,160,19,0.3264375,0.287353125,0.02,100
"mixed",80,1.6,FALSE,TRUE,3,5,TRUE,TRUE,"pkg.ZINQ.depth",0.632631578947368,0.0521276595744681,19.37,0.258421052631579,0.0460953490953491,5.21,160,19,0.3264375,0.287353125,0.02,100
"mixed",80,1.6,FALSE,TRUE,3,5,TRUE,TRUE,"pkg.ZINQ.depthCov",0.634736842105263,0.0534751773049645,19.6,0.270526315789474,0.038533189033189,5.39,160,19,0.3264375,0.287353125,0.02,100
"mixed",80,1.6,FALSE,TRUE,3,5,TRUE,TRUE,"pkg.ZINQ.noAdjust",0.790526315789474,0.0769503546099291,25.87,0.569473684210526,0.0727876037361332,11.77,160,19,0.3264375,0.287353125,0.02,100
"mixed",80,1.6,FALSE,TRUE,3,5,TRUE,TRUE,"presence(Fisher)",0.423684210526316,0.0452482269503546,14.43,0.147368421052632,0.0512976190476191,3.05,160,19,0.3264375,0.287353125,0.93,100
"mixed",80,1.6,FALSE,TRUE,3,5,TRUE,TRUE,"presence(logistic+depth)",0.333684210526316,0.0472340425531915,13,0.0247368421052632,0.01,0.48,160,19,0.3264375,0.287353125,0,100
"mixed",80,1.6,FALSE,TRUE,3,5,TRUE,TRUE,"presence(logistic+depth+z)",0.338947368421053,0.0460283687943262,12.93,0.0268421052631579,0.015,0.53,160,19,0.3264375,0.287353125,0,100
"mixed",80,1.6,FALSE,TRUE,3,5,TRUE,TRUE,"prevalence(Tobit).adj",0.535263157894737,0.0531205673758865,17.66,0.228947368421053,0.0345797258297258,4.56,160,19,0.3264375,0.287353125,0,100
"mixed",80,1.6,FALSE,TRUE,3,5,TRUE,TRUE,"prevalence(Tobit).noAdj",0.569473684210526,0.0531205673758865,18.31,0.234736842105263,0.0398174603174603,4.69,160,19,0.3264375,0.287353125,0,100
"mixed",80,1.6,TRUE,TRUE,3,5,TRUE,TRUE,"abundance(AHC-LinDA).adj",0.445789473684211,0.0524113475177305,15.86,0.258421052631579,0.056237345987346,5.3,160,19,0.3251203125,0.28536171875,0,100
"mixed",80,1.6,TRUE,TRUE,3,5,TRUE,TRUE,"abundance(AHC-LinDA).noAdj",0.463157894736842,0.107375886524823,23.94,0.28,0.190328813343519,7.2,160,19,0.3251203125,0.28536171875,0,100
"mixed",80,1.6,TRUE,TRUE,3,5,TRUE,TRUE,"obsTwo.depthCov",0.624736842105263,0.0453191489361702,18.26,0.317368421052632,0.0335609668109668,6.28,160,19,0.3251203125,0.28536171875,0,100
"mixed",80,1.6,TRUE,TRUE,3,5,TRUE,TRUE,"obsTwo.simple",0.692105263157895,0.153191489361702,34.75,0.521578947368421,0.315550173891085,15.45,160,19,0.3251203125,0.28536171875,0,100
"mixed",80,1.6,TRUE,TRUE,3,5,TRUE,TRUE,"OMNIBUS(ACAT).adj",0.741052631578947,0.0519858156028369,21.41,0.383157894736842,0.0359855144855145,7.67,160,19,0.3251203125,0.28536171875,0,100
"mixed",80,1.6,TRUE,TRUE,3,5,TRUE,TRUE,"OMNIBUS(ACAT).noAdj",0.792631578947368,0.124468085106383,32.61,0.509473684210526,0.198712798065955,12.72,160,19,0.3251203125,0.28536171875,0,100
"mixed",80,1.6,TRUE,TRUE,3,5,TRUE,TRUE,"OMNIBUS(Bonf-minP).adj",0.741052631578947,0.0512056737588652,21.3,0.376315789473684,0.0374614413364413,7.54,160,19,0.3251203125,0.28536171875,0,100
"mixed",80,1.6,TRUE,TRUE,3,5,TRUE,TRUE,"OMNIBUS(Bonf-minP).noAdj",0.789473684210526,0.120921985815603,32.05,0.503157894736842,0.196421305888216,12.48,160,19,0.3251203125,0.28536171875,0,100
"mixed",80,1.6,TRUE,TRUE,3,5,TRUE,TRUE,"oracle.prev.cov",0.431052631578947,0.0432624113475177,14.29,0.125263157894737,0.00416666666666667,2.4,160,19,0.3251203125,0.28536171875,0,100
"mixed",80,1.6,TRUE,TRUE,3,5,TRUE,TRUE,"oracle.prev.noAdj",0.445263157894737,0.0712765957446808,18.51,0.211052631578947,0.114020202020202,4.78,160,19,0.3251203125,0.28536171875,0.92,100
"mixed",80,1.6,TRUE,TRUE,3,5,TRUE,TRUE,"pkg.ANCOMBC.cov",0.588421052631579,0.116879432624113,27.66,0.511578947368421,0.268889796055936,13.97,160,19,0.3251203125,0.28536171875,0,100
"mixed",80,1.6,TRUE,TRUE,3,5,TRUE,TRUE,"pkg.ANCOMBC.noAdj",0.618947368421053,0.213617021276596,41.88,0.53578947368421,0.492201287723309,22.59,160,19,0.3251203125,0.28536171875,0,100
"mixed",80,1.6,TRUE,TRUE,3,5,TRUE,TRUE,"pkg.DESeq2.cov",0.578947368421053,0.0378014184397163,16.33,0.410526315789474,0.0239494949494949,8.02,160,19,0.3251203125,0.28536171875,0,100
"mixed",80,1.6,TRUE,TRUE,3,5,TRUE,TRUE,"pkg.DESeq2.noAdj",0.611052631578947,0.131347517730497,30.13,0.462105263157895,0.30616460542352,13.3,160,19,0.3251203125,0.28536171875,0,100
"mixed",80,1.6,TRUE,TRUE,3,5,TRUE,TRUE,"pkg.edgeR.cov",0.627894736842105,0.0327659574468085,16.55,0.427894736842105,0.0180169552669553,8.3,160,19,0.3251203125,0.28536171875,0,100
"mixed",80,1.6,TRUE,TRUE,3,5,TRUE,TRUE,"pkg.edgeR.noAdj",0.653684210526316,0.12645390070922,30.25,0.494736842105263,0.238415887148331,12.9,160,19,0.3251203125,0.28536171875,0,100
"mixed",80,1.6,TRUE,TRUE,3,5,TRUE,TRUE,"pkg.metagenomeSeq.cov",0.502631578947368,0.517163120567376,82.47,0.42,0.887212309925519,71.45,160,19,0.3251203125,0.28536171875,0,100
"mixed",80,1.6,TRUE,TRUE,3,5,TRUE,TRUE,"pkg.metagenomeSeq.noAdj",0.674210526315789,0.25,48.06,0.585263157894737,0.582194812236564,28.8,160,19,0.3251203125,0.28536171875,0,100
"mixed",80,1.6,TRUE,TRUE,3,5,TRUE,TRUE,"pkg.ZINQ.cov",0.768421052631579,0.0840425531914893,26.45,0.513157894736842,0.0833789168347992,10.75,160,19,0.3251203125,0.28536171875,0,100
"mixed",80,1.6,TRUE,TRUE,3,5,TRUE,TRUE,"pkg.ZINQ.depth",0.628421052631579,0.103475177304965,26.53,0.281578947368421,0.1256607004107,6.42,160,19,0.3251203125,0.28536171875,0,100
"mixed",80,1.6,TRUE,TRUE,3,5,TRUE,TRUE,"pkg.ZINQ.depthCov",0.597894736842105,0.0579432624113475,19.53,0.242105263157895,0.0320793650793651,4.81,160,19,0.3251203125,0.28536171875,0,100
"mixed",80,1.6,TRUE,TRUE,3,5,TRUE,TRUE,"pkg.ZINQ.noAdjust",0.769473684210526,0.187163120567376,41.01,0.599473684210526,0.325382964752218,17.91,160,19,0.3251203125,0.28536171875,0,100
"mixed",80,1.6,TRUE,TRUE,3,5,TRUE,TRUE,"presence(Fisher)",0.417368421052632,0.0878723404255319,20.32,0.165789473684211,0.192594516594517,4.24,160,19,0.3251203125,0.28536171875,0.69,100
"mixed",80,1.6,TRUE,TRUE,3,5,TRUE,TRUE,"presence(logistic+depth)",0.335789473684211,0.0670212765957447,15.83,0.0231578947368421,0.0241666666666667,0.49,160,19,0.3251203125,0.28536171875,0,100
"mixed",80,1.6,TRUE,TRUE,3,5,TRUE,TRUE,"presence(logistic+depth+z)",0.311052631578947,0.0429078014184397,11.96,0.0136842105263158,0.01,0.27,160,19,0.3251203125,0.28536171875,0,100
"mixed",80,1.6,TRUE,TRUE,3,5,TRUE,TRUE,"prevalence(Tobit).adj",0.472631578947368,0.0524822695035461,16.38,0.124736842105263,0.0105952380952381,2.44,160,19,0.3251203125,0.28536171875,0,100
"mixed",80,1.6,TRUE,TRUE,3,5,TRUE,TRUE,"prevalence(Tobit).noAdj",0.561052631578947,0.104751773049645,25.43,0.268421052631579,0.190130870763224,6.67,160,19,0.3251203125,0.28536171875,0,100
"mixed",80,2,FALSE,TRUE,3,5,TRUE,TRUE,"abundance(AHC-LinDA).adj",0.482105263157895,0.0500709219858156,16.22,0.358421052631579,0.0500739538239538,7.25,160,19,0.331234375,0.28998984375,0,100
"mixed",80,2,FALSE,TRUE,3,5,TRUE,TRUE,"abundance(AHC-LinDA).noAdj",0.48,0.0506382978723404,16.26,0.347894736842105,0.0561776834276834,7.12,160,19,0.331234375,0.28998984375,0,100
"mixed",80,2,FALSE,TRUE,3,5,TRUE,TRUE,"obsTwo.depthCov",0.792105263157895,0.0512765957446809,22.28,0.524736842105263,0.0373053802492657,10.44,160,19,0.331234375,0.28998984375,0,100
"mixed",80,2,FALSE,TRUE,3,5,TRUE,TRUE,"obsTwo.simple",0.811578947368421,0.0728368794326241,25.69,0.669473684210526,0.091952165223837,14.14,160,19,0.331234375,0.28998984375,0,100
"mixed",80,2,FALSE,TRUE,3,5,TRUE,TRUE,"OMNIBUS(ACAT).adj",0.936315789473684,0.0539007092198582,25.39,0.779473684210526,0.0461462394674469,15.6,160,19,0.331234375,0.28998984375,0,100
"mixed",80,2,FALSE,TRUE,3,5,TRUE,TRUE,"OMNIBUS(ACAT).noAdj",0.937894736842105,0.0529078014184397,25.28,0.768421052631579,0.0527612758328703,15.52,160,19,0.331234375,0.28998984375,0,100
"mixed",80,2,FALSE,TRUE,3,5,TRUE,TRUE,"OMNIBUS(Bonf-minP).adj",0.933684210526316,0.0516312056737589,25.02,0.773684210526316,0.0464317264692651,15.49,160,19,0.331234375,0.28998984375,0,100
"mixed",80,2,FALSE,TRUE,3,5,TRUE,TRUE,"OMNIBUS(Bonf-minP).noAdj",0.93421052631579,0.0523404255319149,25.13,0.764210526315789,0.0516882822629727,15.42,160,19,0.331234375,0.28998984375,0,100
"mixed",80,2,FALSE,TRUE,3,5,TRUE,TRUE,"oracle.prev.cov",0.526842105263158,0.0432624113475177,16.11,0.414736842105263,0.0224177489177489,8.09,160,19,0.331234375,0.28998984375,0,100
"mixed",80,2,FALSE,TRUE,3,5,TRUE,TRUE,"oracle.prev.noAdj",0.514210526315789,0.0275886524822695,13.66,0.394736842105263,0.0230400432900433,7.7,160,19,0.331234375,0.28998984375,1.1,100
"mixed",80,2,FALSE,TRUE,3,5,TRUE,TRUE,"pkg.ANCOMBC.cov",0.6,0.0965248226950355,25.01,0.521578947368421,0.200649052602697,12.88,160,19,0.331234375,0.28998984375,0,100
"mixed",80,2,FALSE,TRUE,3,5,TRUE,TRUE,"pkg.ANCOMBC.noAdj",0.596842105263158,0.0951063829787234,24.75,0.516842105263158,0.184667529366059,12.49,160,19,0.331234375,0.28998984375,0,100
"mixed",80,2,FALSE,TRUE,3,5,TRUE,TRUE,"pkg.DESeq2.cov",0.737894736842105,0.0361702127659575,19.12,0.571578947368421,0.0361995226995227,11.29,160,19,0.331234375,0.28998984375,0,100
"mixed",80,2,FALSE,TRUE,3,5,TRUE,TRUE,"pkg.DESeq2.noAdj",0.723157894736842,0.0406382978723404,19.47,0.556315789473684,0.0411911283161283,11.07,160,19,0.331234375,0.28998984375,0,100
"mixed",80,2,FALSE,TRUE,3,5,TRUE,TRUE,"pkg.edgeR.cov",0.792631578947368,0.0315602836879433,19.51,0.621052631578947,0.0234688767115238,12.12,160,19,0.331234375,0.28998984375,0,100
"mixed",80,2,FALSE,TRUE,3,5,TRUE,TRUE,"pkg.edgeR.noAdj",0.774210526315789,0.0375886524822695,20.01,0.603684210526316,0.0291157176157176,11.85,160,19,0.331234375,0.28998984375,0,100
"mixed",80,2,FALSE,TRUE,3,5,TRUE,TRUE,"pkg.metagenomeSeq.cov",0.517368421052632,0.548439716312057,87.16,0.456842105263158,0.887070407060678,76.68,160,19,0.331234375,0.28998984375,0,100
"mixed",80,2,FALSE,TRUE,3,5,TRUE,TRUE,"pkg.metagenomeSeq.noAdj",0.772105263157895,0.139645390070922,34.36,0.671052631578947,0.274755323708164,18.07,160,19,0.331234375,0.28998984375,0,100
"mixed",80,2,FALSE,TRUE,3,5,TRUE,TRUE,"pkg.ZINQ.cov",0.931578947368421,0.103475177304965,32.29,0.817894736842105,0.131711376557739,18.13,160,19,0.331234375,0.28998984375,0.02,100
"mixed",80,2,FALSE,TRUE,3,5,TRUE,TRUE,"pkg.ZINQ.depth",0.782631578947368,0.0583687943262411,23.1,0.474210526315789,0.0479762737262737,9.56,160,19,0.331234375,0.28998984375,0.02,100
"mixed",80,2,FALSE,TRUE,3,5,TRUE,TRUE,"pkg.ZINQ.depthCov",0.783157894736842,0.061063829787234,23.49,0.471578947368421,0.0533004378662273,9.61,160,19,0.331234375,0.28998984375,0.02,100
"mixed",80,2,FALSE,TRUE,3,5,TRUE,TRUE,"pkg.ZINQ.noAdjust",0.9,0.0946099290780142,30.44,0.777368421052632,0.112091255661824,16.85,160,19,0.331234375,0.28998984375,0.02,100
"mixed",80,2,FALSE,TRUE,3,5,TRUE,TRUE,"presence(Fisher)",0.556315789473684,0.0465957446808511,17.14,0.327368421052632,0.0677492784992785,6.74,160,19,0.331234375,0.28998984375,0.97,100
"mixed",80,2,FALSE,TRUE,3,5,TRUE,TRUE,"presence(logistic+depth)",0.47,0.0450354609929078,15.28,0.08,0.00520634920634921,1.56,160,19,0.331234375,0.28998984375,0,100
"mixed",80,2,FALSE,TRUE,3,5,TRUE,TRUE,"presence(logistic+depth+z)",0.475789473684211,0.0474468085106383,15.73,0.0863157894736842,0.00703968253968254,1.69,160,19,0.331234375,0.28998984375,0,100
"mixed",80,2,FALSE,TRUE,3,5,TRUE,TRUE,"prevalence(Tobit).adj",0.63,0.051418439716312,19.22,0.454210526315789,0.0454314019314019,9.11,160,19,0.331234375,0.28998984375,0,100
"mixed",80,2,FALSE,TRUE,3,5,TRUE,TRUE,"prevalence(Tobit).noAdj",0.66578947368421,0.0536879432624114,20.22,0.479473684210526,0.0492172272172272,9.66,160,19,0.331234375,0.28998984375,0,100
"mixed",80,2,TRUE,TRUE,3,5,TRUE,TRUE,"abundance(AHC-LinDA).adj",0.461052631578947,0.049645390070922,15.76,0.338421052631579,0.0718863636363637,7,160,19,0.3307515625,0.28982265625,0,100
"mixed",80,2,TRUE,TRUE,3,5,TRUE,TRUE,"abundance(AHC-LinDA).noAdj",0.467368421052632,0.105177304964539,23.71,0.340526315789474,0.187335886335886,8.42,160,19,0.3307515625,0.28982265625,0,100
"mixed",80,2,TRUE,TRUE,3,5,TRUE,TRUE,"obsTwo.depthCov",0.761052631578947,0.0549645390070922,22.21,0.491052631578947,0.0413609446109446,9.81,160,19,0.3307515625,0.28982265625,0,100
"mixed",80,2,TRUE,TRUE,3,5,TRUE,TRUE,"obsTwo.simple",0.801052631578947,0.164893617021277,38.47,0.698947368421053,0.319152694034424,20.56,160,19,0.3307515625,0.28982265625,0,100
"mixed",80,2,TRUE,TRUE,3,5,TRUE,TRUE,"OMNIBUS(ACAT).adj",0.891052631578947,0.0486524822695035,23.79,0.646842105263158,0.0516689429851194,12.99,160,19,0.3307515625,0.28982265625,0,100
"mixed",80,2,TRUE,TRUE,3,5,TRUE,TRUE,"OMNIBUS(ACAT).noAdj",0.891578947368421,0.123191489361702,34.31,0.743684210526316,0.177494624140909,17.56,160,19,0.3307515625,0.28982265625,0,100
"mixed",80,2,TRUE,TRUE,3,5,TRUE,TRUE,"OMNIBUS(Bonf-minP).adj",0.891052631578947,0.0487234042553191,23.8,0.642105263157895,0.0508415457091928,12.88,160,19,0.3307515625,0.28982265625,0,100
"mixed",80,2,TRUE,TRUE,3,5,TRUE,TRUE,"OMNIBUS(Bonf-minP).noAdj",0.885789473684211,0.119645390070922,33.7,0.738421052631579,0.17375065708024,17.37,160,19,0.3307515625,0.28982265625,0,100
"mixed",80,2,TRUE,TRUE,3,5,TRUE,TRUE,"oracle.prev.cov",0.516842105263158,0.0412056737588652,15.63,0.319473684210526,0.00996825396825397,6.15,160,19,0.3307515625,0.28982265625,0,100
"mixed",80,2,TRUE,TRUE,3,5,TRUE,TRUE,"oracle.prev.noAdj",0.508947368421053,0.0718439716312057,19.8,0.375789473684211,0.103010434010434,8.09,160,19,0.3307515625,0.28982265625,1.07,100
"mixed",80,2,TRUE,TRUE,3,5,TRUE,TRUE,"pkg.ANCOMBC.cov",0.602105263157895,0.105673758865248,26.34,0.532631578947368,0.226948784050487,13.41,160,19,0.3307515625,0.28982265625,0,100
"mixed",80,2,TRUE,TRUE,3,5,TRUE,TRUE,"pkg.ANCOMBC.noAdj",0.644210526315789,0.206595744680851,41.37,0.555263157894737,0.476807158886651,22.49,160,19,0.3307515625,0.28982265625,0,100
"mixed",80,2,TRUE,TRUE,3,5,TRUE,TRUE,"pkg.DESeq2.cov",0.695789473684211,0.0404255319148936,18.92,0.527894736842105,0.0386416916416917,10.47,160,19,0.3307515625,0.28982265625,0,100
"mixed",80,2,TRUE,TRUE,3,5,TRUE,TRUE,"pkg.DESeq2.noAdj",0.721052631578947,0.134893617021277,32.72,0.591578947368421,0.283651633802092,16.61,160,19,0.3307515625,0.28982265625,0,100
"mixed",80,2,TRUE,TRUE,3,5,TRUE,TRUE,"pkg.edgeR.cov",0.738421052631579,0.0338297872340426,18.8,0.577894736842105,0.0205934204684205,11.24,160,19,0.3307515625,0.28982265625,0,100
"mixed",80,2,TRUE,TRUE,3,5,TRUE,TRUE,"pkg.edgeR.noAdj",0.759473684210526,0.126595744680851,32.28,0.636842105263158,0.222533626388418,16.13,160,19,0.3307515625,0.28982265625,0,100
"mixed",80,2,TRUE,TRUE,3,5,TRUE,TRUE,"pkg.metagenomeSeq.cov",0.484736842105263,0.518510638297872,82.32,0.416842105263158,0.887438502739693,70.37,160,19,0.3307515625,0.28982265625,0,100
"mixed",80,2,TRUE,TRUE,3,5,TRUE,TRUE,"pkg.metagenomeSeq.noAdj",0.767894736842105,0.252836879432624,50.24,0.694210526315789,0.558972033867288,32.08,160,19,0.3307515625,0.28982265625,0,100
"mixed",80,2,TRUE,TRUE,3,5,TRUE,TRUE,"pkg.ZINQ.cov",0.900526315789474,0.0945390070921986,30.44,0.74,0.11827410801273,16.15,160,19,0.3307515625,0.28982265625,0.01,100
"mixed",80,2,TRUE,TRUE,3,5,TRUE,TRUE,"pkg.ZINQ.depth",0.782105263157895,0.111914893617021,30.64,0.482105263157895,0.156234001808305,11.12,160,19,0.3307515625,0.28982265625,0.01,100
"mixed",80,2,TRUE,TRUE,3,5,TRUE,TRUE,"pkg.ZINQ.depthCov",0.746315789473684,0.0626241134751773,23.01,0.432631578947369,0.0625821678321679,8.88,160,19,0.3307515625,0.28982265625,0.01,100
"mixed",80,2,TRUE,TRUE,3,5,TRUE,TRUE,"pkg.ZINQ.noAdjust",0.891578947368421,0.20113475177305,45.3,0.794210526315789,0.341144867335304,24.07,160,19,0.3307515625,0.28982265625,0.01,100
"mixed",80,2,TRUE,TRUE,3,5,TRUE,TRUE,"presence(Fisher)",0.541052631578947,0.0860992907801418,22.42,0.343684210526316,0.167494622336728,7.97,160,19,0.3307515625,0.28982265625,0.75,100
"mixed",80,2,TRUE,TRUE,3,5,TRUE,TRUE,"presence(logistic+depth)",0.467894736842105,0.0690780141843972,18.63,0.107368421052632,0.0471666666666667,2.25,160,19,0.3307515625,0.28982265625,0,100
"mixed",80,2,TRUE,TRUE,3,5,TRUE,TRUE,"presence(logistic+depth+z)",0.45,0.0436170212765957,14.7,0.0552631578947369,0.0236666666666667,1.1,160,19,0.3307515625,0.28982265625,0,100
"mixed",80,2,TRUE,TRUE,3,5,TRUE,TRUE,"prevalence(Tobit).adj",0.583157894736842,0.0470921985815603,17.72,0.327894736842105,0.0365165945165945,6.48,160,19,0.3307515625,0.28982265625,0,100
"mixed",80,2,TRUE,TRUE,3,5,TRUE,TRUE,"prevalence(Tobit).noAdj",0.650526315789474,0.107659574468085,27.54,0.472631578947369,0.163201482341188,10.91,160,19,0.3307515625,0.28982265625,0,100
"mixed",80,2.6,FALSE,TRUE,3,5,TRUE,TRUE,"abundance(AHC-LinDA).adj",0.476842105263158,0.0535460992907801,16.61,0.380526315789474,0.0561742424242424,7.71,160,19,0.33671640625,0.2918109375,0,100
"mixed",80,2.6,FALSE,TRUE,3,5,TRUE,TRUE,"abundance(AHC-LinDA).noAdj",0.476842105263158,0.0552482269503546,16.85,0.378947368421053,0.0571259018759019,7.71,160,19,0.33671640625,0.2918109375,0,100
"mixed",80,2.6,FALSE,TRUE,3,5,TRUE,TRUE,"obsTwo.depthCov",0.885789473684211,0.0768794326241135,27.67,0.702631578947368,0.0940753690043972,15,160,19,0.33671640625,0.2918109375,0,100
"mixed",80,2.6,FALSE,TRUE,3,5,TRUE,TRUE,"obsTwo.simple",0.88421052631579,0.117304964539007,33.34,0.842631578947369,0.193566474601756,21.28,160,19,0.33671640625,0.2918109375,0,100
"mixed",80,2.6,FALSE,TRUE,3,5,TRUE,TRUE,"OMNIBUS(ACAT).adj",0.977368421052632,0.0573049645390071,26.65,0.914736842105263,0.050105209547934,18.35,160,19,0.33671640625,0.2918109375,0,100
"mixed",80,2.6,FALSE,TRUE,3,5,TRUE,TRUE,"OMNIBUS(ACAT).noAdj",0.978421052631579,0.0601418439716312,27.07,0.925263157894737,0.0559169559370798,18.68,160,19,0.33671640625,0.2918109375,0,100
"mixed",80,2.6,FALSE,TRUE,3,5,TRUE,TRUE,"OMNIBUS(Bonf-minP).adj",0.974736842105263,0.0568085106382979,26.53,0.911052631578947,0.0500298065797292,18.27,160,19,0.33671640625,0.2918109375,0,100
"mixed",80,2.6,FALSE,TRUE,3,5,TRUE,TRUE,"OMNIBUS(Bonf-minP).noAdj",0.975789473684211,0.0580141843971631,26.72,0.922631578947369,0.0539047283985365,18.58,160,19,0.33671640625,0.2918109375,0,100
"mixed",80,2.6,FALSE,TRUE,3,5,TRUE,TRUE,"oracle.prev.cov",0.538947368421053,0.0427659574468085,16.27,0.501052631578947,0.0183686868686869,9.72,160,19,0.33671640625,0.2918109375,0,100
"mixed",80,2.6,FALSE,TRUE,3,5,TRUE,TRUE,"oracle.prev.noAdj",0.537894736842105,0.0272340425531915,14.06,0.502105263157895,0.0211861471861472,9.76,160,19,0.33671640625,0.2918109375,0.98,100
"mixed",80,2.6,FALSE,TRUE,3,5,TRUE,TRUE,"pkg.ANCOMBC.cov",0.647368421052631,0.103191489361702,26.85,0.551578947368421,0.217860144729188,13.8,160,19,0.33671640625,0.2918109375,0,100
"mixed",80,2.6,FALSE,TRUE,3,5,TRUE,TRUE,"pkg.ANCOMBC.noAdj",0.643157894736842,0.100567375886525,26.4,0.549473684210526,0.20869065248477,13.56,160,19,0.33671640625,0.2918109375,0,100
"mixed",80,2.6,FALSE,TRUE,3,5,TRUE,TRUE,"pkg.DESeq2.cov",0.859473684210526,0.0387943262411347,21.8,0.737368421052631,0.0232690332543274,14.37,160,19,0.33671640625,0.2918109375,0,100
"mixed",80,2.6,FALSE,TRUE,3,5,TRUE,TRUE,"pkg.DESeq2.noAdj",0.837368421052632,0.0456737588652482,22.35,0.703157894736842,0.0375550079005961,13.93,160,19,0.33671640625,0.2918109375,0,100
"mixed",80,2.6,FALSE,TRUE,3,5,TRUE,TRUE,"pkg.edgeR.cov",0.9,0.0318439716312057,21.59,0.784736842105263,0.015015522875817,15.16,160,19,0.33671640625,0.2918109375,0,100
"mixed",80,2.6,FALSE,TRUE,3,5,TRUE,TRUE,"pkg.edgeR.noAdj",0.878421052631579,0.0412056737588652,22.5,0.752105263157895,0.0316033418765617,14.81,160,19,0.33671640625,0.2918109375,0,100
"mixed",80,2.6,FALSE,TRUE,3,5,TRUE,TRUE,"pkg.metagenomeSeq.cov",0.502105263157895,0.545106382978723,86.4,0.435789473684211,0.892282088523137,76.77,160,19,0.33671640625,0.2918109375,0,100
"mixed",80,2.6,FALSE,TRUE,3,5,TRUE,TRUE,"pkg.metagenomeSeq.noAdj",0.883157894736842,0.134326241134752,35.72,0.812631578947368,0.245816190319426,21.12,160,19,0.33671640625,0.2918109375,0,100
"mixed",80,2.6,FALSE,TRUE,3,5,TRUE,TRUE,"pkg.ZINQ.cov",0.983684210526316,0.17113475177305,42.82,0.953157894736842,0.232982911469588,25.96,160,19,0.33671640625,0.2918109375,0.1,100
"mixed",80,2.6,FALSE,TRUE,3,5,TRUE,TRUE,"pkg.ZINQ.depth",0.888421052631579,0.0787943262411348,27.99,0.676315789473684,0.0730870776969848,14.12,160,19,0.33671640625,0.2918109375,0.1,100
"mixed",80,2.6,FALSE,TRUE,3,5,TRUE,TRUE,"pkg.ZINQ.depthCov",0.893157894736842,0.085177304964539,28.98,0.693157894736842,0.0967078507820532,14.86,160,19,0.33671640625,0.2918109375,0.1,100
"mixed",80,2.6,FALSE,TRUE,3,5,TRUE,TRUE,"pkg.ZINQ.noAdjust",0.952631578947368,0.146241134751773,38.72,0.917894736842105,0.193282420073374,23.01,160,19,0.33671640625,0.2918109375,0.1,100
"mixed",80,2.6,FALSE,TRUE,3,5,TRUE,TRUE,"presence(Fisher)",0.676315789473684,0.0386524822695035,18.3,0.557368421052632,0.039713258963259,11.05,160,19,0.33671640625,0.2918109375,0.94,100
"mixed",80,2.6,FALSE,TRUE,3,5,TRUE,TRUE,"presence(logistic+depth)",0.607894736842105,0.044822695035461,17.87,0.282105263157895,0.0167424242424242,5.47,160,19,0.33671640625,0.2918109375,0,100
"mixed",80,2.6,FALSE,TRUE,3,5,TRUE,TRUE,"presence(logistic+depth+z)",0.612105263157895,0.0450354609929078,17.98,0.295789473684211,0.0165238095238095,5.73,160,19,0.33671640625,0.2918109375,0,100
"mixed",80,2.6,FALSE,TRUE,3,5,TRUE,TRUE,"prevalence(Tobit).adj",0.697894736842105,0.0581560283687943,21.46,0.600526315789474,0.0474484069851717,12.04,160,19,0.33671640625,0.2918109375,0,100
"mixed",80,2.6,FALSE,TRUE,3,5,TRUE,TRUE,"prevalence(Tobit).noAdj",0.736315789473684,0.0597163120567376,22.41,0.65,0.0494344372947314,13.04,160,19,0.33671640625,0.2918109375,0,100
"mixed",80,2.6,TRUE,TRUE,3,5,TRUE,TRUE,"abundance(AHC-LinDA).adj",0.476315789473684,0.0506382978723404,16.19,0.377894736842105,0.0526365856365856,7.65,160,19,0.3386484375,0.29340625,0,100
"mixed",80,2.6,TRUE,TRUE,3,5,TRUE,TRUE,"abundance(AHC-LinDA).noAdj",0.486842105263158,0.0981560283687943,23.09,0.379473684210526,0.165778055278055,9.15,160,19,0.3386484375,0.29340625,0,100
"mixed",80,2.6,TRUE,TRUE,3,5,TRUE,TRUE,"obsTwo.depthCov",0.861052631578947,0.0802836879432624,27.68,0.635263157894737,0.0850968965248086,13.57,160,19,0.3386484375,0.29340625,0,100
"mixed",80,2.6,TRUE,TRUE,3,5,TRUE,TRUE,"obsTwo.simple",0.878421052631579,0.219787234042553,47.68,0.839473684210526,0.430848949232337,30.81,160,19,0.3386484375,0.29340625,0,100
"mixed",80,2.6,TRUE,TRUE,3,5,TRUE,TRUE,"OMNIBUS(ACAT).adj",0.96421052631579,0.0552482269503546,26.11,0.848947368421053,0.059273547009817,17.22,160,19,0.3386484375,0.29340625,0,100
"mixed",80,2.6,TRUE,TRUE,3,5,TRUE,TRUE,"OMNIBUS(ACAT).noAdj",0.974736842105263,0.129148936170213,36.73,0.915263157894737,0.180356144254789,21.74,160,19,0.3386484375,0.29340625,0,100
"mixed",80,2.6,TRUE,TRUE,3,5,TRUE,TRUE,"OMNIBUS(Bonf-minP).adj",0.963684210526316,0.0547517730496454,26.03,0.846842105263158,0.0588227386162842,17.17,160,19,0.3386484375,0.29340625,0,100
"mixed",80,2.6,TRUE,TRUE,3,5,TRUE,TRUE,"OMNIBUS(Bonf-minP).noAdj",0.97421052631579,0.125177304964539,36.16,0.908947368421053,0.179685124960706,21.54,160,19,0.3386484375,0.29340625,0,100
"mixed",80,2.6,TRUE,TRUE,3,5,TRUE,TRUE,"oracle.prev.cov",0.529473684210526,0.0463829787234043,16.6,0.453684210526316,0.0251515151515152,8.88,160,19,0.3386484375,0.29340625,0,100
"mixed",80,2.6,TRUE,TRUE,3,5,TRUE,TRUE,"oracle.prev.noAdj",0.547894736842105,0.076241134751773,21.16,0.488947368421053,0.128340798090798,10.82,160,19,0.3386484375,0.29340625,0.76,100
"mixed",80,2.6,TRUE,TRUE,3,5,TRUE,TRUE,"pkg.ANCOMBC.cov",0.637894736842105,0.115035460992908,28.34,0.557894736842105,0.254396485181743,14.84,160,19,0.3386484375,0.29340625,0,100
"mixed",80,2.6,TRUE,TRUE,3,5,TRUE,TRUE,"pkg.ANCOMBC.noAdj",0.676315789473684,0.211914893617021,42.73,0.587368421052632,0.47042160701846,23.67,160,19,0.3386484375,0.29340625,0,100
"mixed",80,2.6,TRUE,TRUE,3,5,TRUE,TRUE,"pkg.DESeq2.cov",0.83,0.0366666666666667,20.94,0.673157894736842,0.0277458554517378,13.2,160,19,0.3386484375,0.29340625,0,100
"mixed",80,2.6,TRUE,TRUE,3,5,TRUE,TRUE,"pkg.DESeq2.noAdj",0.850526315789474,0.137517730496454,35.55,0.738947368421053,0.283334637878169,20.42,160,19,0.3386484375,0.29340625,0,100
"mixed",80,2.6,TRUE,TRUE,3,5,TRUE,TRUE,"pkg.edgeR.cov",0.873157894736842,0.0320567375886525,21.11,0.74578947368421,0.0186989454473975,14.47,160,19,0.3386484375,0.29340625,0,100
"mixed",80,2.6,TRUE,TRUE,3,5,TRUE,TRUE,"pkg.edgeR.noAdj",0.88421052631579,0.127872340425532,34.83,0.79,0.230499766475523,20.21,160,19,0.3386484375,0.29340625,0,100
"mixed",80,2.6,TRUE,TRUE,3,5,TRUE,TRUE,"pkg.metagenomeSeq.cov",0.464736842105263,0.507588652482269,80.4,0.387894736842105,0.891659978838516,67.86,160,19,0.3386484375,0.29340625,0,100
"mixed",80,2.6,TRUE,TRUE,3,5,TRUE,TRUE,"pkg.metagenomeSeq.noAdj",0.888421052631579,0.259503546099291,53.47,0.844736842105263,0.533943635321949,36.58,160,19,0.3386484375,0.29340625,0,100
"mixed",80,2.6,TRUE,TRUE,3,5,TRUE,TRUE,"pkg.ZINQ.cov",0.963684210526316,0.146950354609929,39.03,0.891052631578948,0.190163566960951,22.19,160,19,0.3386484375,0.29340625,0.22,100
"mixed",80,2.6,TRUE,TRUE,3,5,TRUE,TRUE,"pkg.ZINQ.depth",0.891578947368421,0.137730496453901,36.36,0.712105263157895,0.185117380460744,17.55,160,19,0.3386484375,0.29340625,0.22,100
"mixed",80,2.6,TRUE,TRUE,3,5,TRUE,TRUE,"pkg.ZINQ.depthCov",0.871052631578947,0.0866666666666667,28.77,0.646315789473684,0.0880657036175612,13.9,160,19,0.3386484375,0.29340625,0.22,100
"mixed",80,2.6,TRUE,TRUE,3,5,TRUE,TRUE,"pkg.ZINQ.noAdjust",0.95,0.255886524822695,54.13,0.915789473684211,0.430619890499283,33.79,160,19,0.3386484375,0.29340625,0.22,100
"mixed",80,2.6,TRUE,TRUE,3,5,TRUE,TRUE,"presence(Fisher)",0.667368421052631,0.0857446808510638,24.77,0.535263157894737,0.140676501602972,12.03,160,19,0.3386484375,0.29340625,0.8,100
"mixed",80,2.6,TRUE,TRUE,3,5,TRUE,TRUE,"presence(logistic+depth)",0.602631578947368,0.0709929078014184,21.46,0.278947368421053,0.0595611194361194,5.84,160,19,0.3386484375,0.29340625,0,100
"mixed",80,2.6,TRUE,TRUE,3,5,TRUE,TRUE,"presence(logistic+depth+z)",0.579473684210526,0.0488652482269503,17.9,0.211578947368421,0.0184126984126984,4.18,160,19,0.3386484375,0.29340625,0,100
"mixed",80,2.6,TRUE,TRUE,3,5,TRUE,TRUE,"prevalence(Tobit).adj",0.668947368421053,0.0590070921985816,21.03,0.531578947368421,0.060714514243926,10.85,160,19,0.3386484375,0.29340625,0,100
"mixed",80,2.6,TRUE,TRUE,3,5,TRUE,TRUE,"prevalence(Tobit).noAdj",0.737368421052631,0.117375886524823,30.56,0.645263157894737,0.175345268162996,15.28,160,19,0.3386484375,0.29340625,0,100
"null",160,0,FALSE,TRUE,3,5,TRUE,TRUE,"abundance(AHC-LinDA).adj",NA,0.055625,8.9,NA,0.09,0.11,160,0,0.314806640625,0.27703671875,0,100
"null",160,0,FALSE,TRUE,3,5,TRUE,TRUE,"abundance(AHC-LinDA).noAdj",NA,0.0556875,8.91,NA,0.12,0.16,160,0,0.314806640625,0.27703671875,0,100
"null",160,0,FALSE,TRUE,3,5,TRUE,TRUE,"obsTwo.depthCov",NA,0.046875,7.5,NA,0.03,0.03,160,0,0.314806640625,0.27703671875,0,100
"null",160,0,FALSE,TRUE,3,5,TRUE,TRUE,"obsTwo.simple",NA,0.0875625,14.01,NA,0.36,0.65,160,0,0.314806640625,0.27703671875,0,100
"null",160,0,FALSE,TRUE,3,5,TRUE,TRUE,"OMNIBUS(ACAT).adj",NA,0.0555,8.88,NA,0.02,0.02,160,0,0.314806640625,0.27703671875,0,100
"null",160,0,FALSE,TRUE,3,5,TRUE,TRUE,"OMNIBUS(ACAT).noAdj",NA,0.0556875,8.91,NA,0.08,0.09,160,0,0.314806640625,0.27703671875,0,100
"null",160,0,FALSE,TRUE,3,5,TRUE,TRUE,"OMNIBUS(Bonf-minP).adj",NA,0.05525,8.84,NA,0.02,0.02,160,0,0.314806640625,0.27703671875,0,100
"null",160,0,FALSE,TRUE,3,5,TRUE,TRUE,"OMNIBUS(Bonf-minP).noAdj",NA,0.055625,8.9,NA,0.08,0.09,160,0,0.314806640625,0.27703671875,0,100
"null",160,0,FALSE,TRUE,3,5,TRUE,TRUE,"oracle.prev.cov",NA,0.0466875,7.47,NA,0.01,0.01,160,0,0.314806640625,0.27703671875,0,100
"null",160,0,FALSE,TRUE,3,5,TRUE,TRUE,"oracle.prev.noAdj",NA,0.0303125,4.85,NA,0.01,0.01,160,0,0.314806640625,0.27703671875,0.39,100
"null",160,0,FALSE,TRUE,3,5,TRUE,TRUE,"pkg.ANCOMBC.cov",NA,0.11325,18.12,NA,0.7,2.22,160,0,0.314806640625,0.27703671875,0,100
"null",160,0,FALSE,TRUE,3,5,TRUE,TRUE,"pkg.ANCOMBC.noAdj",NA,0.1075,17.2,NA,0.64,1.86,160,0,0.314806640625,0.27703671875,0,100
"null",160,0,FALSE,TRUE,3,5,TRUE,TRUE,"pkg.DESeq2.cov",NA,0.0380625,6.09,NA,0.02,0.02,160,0,0.314806640625,0.27703671875,0,100
"null",160,0,FALSE,TRUE,3,5,TRUE,TRUE,"pkg.DESeq2.noAdj",NA,0.0441875,7.07,NA,0.05,0.05,160,0,0.314806640625,0.27703671875,0,100
"null",160,0,FALSE,TRUE,3,5,TRUE,TRUE,"pkg.edgeR.cov",NA,0.038875,6.22,NA,0.02,0.02,160,0,0.314806640625,0.27703671875,0,100
"null",160,0,FALSE,TRUE,3,5,TRUE,TRUE,"pkg.edgeR.noAdj",NA,0.044625,7.14,NA,0.08,0.09,160,0,0.314806640625,0.27703671875,0,100
"null",160,0,FALSE,TRUE,3,5,TRUE,TRUE,"pkg.metagenomeSeq.cov",NA,0.6671875,106.75,NA,1,101.77,160,0,0.314806640625,0.27703671875,0,100
"null",160,0,FALSE,TRUE,3,5,TRUE,TRUE,"pkg.metagenomeSeq.noAdj",NA,0.165625,26.5,NA,0.79,3.91,160,0,0.314806640625,0.27703671875,0,100
"null",160,0,FALSE,TRUE,3,5,TRUE,TRUE,"pkg.ZINQ.cov",NA,0.1018125,16.29,NA,0.34,0.5,160,0,0.314806640625,0.27703671875,0,100
"null",160,0,FALSE,TRUE,3,5,TRUE,TRUE,"pkg.ZINQ.depth",NA,0.05075,8.12,NA,0.03,0.03,160,0,0.314806640625,0.27703671875,0,100
"null",160,0,FALSE,TRUE,3,5,TRUE,TRUE,"pkg.ZINQ.depthCov",NA,0.0525625,8.41,NA,0.02,0.02,160,0,0.314806640625,0.27703671875,0,100
"null",160,0,FALSE,TRUE,3,5,TRUE,TRUE,"pkg.ZINQ.noAdjust",NA,0.0975625,15.61,NA,0.34,0.51,160,0,0.314806640625,0.27703671875,0,100
"null",160,0,FALSE,TRUE,3,5,TRUE,TRUE,"presence(Fisher)",NA,0.073625,11.78,NA,0.3,0.4,160,0,0.314806640625,0.27703671875,0.13,100
"null",160,0,FALSE,TRUE,3,5,TRUE,TRUE,"presence(logistic+depth)",NA,0.044875,7.18,NA,0,0,160,0,0.314806640625,0.27703671875,0,100
"null",160,0,FALSE,TRUE,3,5,TRUE,TRUE,"presence(logistic+depth+z)",NA,0.0469375,7.51,NA,0,0,160,0,0.314806640625,0.27703671875,0,100
"null",160,0,FALSE,TRUE,3,5,TRUE,TRUE,"prevalence(Tobit).adj",NA,0.0534375,8.55,NA,0.01,0.01,160,0,0.314806640625,0.27703671875,0,100
"null",160,0,FALSE,TRUE,3,5,TRUE,TRUE,"prevalence(Tobit).noAdj",NA,0.0545,8.72,NA,0.01,0.01,160,0,0.314806640625,0.27703671875,0,100
"null",160,0,TRUE,TRUE,3,5,TRUE,TRUE,"abundance(AHC-LinDA).adj",NA,0.056875,9.1,NA,0.1,0.11,160,0,0.3142,0.27678828125,0,100
"null",160,0,TRUE,TRUE,3,5,TRUE,TRUE,"abundance(AHC-LinDA).noAdj",NA,0.1726875,27.63,NA,0.74,5.26,160,0,0.3142,0.27678828125,0,100
"null",160,0,TRUE,TRUE,3,5,TRUE,TRUE,"obsTwo.depthCov",NA,0.0465625,7.45,NA,0.02,0.02,160,0,0.3142,0.27678828125,0,100
"null",160,0,TRUE,TRUE,3,5,TRUE,TRUE,"obsTwo.simple",NA,0.3159375,50.55,NA,0.98,23.69,160,0,0.3142,0.27678828125,0,100
"null",160,0,TRUE,TRUE,3,5,TRUE,TRUE,"OMNIBUS(ACAT).adj",NA,0.054875,8.78,NA,0.07,0.09,160,0,0.3142,0.27678828125,0,100
"null",160,0,TRUE,TRUE,3,5,TRUE,TRUE,"OMNIBUS(ACAT).noAdj",NA,0.2275625,36.41,NA,0.84,8.17,160,0,0.3142,0.27678828125,0,100
"null",160,0,TRUE,TRUE,3,5,TRUE,TRUE,"OMNIBUS(Bonf-minP).adj",NA,0.0528125,8.45,NA,0.07,0.09,160,0,0.3142,0.27678828125,0,100
"null",160,0,TRUE,TRUE,3,5,TRUE,TRUE,"OMNIBUS(Bonf-minP).noAdj",NA,0.2213125,35.41,NA,0.84,8.04,160,0,0.3142,0.27678828125,0,100
"null",160,0,TRUE,TRUE,3,5,TRUE,TRUE,"oracle.prev.cov",NA,0.046,7.36,NA,0.03,0.03,160,0,0.3142,0.27678828125,0,100
"null",160,0,TRUE,TRUE,3,5,TRUE,TRUE,"oracle.prev.noAdj",NA,0.142625,22.82,NA,0.69,3.19,160,0,0.3142,0.27678828125,0.34,100
"null",160,0,TRUE,TRUE,3,5,TRUE,TRUE,"pkg.ANCOMBC.cov",NA,0.116375,18.62,NA,0.67,2.18,160,0,0.3142,0.27678828125,0,100
"null",160,0,TRUE,TRUE,3,5,TRUE,TRUE,"pkg.ANCOMBC.noAdj",NA,0.3231875,51.71,NA,0.99,28.83,160,0,0.3142,0.27678828125,0,100
"null",160,0,TRUE,TRUE,3,5,TRUE,TRUE,"pkg.DESeq2.cov",NA,0.0366875,5.87,NA,0.02,0.02,160,0,0.3142,0.27678828125,0,100
"null",160,0,TRUE,TRUE,3,5,TRUE,TRUE,"pkg.DESeq2.noAdj",NA,0.2330625,37.29,NA,0.99,13.76,160,0,0.3142,0.27678828125,0,100
"null",160,0,TRUE,TRUE,3,5,TRUE,TRUE,"pkg.edgeR.cov",NA,0.0349375,5.59,NA,0.03,0.03,160,0,0.3142,0.27678828125,0,100
"null",160,0,TRUE,TRUE,3,5,TRUE,TRUE,"pkg.edgeR.noAdj",NA,0.231,36.96,NA,0.96,12.76,160,0,0.3142,0.27678828125,0,100
"null",160,0,TRUE,TRUE,3,5,TRUE,TRUE,"pkg.metagenomeSeq.cov",NA,0.64,102.4,NA,1,96.81,160,0,0.3142,0.27678828125,0,100
"null",160,0,TRUE,TRUE,3,5,TRUE,TRUE,"pkg.metagenomeSeq.noAdj",NA,0.3379375,54.07,NA,1,34,160,0,0.3142,0.27678828125,0,100
"null",160,0,TRUE,TRUE,3,5,TRUE,TRUE,"pkg.ZINQ.cov",NA,0.0868125,13.89,NA,0.21,0.3,160,0,0.3142,0.27678828125,0,100
"null",160,0,TRUE,TRUE,3,5,TRUE,TRUE,"pkg.ZINQ.depth",NA,0.1690625,27.05,NA,0.49,2.52,160,0,0.3142,0.27678828125,0,100
"null",160,0,TRUE,TRUE,3,5,TRUE,TRUE,"pkg.ZINQ.depthCov",NA,0.0509375,8.15,NA,0.02,0.02,160,0,0.3142,0.27678828125,0,100
"null",160,0,TRUE,TRUE,3,5,TRUE,TRUE,"pkg.ZINQ.noAdjust",NA,0.3346875,53.55,NA,0.97,24.04,160,0,0.3142,0.27678828125,0,100
"null",160,0,TRUE,TRUE,3,5,TRUE,TRUE,"presence(Fisher)",NA,0.178875,28.62,NA,0.92,6.47,160,0,0.3142,0.27678828125,0.19,100
"null",160,0,TRUE,TRUE,3,5,TRUE,TRUE,"presence(logistic+depth)",NA,0.104125,16.66,NA,0.23,0.52,160,0,0.3142,0.27678828125,0,100
"null",160,0,TRUE,TRUE,3,5,TRUE,TRUE,"presence(logistic+depth+z)",NA,0.0470625,7.53,NA,0.01,0.01,160,0,0.3142,0.27678828125,0,100
"null",160,0,TRUE,TRUE,3,5,TRUE,TRUE,"prevalence(Tobit).adj",NA,0.049875,7.98,NA,0.05,0.05,160,0,0.3142,0.27678828125,0,100
"null",160,0,TRUE,TRUE,3,5,TRUE,TRUE,"prevalence(Tobit).noAdj",NA,0.1768125,28.29,NA,0.85,4.26,160,0,0.3142,0.27678828125,0,100
"null",320,0,FALSE,TRUE,3,5,TRUE,TRUE,"abundance(AHC-LinDA).adj",NA,0.0591875,9.47,NA,0.1,0.16,160,0,0.3151509765625,0.27717109375,0,100
"null",320,0,FALSE,TRUE,3,5,TRUE,TRUE,"abundance(AHC-LinDA).noAdj",NA,0.058875,9.42,NA,0.07,0.08,160,0,0.3151509765625,0.27717109375,0,100
"null",320,0,FALSE,TRUE,3,5,TRUE,TRUE,"obsTwo.depthCov",NA,0.050625,8.1,NA,0,0,160,0,0.3151509765625,0.27717109375,0,100
"null",320,0,FALSE,TRUE,3,5,TRUE,TRUE,"obsTwo.simple",NA,0.1425625,22.81,NA,0.79,3.97,160,0,0.3151509765625,0.27717109375,0,100
"null",320,0,FALSE,TRUE,3,5,TRUE,TRUE,"OMNIBUS(ACAT).adj",NA,0.0658125,10.53,NA,0.11,0.15,160,0,0.3151509765625,0.27717109375,0,100
"null",320,0,FALSE,TRUE,3,5,TRUE,TRUE,"OMNIBUS(ACAT).noAdj",NA,0.0700625,11.21,NA,0.1,0.13,160,0,0.3151509765625,0.27717109375,0,100
"null",320,0,FALSE,TRUE,3,5,TRUE,TRUE,"OMNIBUS(Bonf-minP).adj",NA,0.06425,10.28,NA,0.11,0.15,160,0,0.3151509765625,0.27717109375,0,100
"null",320,0,FALSE,TRUE,3,5,TRUE,TRUE,"OMNIBUS(Bonf-minP).noAdj",NA,0.0689375,11.03,NA,0.1,0.13,160,0,0.3151509765625,0.27717109375,0,100
"null",320,0,FALSE,TRUE,3,5,TRUE,TRUE,"oracle.prev.cov",NA,0.048875,7.82,NA,0.01,0.01,160,0,0.3151509765625,0.27717109375,0,100
"null",320,0,FALSE,TRUE,3,5,TRUE,TRUE,"oracle.prev.noAdj",NA,0.0373125,5.97,NA,0.02,0.03,160,0,0.3151509765625,0.27717109375,0.04,100
"null",320,0,FALSE,TRUE,3,5,TRUE,TRUE,"pkg.ANCOMBC.cov",NA,0.156125,24.98,NA,0.93,6.5,160,0,0.3151509765625,0.27717109375,0,100
"null",320,0,FALSE,TRUE,3,5,TRUE,TRUE,"pkg.ANCOMBC.noAdj",NA,0.1538125,24.61,NA,0.94,6.35,160,0,0.3151509765625,0.27717109375,0,100
"null",320,0,FALSE,TRUE,3,5,TRUE,TRUE,"pkg.DESeq2.cov",NA,0.04975,7.96,NA,0.05,0.05,160,0,0.3151509765625,0.27717109375,0,100
"null",320,0,FALSE,TRUE,3,5,TRUE,TRUE,"pkg.DESeq2.noAdj",NA,0.056625,9.06,NA,0.04,0.04,160,0,0.3151509765625,0.27717109375,0,100
"null",320,0,FALSE,TRUE,3,5,TRUE,TRUE,"pkg.edgeR.cov",NA,0.052875,8.46,NA,0.04,0.04,160,0,0.3151509765625,0.27717109375,0,100
"null",320,0,FALSE,TRUE,3,5,TRUE,TRUE,"pkg.edgeR.noAdj",NA,0.061125,9.78,NA,0.05,0.06,160,0,0.3151509765625,0.27717109375,0,100
"null",320,0,FALSE,TRUE,3,5,TRUE,TRUE,"pkg.metagenomeSeq.cov",NA,0.761375,121.82,NA,1,119.51,160,0,0.3151509765625,0.27717109375,0,100
"null",320,0,FALSE,TRUE,3,5,TRUE,TRUE,"pkg.metagenomeSeq.noAdj",NA,0.2320625,37.13,NA,0.95,11.15,160,0,0.3151509765625,0.27717109375,0,100
"null",320,0,FALSE,TRUE,3,5,TRUE,TRUE,"pkg.ZINQ.cov",NA,0.1434375,22.95,NA,0.81,3.86,160,0,0.3151509765625,0.27717109375,0,100
"null",320,0,FALSE,TRUE,3,5,TRUE,TRUE,"pkg.ZINQ.depth",NA,0.0549375,8.79,NA,0.04,0.04,160,0,0.3151509765625,0.27717109375,0,100
"null",320,0,FALSE,TRUE,3,5,TRUE,TRUE,"pkg.ZINQ.depthCov",NA,0.0538125,8.61,NA,0.01,0.01,160,0,0.3151509765625,0.27717109375,0,100
"null",320,0,FALSE,TRUE,3,5,TRUE,TRUE,"pkg.ZINQ.noAdjust",NA,0.1445,23.12,NA,0.81,3.8,160,0,0.3151509765625,0.27717109375,0,100
"null",320,0,FALSE,TRUE,3,5,TRUE,TRUE,"presence(Fisher)",NA,0.121375,19.42,NA,0.72,3.01,160,0,0.3151509765625,0.27717109375,0.02,100
"null",320,0,FALSE,TRUE,3,5,TRUE,TRUE,"presence(logistic+depth)",NA,0.0470625,7.53,NA,0.01,0.01,160,0,0.3151509765625,0.27717109375,0,100
"null",320,0,FALSE,TRUE,3,5,TRUE,TRUE,"presence(logistic+depth+z)",NA,0.0496875,7.95,NA,0.02,0.02,160,0,0.3151509765625,0.27717109375,0,100
"null",320,0,FALSE,TRUE,3,5,TRUE,TRUE,"prevalence(Tobit).adj",NA,0.063875,10.22,NA,0.06,0.06,160,0,0.3151509765625,0.27717109375,0,100
"null",320,0,FALSE,TRUE,3,5,TRUE,TRUE,"prevalence(Tobit).noAdj",NA,0.0738125,11.81,NA,0.11,0.12,160,0,0.3151509765625,0.27717109375,0,100
"null",320,0,TRUE,TRUE,3,5,TRUE,TRUE,"abundance(AHC-LinDA).adj",NA,0.0580625,9.29,NA,0.08,0.18,160,0,0.314678515625,0.2767154296875,0,100
"null",320,0,TRUE,TRUE,3,5,TRUE,TRUE,"abundance(AHC-LinDA).noAdj",NA,0.264625,42.34,NA,0.97,18.69,160,0,0.314678515625,0.2767154296875,0,100
"null",320,0,TRUE,TRUE,3,5,TRUE,TRUE,"obsTwo.depthCov",NA,0.0483125,7.73,NA,0.04,0.04,160,0,0.314678515625,0.2767154296875,0,100
"null",320,0,TRUE,TRUE,3,5,TRUE,TRUE,"obsTwo.simple",NA,0.5083125,81.33,NA,1,65.64,160,0,0.314678515625,0.2767154296875,0,100
"null",320,0,TRUE,TRUE,3,5,TRUE,TRUE,"OMNIBUS(ACAT).adj",NA,0.059875,9.58,NA,0.08,0.12,160,0,0.314678515625,0.2767154296875,0,100
"null",320,0,TRUE,TRUE,3,5,TRUE,TRUE,"OMNIBUS(ACAT).noAdj",NA,0.366625,58.66,NA,1,32.51,160,0,0.314678515625,0.2767154296875,0,100
"null",320,0,TRUE,TRUE,3,5,TRUE,TRUE,"OMNIBUS(Bonf-minP).adj",NA,0.0586875,9.39,NA,0.08,0.12,160,0,0.314678515625,0.2767154296875,0,100
"null",320,0,TRUE,TRUE,3,5,TRUE,TRUE,"OMNIBUS(Bonf-minP).noAdj",NA,0.3570625,57.13,NA,1,31.29,160,0,0.314678515625,0.2767154296875,0,100
"null",320,0,TRUE,TRUE,3,5,TRUE,TRUE,"oracle.prev.cov",NA,0.0480625,7.69,NA,0,0,160,0,0.314678515625,0.2767154296875,0,100
"null",320,0,TRUE,TRUE,3,5,TRUE,TRUE,"oracle.prev.noAdj",NA,0.239625,38.34,NA,0.99,14.74,160,0,0.314678515625,0.2767154296875,0.07,100
"null",320,0,TRUE,TRUE,3,5,TRUE,TRUE,"pkg.ANCOMBC.cov",NA,0.147625,23.62,NA,0.95,6.25,160,0,0.314678515625,0.2767154296875,0,100
"null",320,0,TRUE,TRUE,3,5,TRUE,TRUE,"pkg.ANCOMBC.noAdj",NA,0.418125,66.9,NA,1,50.08,160,0,0.314678515625,0.2767154296875,0,100
"null",320,0,TRUE,TRUE,3,5,TRUE,TRUE,"pkg.DESeq2.cov",NA,0.04525,7.24,NA,0.07,0.07,160,0,0.314678515625,0.2767154296875,0,100
"null",320,0,TRUE,TRUE,3,5,TRUE,TRUE,"pkg.DESeq2.noAdj",NA,0.3460625,55.37,NA,1,36.66,160,0,0.314678515625,0.2767154296875,0,100
"null",320,0,TRUE,TRUE,3,5,TRUE,TRUE,"pkg.edgeR.cov",NA,0.0494375,7.91,NA,0.03,0.03,160,0,0.314678515625,0.2767154296875,0,100
"null",320,0,TRUE,TRUE,3,5,TRUE,TRUE,"pkg.edgeR.noAdj",NA,0.349125,55.86,NA,1,36.24,160,0,0.314678515625,0.2767154296875,0,100
"null",320,0,TRUE,TRUE,3,5,TRUE,TRUE,"pkg.metagenomeSeq.cov",NA,0.7345,117.52,NA,1,114.53,160,0,0.314678515625,0.2767154296875,0,100
"null",320,0,TRUE,TRUE,3,5,TRUE,TRUE,"pkg.metagenomeSeq.noAdj",NA,0.4541875,72.67,NA,1,58.7,160,0,0.314678515625,0.2767154296875,0,100
"null",320,0,TRUE,TRUE,3,5,TRUE,TRUE,"pkg.ZINQ.cov",NA,0.120625,19.3,NA,0.63,1.75,160,0,0.314678515625,0.2767154296875,0,100
"null",320,0,TRUE,TRUE,3,5,TRUE,TRUE,"pkg.ZINQ.depth",NA,0.278,44.48,NA,0.91,14.74,160,0,0.314678515625,0.2767154296875,0,100
"null",320,0,TRUE,TRUE,3,5,TRUE,TRUE,"pkg.ZINQ.depthCov",NA,0.0516875,8.27,NA,0.06,0.07,160,0,0.314678515625,0.2767154296875,0,100
"null",320,0,TRUE,TRUE,3,5,TRUE,TRUE,"pkg.ZINQ.noAdjust",NA,0.5099375,81.59,NA,1,64.45,160,0,0.314678515625,0.2767154296875,0,100
"null",320,0,TRUE,TRUE,3,5,TRUE,TRUE,"presence(Fisher)",NA,0.291375,46.62,NA,1,24.69,160,0,0.314678515625,0.2767154296875,0.01,100
"null",320,0,TRUE,TRUE,3,5,TRUE,TRUE,"presence(logistic+depth)",NA,0.157625,25.22,NA,0.68,2.86,160,0,0.314678515625,0.2767154296875,0,100
"null",320,0,TRUE,TRUE,3,5,TRUE,TRUE,"presence(logistic+depth+z)",NA,0.046875,7.5,NA,0.02,0.02,160,0,0.314678515625,0.2767154296875,0,100
"null",320,0,TRUE,TRUE,3,5,TRUE,TRUE,"prevalence(Tobit).adj",NA,0.06,9.6,NA,0.04,0.04,160,0,0.314678515625,0.2767154296875,0,100
"null",320,0,TRUE,TRUE,3,5,TRUE,TRUE,"prevalence(Tobit).noAdj",NA,0.2694375,43.11,NA,1,18.39,160,0,0.314678515625,0.2767154296875,0,100
"null",80,0,FALSE,TRUE,3,5,TRUE,TRUE,"abundance(AHC-LinDA).adj",NA,0.050125,8.02,NA,0.07,0.1,160,0,0.31373515625,0.27637578125,0,100
"null",80,0,FALSE,TRUE,3,5,TRUE,TRUE,"abundance(AHC-LinDA).noAdj",NA,0.051625,8.26,NA,0.06,0.07,160,0,0.31373515625,0.27637578125,0,100
"null",80,0,FALSE,TRUE,3,5,TRUE,TRUE,"obsTwo.depthCov",NA,0.044125,7.06,NA,0.02,0.02,160,0,0.31373515625,0.27637578125,0,100
"null",80,0,FALSE,TRUE,3,5,TRUE,TRUE,"obsTwo.simple",NA,0.0545625,8.73,NA,0.1,0.13,160,0,0.31373515625,0.27637578125,0,100
"null",80,0,FALSE,TRUE,3,5,TRUE,TRUE,"OMNIBUS(ACAT).adj",NA,0.0526875,8.43,NA,0.05,0.05,160,0,0.31373515625,0.27637578125,0,100
"null",80,0,FALSE,TRUE,3,5,TRUE,TRUE,"OMNIBUS(ACAT).noAdj",NA,0.053,8.48,NA,0.06,0.07,160,0,0.31373515625,0.27637578125,0,100
"null",80,0,FALSE,TRUE,3,5,TRUE,TRUE,"OMNIBUS(Bonf-minP).adj",NA,0.0506875,8.11,NA,0.05,0.05,160,0,0.31373515625,0.27637578125,0,100
"null",80,0,FALSE,TRUE,3,5,TRUE,TRUE,"OMNIBUS(Bonf-minP).noAdj",NA,0.05175,8.28,NA,0.06,0.07,160,0,0.31373515625,0.27637578125,0,100
"null",80,0,FALSE,TRUE,3,5,TRUE,TRUE,"oracle.prev.cov",NA,0.04175,6.68,NA,0,0,160,0,0.31373515625,0.27637578125,0,100
"null",80,0,FALSE,TRUE,3,5,TRUE,TRUE,"oracle.prev.noAdj",NA,0.0250625,4.01,NA,0.02,0.02,160,0,0.31373515625,0.27637578125,1.13,100
"null",80,0,FALSE,TRUE,3,5,TRUE,TRUE,"pkg.ANCOMBC.cov",NA,0.1018125,16.29,NA,0.44,1.14,160,0,0.31373515625,0.27637578125,0,100
"null",80,0,FALSE,TRUE,3,5,TRUE,TRUE,"pkg.ANCOMBC.noAdj",NA,0.1010625,16.17,NA,0.41,1.08,160,0,0.31373515625,0.27637578125,0,100
"null",80,0,FALSE,TRUE,3,5,TRUE,TRUE,"pkg.DESeq2.cov",NA,0.0390625,6.25,NA,0.05,0.05,160,0,0.31373515625,0.27637578125,0,100
"null",80,0,FALSE,TRUE,3,5,TRUE,TRUE,"pkg.DESeq2.noAdj",NA,0.042875,6.86,NA,0.05,0.05,160,0,0.31373515625,0.27637578125,0,100
"null",80,0,FALSE,TRUE,3,5,TRUE,TRUE,"pkg.edgeR.cov",NA,0.035125,5.62,NA,0.02,0.02,160,0,0.31373515625,0.27637578125,0,100
"null",80,0,FALSE,TRUE,3,5,TRUE,TRUE,"pkg.edgeR.noAdj",NA,0.041125,6.58,NA,0.02,0.02,160,0,0.31373515625,0.27637578125,0,100
"null",80,0,FALSE,TRUE,3,5,TRUE,TRUE,"pkg.metagenomeSeq.cov",NA,0.5505625,88.09,NA,1,78.76,160,0,0.31373515625,0.27637578125,0,100
"null",80,0,FALSE,TRUE,3,5,TRUE,TRUE,"pkg.metagenomeSeq.noAdj",NA,0.1335,21.36,NA,0.65,2.17,160,0,0.31373515625,0.27637578125,0,100
"null",80,0,FALSE,TRUE,3,5,TRUE,TRUE,"pkg.ZINQ.cov",NA,0.0775625,12.41,NA,0.09,0.14,160,0,0.31373515625,0.27637578125,0,100
"null",80,0,FALSE,TRUE,3,5,TRUE,TRUE,"pkg.ZINQ.depth",NA,0.049,7.84,NA,0.05,0.05,160,0,0.31373515625,0.27637578125,0,100
"null",80,0,FALSE,TRUE,3,5,TRUE,TRUE,"pkg.ZINQ.depthCov",NA,0.050375,8.06,NA,0.04,0.04,160,0,0.31373515625,0.27637578125,0,100
"null",80,0,FALSE,TRUE,3,5,TRUE,TRUE,"pkg.ZINQ.noAdjust",NA,0.0718125,11.49,NA,0.09,0.12,160,0,0.31373515625,0.27637578125,0,100
"null",80,0,FALSE,TRUE,3,5,TRUE,TRUE,"presence(Fisher)",NA,0.0470625,7.53,NA,0.07,0.08,160,0,0.31373515625,0.27637578125,0.96,100
"null",80,0,FALSE,TRUE,3,5,TRUE,TRUE,"presence(logistic+depth)",NA,0.0434375,6.95,NA,0,0,160,0,0.31373515625,0.27637578125,0,100
"null",80,0,FALSE,TRUE,3,5,TRUE,TRUE,"presence(logistic+depth+z)",NA,0.043375,6.94,NA,0,0,160,0,0.31373515625,0.27637578125,0,100
"null",80,0,FALSE,TRUE,3,5,TRUE,TRUE,"prevalence(Tobit).adj",NA,0.053625,8.58,NA,0.01,0.01,160,0,0.31373515625,0.27637578125,0,100
"null",80,0,FALSE,TRUE,3,5,TRUE,TRUE,"prevalence(Tobit).noAdj",NA,0.052875,8.46,NA,0.01,0.01,160,0,0.31373515625,0.27637578125,0,100
"null",80,0,TRUE,TRUE,3,5,TRUE,TRUE,"abundance(AHC-LinDA).adj",NA,0.0505625,8.09,NA,0.1,0.11,160,0,0.31584296875,0.27791875,0,100
"null",80,0,TRUE,TRUE,3,5,TRUE,TRUE,"abundance(AHC-LinDA).noAdj",NA,0.113125,18.1,NA,0.39,1.37,160,0,0.31584296875,0.27791875,0,100
"null",80,0,TRUE,TRUE,3,5,TRUE,TRUE,"obsTwo.depthCov",NA,0.045625,7.3,NA,0.02,0.02,160,0,0.31584296875,0.27791875,0,100
"null",80,0,TRUE,TRUE,3,5,TRUE,TRUE,"obsTwo.simple",NA,0.149125,23.86,NA,0.58,2.61,160,0,0.31584296875,0.27791875,0,100
"null",80,0,TRUE,TRUE,3,5,TRUE,TRUE,"OMNIBUS(ACAT).adj",NA,0.0509375,8.15,NA,0.04,0.04,160,0,0.31584296875,0.27791875,0,100
"null",80,0,TRUE,TRUE,3,5,TRUE,TRUE,"OMNIBUS(ACAT).noAdj",NA,0.1268125,20.29,NA,0.42,1.32,160,0,0.31584296875,0.27791875,0,100
"null",80,0,TRUE,TRUE,3,5,TRUE,TRUE,"OMNIBUS(Bonf-minP).adj",NA,0.050625,8.1,NA,0.04,0.04,160,0,0.31584296875,0.27791875,0,100
"null",80,0,TRUE,TRUE,3,5,TRUE,TRUE,"OMNIBUS(Bonf-minP).noAdj",NA,0.12325,19.72,NA,0.42,1.32,160,0,0.31584296875,0.27791875,0,100
"null",80,0,TRUE,TRUE,3,5,TRUE,TRUE,"oracle.prev.cov",NA,0.044375,7.1,NA,0,0,160,0,0.31584296875,0.27791875,0,100
"null",80,0,TRUE,TRUE,3,5,TRUE,TRUE,"oracle.prev.noAdj",NA,0.0723125,11.57,NA,0.23,0.38,160,0,0.31584296875,0.27791875,0.96,100
"null",80,0,TRUE,TRUE,3,5,TRUE,TRUE,"pkg.ANCOMBC.cov",NA,0.1174375,18.79,NA,0.63,1.79,160,0,0.31584296875,0.27791875,0,100
"null",80,0,TRUE,TRUE,3,5,TRUE,TRUE,"pkg.ANCOMBC.noAdj",NA,0.2215625,35.45,NA,0.95,10.5,160,0,0.31584296875,0.27791875,0,100
"null",80,0,TRUE,TRUE,3,5,TRUE,TRUE,"pkg.DESeq2.cov",NA,0.0348125,5.57,NA,0.01,0.01,160,0,0.31584296875,0.27791875,0,100
"null",80,0,TRUE,TRUE,3,5,TRUE,TRUE,"pkg.DESeq2.noAdj",NA,0.1355,21.68,NA,0.64,2.69,160,0,0.31584296875,0.27791875,0,100
"null",80,0,TRUE,TRUE,3,5,TRUE,TRUE,"pkg.edgeR.cov",NA,0.032125,5.14,NA,0.07,0.07,160,0,0.31584296875,0.27791875,0,100
"null",80,0,TRUE,TRUE,3,5,TRUE,TRUE,"pkg.edgeR.noAdj",NA,0.130125,20.82,NA,0.56,2.06,160,0,0.31584296875,0.27791875,0,100
"null",80,0,TRUE,TRUE,3,5,TRUE,TRUE,"pkg.metagenomeSeq.cov",NA,0.5160625,82.57,NA,1,71.55,160,0,0.31584296875,0.27791875,0,100
"null",80,0,TRUE,TRUE,3,5,TRUE,TRUE,"pkg.metagenomeSeq.noAdj",NA,0.237625,38.02,NA,0.92,14.52,160,0,0.31584296875,0.27791875,0,100
"null",80,0,TRUE,TRUE,3,5,TRUE,TRUE,"pkg.ZINQ.cov",NA,0.0720625,11.53,NA,0.08,0.08,160,0,0.31584296875,0.27791875,0,100
"null",80,0,TRUE,TRUE,3,5,TRUE,TRUE,"pkg.ZINQ.depth",NA,0.10675,17.08,NA,0.17,0.24,160,0,0.31584296875,0.27791875,0,100
"null",80,0,TRUE,TRUE,3,5,TRUE,TRUE,"pkg.ZINQ.depthCov",NA,0.053625,8.58,NA,0.04,0.06,160,0,0.31584296875,0.27791875,0,100
"null",80,0,TRUE,TRUE,3,5,TRUE,TRUE,"pkg.ZINQ.noAdjust",NA,0.1833125,29.33,NA,0.61,2.67,160,0,0.31584296875,0.27791875,0,100
"null",80,0,TRUE,TRUE,3,5,TRUE,TRUE,"presence(Fisher)",NA,0.0935,14.96,NA,0.42,0.89,160,0,0.31584296875,0.27791875,0.86,100
"null",80,0,TRUE,TRUE,3,5,TRUE,TRUE,"presence(logistic+depth)",NA,0.073875,11.82,NA,0.02,0.02,160,0,0.31584296875,0.27791875,0,100
"null",80,0,TRUE,TRUE,3,5,TRUE,TRUE,"presence(logistic+depth+z)",NA,0.0465,7.44,NA,0,0,160,0,0.31584296875,0.27791875,0,100
"null",80,0,TRUE,TRUE,3,5,TRUE,TRUE,"prevalence(Tobit).adj",NA,0.0491875,7.87,NA,0.02,0.02,160,0,0.31584296875,0.27791875,0,100
"null",80,0,TRUE,TRUE,3,5,TRUE,TRUE,"prevalence(Tobit).noAdj",NA,0.1055625,16.89,NA,0.34,0.61,160,0,0.31584296875,0.27791875,0,100
"prevalence",160,0.8,FALSE,TRUE,3,5,TRUE,TRUE,"abundance(AHC-LinDA).adj",0.0705263157894737,0.064468085106383,10.43,0.00210526315789474,0.116666666666667,0.21,160,19,0.32465546875,0.28741328125,0,100
"prevalence",160,0.8,FALSE,TRUE,3,5,TRUE,TRUE,"abundance(AHC-LinDA).noAdj",0.0721052631578947,0.0645390070921986,10.47,0.00263157894736842,0.105,0.2,160,19,0.32465546875,0.28741328125,0,100
"prevalence",160,0.8,FALSE,TRUE,3,5,TRUE,TRUE,"obsTwo.depthCov",0.228421052631579,0.0524822695035461,11.74,0.00631578947368421,0.02,0.14,160,19,0.32465546875,0.28741328125,0,100
"prevalence",160,0.8,FALSE,TRUE,3,5,TRUE,TRUE,"obsTwo.simple",0.287368421052632,0.0865957446808511,17.67,0.0310526315789474,0.2345,1.17,160,19,0.32465546875,0.28741328125,0,100
"prevalence",160,0.8,FALSE,TRUE,3,5,TRUE,TRUE,"OMNIBUS(ACAT).adj",0.48,0.0588652482269504,17.42,0.068421052631579,0.063952380952381,1.52,160,19,0.32465546875,0.28741328125,0,100
"prevalence",160,0.8,FALSE,TRUE,3,5,TRUE,TRUE,"OMNIBUS(ACAT).noAdj",0.466842105263158,0.0587943262411348,17.16,0.0647368421052632,0.0681428571428571,1.49,160,19,0.32465546875,0.28741328125,0,100
"prevalence",160,0.8,FALSE,TRUE,3,5,TRUE,TRUE,"OMNIBUS(Bonf-minP).adj",0.474210526315789,0.0584397163120567,17.25,0.068421052631579,0.063952380952381,1.52,160,19,0.32465546875,0.28741328125,0,100
"prevalence",160,0.8,FALSE,TRUE,3,5,TRUE,TRUE,"OMNIBUS(Bonf-minP).noAdj",0.465789473684211,0.0568085106382979,16.86,0.0636842105263158,0.0692142857142857,1.48,160,19,0.32465546875,0.28741328125,0,100
"prevalence",160,0.8,FALSE,TRUE,3,5,TRUE,TRUE,"oracle.prev.cov",0.586315789473684,0.0453191489361702,17.53,0.125789473684211,0.0235476190476191,2.51,160,19,0.32465546875,0.28741328125,0,100
"prevalence",160,0.8,FALSE,TRUE,3,5,TRUE,TRUE,"oracle.prev.noAdj",0.520526315789474,0.0287234042553192,13.94,0.0931578947368421,0.0198888888888889,1.87,160,19,0.32465546875,0.28741328125,0.42,100
"prevalence",160,0.8,FALSE,TRUE,3,5,TRUE,TRUE,"pkg.ANCOMBC.cov",0.150526315789474,0.114964539007092,19.07,0.0205263157894737,0.660337301587302,2.83,160,19,0.32465546875,0.28741328125,0,100
"prevalence",160,0.8,FALSE,TRUE,3,5,TRUE,TRUE,"pkg.ANCOMBC.noAdj",0.156315789473684,0.116595744680851,19.41,0.02,0.61938455988456,2.78,160,19,0.32465546875,0.28741328125,0,100
"prevalence",160,0.8,FALSE,TRUE,3,5,TRUE,TRUE,"pkg.DESeq2.cov",0.0868421052631579,0.0427659574468085,7.68,0.00157894736842105,0.07,0.12,160,19,0.32465546875,0.28741328125,0,100
"prevalence",160,0.8,FALSE,TRUE,3,5,TRUE,TRUE,"pkg.DESeq2.noAdj",0.0810526315789474,0.0460283687943262,8.03,0.000526315789473684,0.05,0.08,160,19,0.32465546875,0.28741328125,0,100
"prevalence",160,0.8,FALSE,TRUE,3,5,TRUE,TRUE,"pkg.edgeR.cov",0.110526315789474,0.0405673758865248,7.82,0.00421052631578947,0.06,0.16,160,19,0.32465546875,0.28741328125,0,100
"prevalence",160,0.8,FALSE,TRUE,3,5,TRUE,TRUE,"pkg.edgeR.noAdj",0.105263157894737,0.0441843971631206,8.23,0.0031578947368421,0.07,0.14,160,19,0.32465546875,0.28741328125,0,100
"prevalence",160,0.8,FALSE,TRUE,3,5,TRUE,TRUE,"pkg.metagenomeSeq.cov",0.673157894736842,0.668368794326241,107.03,0.647894736842105,0.87930369643038,101.99,160,19,0.32465546875,0.28741328125,0,100
"prevalence",160,0.8,FALSE,TRUE,3,5,TRUE,TRUE,"pkg.metagenomeSeq.noAdj",0.199473684210526,0.185815602836879,29.99,0.0473684210526316,0.779547953680307,6.26,160,19,0.32465546875,0.28741328125,0,100
"prevalence",160,0.8,FALSE,TRUE,3,5,TRUE,TRUE,"pkg.ZINQ.cov",0.328421052631579,0.0980141843971632,20.06,0.0389473684210526,0.219261904761905,1.39,160,19,0.32465546875,0.28741328125,0,100
"prevalence",160,0.8,FALSE,TRUE,3,5,TRUE,TRUE,"pkg.ZINQ.depth",0.205263157894737,0.0530496453900709,11.38,0.00842105263157895,0.0175,0.19,160,19,0.32465546875,0.28741328125,0,100
"prevalence",160,0.8,FALSE,TRUE,3,5,TRUE,TRUE,"pkg.ZINQ.depthCov",0.21,0.0580141843971631,12.17,0.00842105263157894,0.005,0.17,160,19,0.32465546875,0.28741328125,0,100
"prevalence",160,0.8,FALSE,TRUE,3,5,TRUE,TRUE,"pkg.ZINQ.noAdjust",0.313684210526316,0.0949645390070922,19.35,0.0384210526315789,0.231714285714286,1.36,160,19,0.32465546875,0.28741328125,0,100
"prevalence",160,0.8,FALSE,TRUE,3,5,TRUE,TRUE,"presence(Fisher)",0.346315789473684,0.0745390070921986,17.09,0.0452631578947368,0.22547619047619,1.44,160,19,0.32465546875,0.28741328125,0.13,100
"prevalence",160,0.8,FALSE,TRUE,3,5,TRUE,TRUE,"presence(logistic+depth)",0.292631578947369,0.0478014184397163,12.3,0.01,0.01,0.2,160,19,0.32465546875,0.28741328125,0,100
"prevalence",160,0.8,FALSE,TRUE,3,5,TRUE,TRUE,"presence(logistic+depth+z)",0.298421052631579,0.0497163120567376,12.68,0.00947368421052632,0.01,0.19,160,19,0.32465546875,0.28741328125,0,100
"prevalence",160,0.8,FALSE,TRUE,3,5,TRUE,TRUE,"prevalence(Tobit).adj",0.561052631578947,0.0537588652482269,18.24,0.114736842105263,0.0389209956709957,2.34,160,19,0.32465546875,0.28741328125,0,100
"prevalence",160,0.8,FALSE,TRUE,3,5,TRUE,TRUE,"prevalence(Tobit).noAdj",0.559473684210526,0.0523404255319149,18.01,0.109473684210526,0.0379523809523809,2.27,160,19,0.32465546875,0.28741328125,0,100
"prevalence",160,0.8,TRUE,TRUE,3,5,TRUE,TRUE,"abundance(AHC-LinDA).adj",0.0647368421052632,0.0563829787234043,9.18,0.00105263157894737,0.1,0.16,160,19,0.321364453125,0.284729296875,0,100
"prevalence",160,0.8,TRUE,TRUE,3,5,TRUE,TRUE,"abundance(AHC-LinDA).noAdj",0.165789473684211,0.170567375886525,27.2,0.0357894736842105,0.643810630474953,5.14,160,19,0.321364453125,0.284729296875,0,100
"prevalence",160,0.8,TRUE,TRUE,3,5,TRUE,TRUE,"obsTwo.depthCov",0.207368421052632,0.0492198581560284,10.88,0.00736842105263158,0.005,0.16,160,19,0.321364453125,0.284729296875,0,100
"prevalence",160,0.8,TRUE,TRUE,3,5,TRUE,TRUE,"obsTwo.simple",0.460526315789474,0.285460992907801,49,0.238947368421053,0.75168318512252,21.85,160,19,0.321364453125,0.284729296875,0,100
"prevalence",160,0.8,TRUE,TRUE,3,5,TRUE,TRUE,"OMNIBUS(ACAT).adj",0.4,0.055177304964539,15.38,0.0389473684210526,0.0927619047619048,0.92,160,19,0.321364453125,0.284729296875,0,100
"prevalence",160,0.8,TRUE,TRUE,3,5,TRUE,TRUE,"OMNIBUS(ACAT).noAdj",0.521052631578947,0.207872340425532,39.21,0.254736842105263,0.520189553542357,12.63,160,19,0.321364453125,0.284729296875,0,100
"prevalence",160,0.8,TRUE,TRUE,3,5,TRUE,TRUE,"OMNIBUS(Bonf-minP).adj",0.401052631578947,0.0539007092198582,15.22,0.038421052631579,0.0927619047619048,0.91,160,19,0.321364453125,0.284729296875,0,100
"prevalence",160,0.8,TRUE,TRUE,3,5,TRUE,TRUE,"OMNIBUS(Bonf-minP).noAdj",0.51,0.202340425531915,38.22,0.250526315789474,0.509915540928488,12.36,160,19,0.321364453125,0.284729296875,0,100
"prevalence",160,0.8,TRUE,TRUE,3,5,TRUE,TRUE,"oracle.prev.cov",0.514736842105263,0.0487943262411348,16.66,0.0678947368421053,0.0175,1.34,160,19,0.321364453125,0.284729296875,0,100
"prevalence",160,0.8,TRUE,TRUE,3,5,TRUE,TRUE,"oracle.prev.noAdj",0.518421052631579,0.124964539007092,27.47,0.238947368421053,0.350799127343245,8.04,160,19,0.321364453125,0.284729296875,0.35,100
"prevalence",160,0.8,TRUE,TRUE,3,5,TRUE,TRUE,"pkg.ANCOMBC.cov",0.158947368421053,0.124113475177305,20.52,0.0278947368421053,0.679322039072039,3.66,160,19,0.321364453125,0.284729296875,0,100
"prevalence",160,0.8,TRUE,TRUE,3,5,TRUE,TRUE,"pkg.ANCOMBC.noAdj",0.312631578947368,0.306170212765957,49.11,0.171052631578947,0.869212334100465,26.34,160,19,0.321364453125,0.284729296875,0,100
"prevalence",160,0.8,TRUE,TRUE,3,5,TRUE,TRUE,"pkg.DESeq2.cov",0.0863157894736842,0.0433333333333333,7.75,0,0.02,0.02,160,19,0.321364453125,0.284729296875,0,100
"prevalence",160,0.8,TRUE,TRUE,3,5,TRUE,TRUE,"pkg.DESeq2.noAdj",0.23,0.21645390070922,34.89,0.0757894736842105,0.837459596095679,11.76,160,19,0.321364453125,0.284729296875,0,100
"prevalence",160,0.8,TRUE,TRUE,3,5,TRUE,TRUE,"pkg.edgeR.cov",0.0968421052631579,0.0398581560283688,7.46,0.00263157894736842,0.02,0.07,160,19,0.321364453125,0.284729296875,0,100
"prevalence",160,0.8,TRUE,TRUE,3,5,TRUE,TRUE,"pkg.edgeR.noAdj",0.257894736842105,0.210780141843972,34.62,0.08,0.806044941936661,10.34,160,19,0.321364453125,0.284729296875,0,100
"prevalence",160,0.8,TRUE,TRUE,3,5,TRUE,TRUE,"pkg.metagenomeSeq.cov",0.632631578947368,0.640070921985816,102.27,0.588947368421053,0.883893472896895,96.29,160,19,0.321364453125,0.284729296875,0,100
"prevalence",160,0.8,TRUE,TRUE,3,5,TRUE,TRUE,"pkg.metagenomeSeq.noAdj",0.326842105263158,0.335602836879433,53.53,0.203157894736842,0.881850349294938,33.23,160,19,0.321364453125,0.284729296875,0,100
"prevalence",160,0.8,TRUE,TRUE,3,5,TRUE,TRUE,"pkg.ZINQ.cov",0.290526315789474,0.0866666666666667,17.74,0.0252631578947368,0.253166666666667,0.99,160,19,0.321364453125,0.284729296875,0,100
"prevalence",160,0.8,TRUE,TRUE,3,5,TRUE,TRUE,"pkg.ZINQ.depth",0.29421052631579,0.160780141843972,28.26,0.0542105263157895,0.326087535014006,2.85,160,19,0.321364453125,0.284729296875,0,100
"prevalence",160,0.8,TRUE,TRUE,3,5,TRUE,TRUE,"pkg.ZINQ.depthCov",0.191578947368421,0.0515602836879433,10.91,0.0121052631578947,0.035,0.28,160,19,0.321364453125,0.284729296875,0,100
"prevalence",160,0.8,TRUE,TRUE,3,5,TRUE,TRUE,"pkg.ZINQ.noAdjust",0.469473684210526,0.304893617021277,51.91,0.241578947368421,0.749510466201742,22.09,160,19,0.321364453125,0.284729296875,0,100
"prevalence",160,0.8,TRUE,TRUE,3,5,TRUE,TRUE,"presence(Fisher)",0.383157894736842,0.160212765957447,29.87,0.171052631578947,0.568600651498484,8.94,160,19,0.321364453125,0.284729296875,0.17,100
"prevalence",160,0.8,TRUE,TRUE,3,5,TRUE,TRUE,"presence(logistic+depth)",0.323157894736842,0.0976595744680851,19.91,0.0447368421052632,0.153916666666667,1.29,160,19,0.321364453125,0.284729296875,0,100
"prevalence",160,0.8,TRUE,TRUE,3,5,TRUE,TRUE,"presence(logistic+depth+z)",0.281052631578947,0.0490780141843972,12.26,0.0136842105263158,0.0233333333333333,0.29,160,19,0.321364453125,0.284729296875,0,100
"prevalence",160,0.8,TRUE,TRUE,3,5,TRUE,TRUE,"prevalence(Tobit).adj",0.492631578947368,0.0527659574468085,16.8,0.0652631578947369,0.0387619047619048,1.34,160,19,0.321364453125,0.284729296875,0,100
"prevalence",160,0.8,TRUE,TRUE,3,5,TRUE,TRUE,"prevalence(Tobit).noAdj",0.542631578947368,0.157872340425532,32.57,0.256315789473684,0.385547004714524,9.11,160,19,0.321364453125,0.284729296875,0,100
"prevalence",160,1.2,FALSE,TRUE,3,5,TRUE,TRUE,"abundance(AHC-LinDA).adj",0.0768421052631579,0.0570921985815603,9.51,0.00210526315789474,0.0766666666666667,0.13,160,19,0.3281390625,0.29123203125,0,100
"prevalence",160,1.2,FALSE,TRUE,3,5,TRUE,TRUE,"abundance(AHC-LinDA).noAdj",0.0726315789473684,0.0563120567375887,9.32,0.00157894736842105,0.10875,0.2,160,19,0.3281390625,0.29123203125,0,100
"prevalence",160,1.2,FALSE,TRUE,3,5,TRUE,TRUE,"obsTwo.depthCov",0.512631578947368,0.0535460992907801,17.29,0.0636842105263158,0.0408333333333333,1.29,160,19,0.3281390625,0.29123203125,0,100
"prevalence",160,1.2,FALSE,TRUE,3,5,TRUE,TRUE,"obsTwo.simple",0.644736842105263,0.0887943262411348,24.77,0.297894736842105,0.18618623043623,7.15,160,19,0.3281390625,0.29123203125,0,100
"prevalence",160,1.2,FALSE,TRUE,3,5,TRUE,TRUE,"OMNIBUS(ACAT).adj",0.826315789473684,0.0550354609929078,23.46,0.512105263157895,0.0541466948084595,10.36,160,19,0.3281390625,0.29123203125,0,100
"prevalence",160,1.2,FALSE,TRUE,3,5,TRUE,TRUE,"OMNIBUS(ACAT).noAdj",0.816315789473684,0.0541843971631206,23.15,0.495263157894737,0.0546189643689644,10.11,160,19,0.3281390625,0.29123203125,0,100
"prevalence",160,1.2,FALSE,TRUE,3,5,TRUE,TRUE,"OMNIBUS(Bonf-minP).adj",0.831052631578947,0.055531914893617,23.62,0.513157894736842,0.0540990757608405,10.38,160,19,0.3281390625,0.29123203125,0,100
"prevalence",160,1.2,FALSE,TRUE,3,5,TRUE,TRUE,"OMNIBUS(Bonf-minP).noAdj",0.82,0.0535460992907801,23.13,0.494210526315789,0.0537056554556555,10.07,160,19,0.3281390625,0.29123203125,0,100
"prevalence",160,1.2,FALSE,TRUE,3,5,TRUE,TRUE,"oracle.prev.cov",0.911578947368421,0.0468085106382979,23.92,0.672105263157895,0.0326333629390905,13.25,160,19,0.3281390625,0.29123203125,0,100
"prevalence",160,1.2,FALSE,TRUE,3,5,TRUE,TRUE,"oracle.prev.noAdj",0.873157894736842,0.0316312056737589,21.05,0.611052631578947,0.0224366173042644,11.92,160,19,0.3281390625,0.29123203125,0.38,100
"prevalence",160,1.2,FALSE,TRUE,3,5,TRUE,TRUE,"pkg.ANCOMBC.cov",0.178421052631579,0.121205673758865,20.48,0.0315789473684211,0.571573972810815,3.2,160,19,0.3281390625,0.29123203125,0,100
"prevalence",160,1.2,FALSE,TRUE,3,5,TRUE,TRUE,"pkg.ANCOMBC.noAdj",0.18,0.124113475177305,20.92,0.0257894736842105,0.576494366744367,2.96,160,19,0.3281390625,0.29123203125,0,100
"prevalence",160,1.2,FALSE,TRUE,3,5,TRUE,TRUE,"pkg.DESeq2.cov",0.233157894736842,0.0449645390070922,10.77,0.00789473684210526,0.08,0.23,160,19,0.3281390625,0.29123203125,0,100
"prevalence",160,1.2,FALSE,TRUE,3,5,TRUE,TRUE,"pkg.DESeq2.noAdj",0.200526315789474,0.0520567375886525,11.15,0.00736842105263158,0.0616666666666667,0.23,160,19,0.3281390625,0.29123203125,0,100
"prevalence",160,1.2,FALSE,TRUE,3,5,TRUE,TRUE,"pkg.edgeR.cov",0.29,0.0398581560283688,11.13,0.0347368421052631,0.0375,0.72,160,19,0.3281390625,0.29123203125,0,100
"prevalence",160,1.2,FALSE,TRUE,3,5,TRUE,TRUE,"pkg.edgeR.noAdj",0.266842105263158,0.0482269503546099,11.87,0.0310526315789474,0.043,0.68,160,19,0.3281390625,0.29123203125,0,100
"prevalence",160,1.2,FALSE,TRUE,3,5,TRUE,TRUE,"pkg.metagenomeSeq.cov",0.682105263157895,0.66886524822695,107.27,0.654210526315789,0.879003977605181,102.66,160,19,0.3281390625,0.29123203125,0,100
"prevalence",160,1.2,FALSE,TRUE,3,5,TRUE,TRUE,"pkg.metagenomeSeq.noAdj",0.275263157894737,0.206312056737589,34.32,0.109473684210526,0.709143798770515,8.78,160,19,0.3281390625,0.29123203125,0,100
"prevalence",160,1.2,FALSE,TRUE,3,5,TRUE,TRUE,"pkg.ZINQ.cov",0.681052631578947,0.102269503546099,27.36,0.359473684210526,0.210641897318368,8.95,160,19,0.3281390625,0.29123203125,0,100
"prevalence",160,1.2,FALSE,TRUE,3,5,TRUE,TRUE,"pkg.ZINQ.depth",0.482105263157895,0.0568794326241135,17.18,0.0763157894736842,0.0536515151515152,1.58,160,19,0.3281390625,0.29123203125,0,100
"prevalence",160,1.2,FALSE,TRUE,3,5,TRUE,TRUE,"pkg.ZINQ.depthCov",0.490526315789474,0.0562411347517731,17.25,0.0878947368421053,0.0521904761904762,1.83,160,19,0.3281390625,0.29123203125,0,100
"prevalence",160,1.2,FALSE,TRUE,3,5,TRUE,TRUE,"pkg.ZINQ.noAdjust",0.67578947368421,0.102836879432624,27.34,0.338947368421053,0.201927155446892,8.29,160,19,0.3281390625,0.29123203125,0,100
"prevalence",160,1.2,FALSE,TRUE,3,5,TRUE,TRUE,"presence(Fisher)",0.706315789473684,0.0812056737588652,24.87,0.386842105263158,0.16455840891135,8.95,160,19,0.3281390625,0.29123203125,0.14,100
"prevalence",160,1.2,FALSE,TRUE,3,5,TRUE,TRUE,"presence(logistic+depth)",0.576842105263158,0.0477304964539007,17.69,0.103684210526316,0.0320833333333333,2.07,160,19,0.3281390625,0.29123203125,0,100
"prevalence",160,1.2,FALSE,TRUE,3,5,TRUE,TRUE,"presence(logistic+depth+z)",0.601052631578947,0.0495744680851064,18.41,0.121052631578947,0.0392063492063492,2.42,160,19,0.3281390625,0.29123203125,0,100
"prevalence",160,1.2,FALSE,TRUE,3,5,TRUE,TRUE,"prevalence(Tobit).adj",0.886315789473684,0.051418439716312,24.09,0.611578947368421,0.0459158551716601,12.25,160,19,0.3281390625,0.29123203125,0,100
"prevalence",160,1.2,FALSE,TRUE,3,5,TRUE,TRUE,"prevalence(Tobit).noAdj",0.875789473684211,0.0527659574468085,24.08,0.600526315789474,0.0479587973086425,12.07,160,19,0.3281390625,0.29123203125,0,100
"prevalence",160,1.2,TRUE,TRUE,3,5,TRUE,TRUE,"abundance(AHC-LinDA).adj",0.0731578947368421,0.0545390070921986,9.08,0.00263157894736842,0.085,0.15,160,19,0.329921484375,0.29318671875,0,100
"prevalence",160,1.2,TRUE,TRUE,3,5,TRUE,TRUE,"abundance(AHC-LinDA).noAdj",0.174736842105263,0.18354609929078,29.2,0.0357894736842105,0.711472874210618,7.18,160,19,0.329921484375,0.29318671875,0,100
"prevalence",160,1.2,TRUE,TRUE,3,5,TRUE,TRUE,"obsTwo.depthCov",0.478421052631579,0.0519858156028369,16.42,0.0573684210526316,0.041,1.25,160,19,0.329921484375,0.29318671875,0,100
"prevalence",160,1.2,TRUE,TRUE,3,5,TRUE,TRUE,"obsTwo.simple",0.703157894736842,0.29936170212766,55.57,0.524210526315789,0.65729026616408,31.93,160,19,0.329921484375,0.29318671875,0,100
"prevalence",160,1.2,TRUE,TRUE,3,5,TRUE,TRUE,"OMNIBUS(ACAT).adj",0.750526315789474,0.0539716312056738,21.87,0.37,0.0663207625707626,7.65,160,19,0.329921484375,0.29318671875,0,100
"prevalence",160,1.2,TRUE,TRUE,3,5,TRUE,TRUE,"OMNIBUS(ACAT).noAdj",0.786842105263158,0.226028368794326,46.82,0.614210526315789,0.469235624047528,24.19,160,19,0.329921484375,0.29318671875,0,100
"prevalence",160,1.2,TRUE,TRUE,3,5,TRUE,TRUE,"OMNIBUS(Bonf-minP).adj",0.746842105263158,0.0531205673758865,21.68,0.37,0.0654233266733267,7.64,160,19,0.329921484375,0.29318671875,0,100
"prevalence",160,1.2,TRUE,TRUE,3,5,TRUE,TRUE,"OMNIBUS(Bonf-minP).noAdj",0.782105263157895,0.218014184397163,45.6,0.611052631578947,0.465727270261769,23.86,160,19,0.329921484375,0.29318671875,0,100
"prevalence",160,1.2,TRUE,TRUE,3,5,TRUE,TRUE,"oracle.prev.cov",0.854736842105263,0.0440425531914894,22.45,0.515263157894737,0.0319747621659386,10.19,160,19,0.329921484375,0.29318671875,0,100
"prevalence",160,1.2,TRUE,TRUE,3,5,TRUE,TRUE,"oracle.prev.noAdj",0.804736842105263,0.134042553191489,34.19,0.631578947368421,0.282621397625073,17.3,160,19,0.329921484375,0.29318671875,0.32,100
"prevalence",160,1.2,TRUE,TRUE,3,5,TRUE,TRUE,"pkg.ANCOMBC.cov",0.18,0.130921985815603,21.88,0.0510526315789474,0.637991230991231,4.32,160,19,0.329921484375,0.29318671875,0,100
"prevalence",160,1.2,TRUE,TRUE,3,5,TRUE,TRUE,"pkg.ANCOMBC.noAdj",0.346842105263158,0.316099290780142,51.16,0.19421052631579,0.868779802014298,28.71,160,19,0.329921484375,0.29318671875,0,100
"prevalence",160,1.2,TRUE,TRUE,3,5,TRUE,TRUE,"pkg.DESeq2.cov",0.196842105263158,0.0401418439716312,9.4,0.00842105263157894,0.0125,0.18,160,19,0.329921484375,0.29318671875,0,100
"prevalence",160,1.2,TRUE,TRUE,3,5,TRUE,TRUE,"pkg.DESeq2.noAdj",0.338421052631579,0.222411347517731,37.79,0.128947368421053,0.813072610305785,13.84,160,19,0.329921484375,0.29318671875,0,100
"prevalence",160,1.2,TRUE,TRUE,3,5,TRUE,TRUE,"pkg.edgeR.cov",0.261052631578947,0.0365957446808511,10.12,0.0236842105263158,0.0116666666666667,0.48,160,19,0.329921484375,0.29318671875,0,100
"prevalence",160,1.2,TRUE,TRUE,3,5,TRUE,TRUE,"pkg.edgeR.noAdj",0.379473684210526,0.216737588652482,37.77,0.177894736842105,0.716909771660082,14.11,160,19,0.329921484375,0.29318671875,0,100
"prevalence",160,1.2,TRUE,TRUE,3,5,TRUE,TRUE,"pkg.metagenomeSeq.cov",0.63,0.636595744680851,101.73,0.595263157894737,0.88167330139753,95.82,160,19,0.329921484375,0.29318671875,0,100
"prevalence",160,1.2,TRUE,TRUE,3,5,TRUE,TRUE,"pkg.metagenomeSeq.noAdj",0.413157894736842,0.357801418439716,58.3,0.281578947368421,0.849782295204296,38.54,160,19,0.329921484375,0.29318671875,0,100
"prevalence",160,1.2,TRUE,TRUE,3,5,TRUE,TRUE,"pkg.ZINQ.cov",0.629473684210526,0.0874468085106383,24.29,0.276315789473684,0.129413766788767,6.32,160,19,0.329921484375,0.29318671875,0,100
"prevalence",160,1.2,TRUE,TRUE,3,5,TRUE,TRUE,"pkg.ZINQ.depth",0.547368421052632,0.174539007092199,35.01,0.241578947368421,0.382438047024166,8.97,160,19,0.329921484375,0.29318671875,0,100
"prevalence",160,1.2,TRUE,TRUE,3,5,TRUE,TRUE,"pkg.ZINQ.depthCov",0.462631578947368,0.0563829787234043,16.74,0.0815789473684211,0.0616666666666667,1.79,160,19,0.329921484375,0.29318671875,0,100
"prevalence",160,1.2,TRUE,TRUE,3,5,TRUE,TRUE,"pkg.ZINQ.noAdjust",0.721052631578947,0.322198581560284,59.13,0.548947368421053,0.646650288657213,32.6,160,19,0.329921484375,0.29318671875,0,100
"prevalence",160,1.2,TRUE,TRUE,3,5,TRUE,TRUE,"presence(Fisher)",0.677894736842105,0.173617021276596,37.36,0.493684210526316,0.434255087200282,17.69,160,19,0.329921484375,0.29318671875,0.11,100
"prevalence",160,1.2,TRUE,TRUE,3,5,TRUE,TRUE,"presence(logistic+depth)",0.592105263157895,0.10531914893617,26.1,0.245263157894737,0.181027191762486,6.1,160,19,0.329921484375,0.29318671875,0,100
"prevalence",160,1.2,TRUE,TRUE,3,5,TRUE,TRUE,"presence(logistic+depth+z)",0.563684210526316,0.0486524822695035,17.57,0.103157894736842,0.0241666666666667,2.06,160,19,0.329921484375,0.29318671875,0,100
"prevalence",160,1.2,TRUE,TRUE,3,5,TRUE,TRUE,"prevalence(Tobit).adj",0.821052631578947,0.051063829787234,22.8,0.457894736842105,0.0416324092574093,9.16,160,19,0.329921484375,0.29318671875,0,100
"prevalence",160,1.2,TRUE,TRUE,3,5,TRUE,TRUE,"prevalence(Tobit).noAdj",0.803684210526316,0.162695035460993,38.21,0.633684210526316,0.327434577832307,18.57,160,19,0.329921484375,0.29318671875,0,100
"prevalence",160,1.6,FALSE,TRUE,3,5,TRUE,TRUE,"abundance(AHC-LinDA).adj",0.0857894736842105,0.0568794326241135,9.65,0.00210526315789474,0.1,0.15,160,19,0.33229453125,0.296215234375,0,100
"prevalence",160,1.6,FALSE,TRUE,3,5,TRUE,TRUE,"abundance(AHC-LinDA).noAdj",0.0926315789473685,0.0623404255319149,10.55,0.00473684210526316,0.105,0.21,160,19,0.33229453125,0.296215234375,0,100
"prevalence",160,1.6,FALSE,TRUE,3,5,TRUE,TRUE,"obsTwo.depthCov",0.758947368421053,0.0517730496453901,21.72,0.342105263157895,0.0506894771894772,6.94,160,19,0.33229453125,0.296215234375,0,100
"prevalence",160,1.6,FALSE,TRUE,3,5,TRUE,TRUE,"obsTwo.simple",0.882631578947368,0.0832624113475177,28.51,0.733157894736842,0.147268083750652,16.48,160,19,0.33229453125,0.296215234375,0,100
"prevalence",160,1.6,FALSE,TRUE,3,5,TRUE,TRUE,"OMNIBUS(ACAT).adj",0.969473684210526,0.055531914893617,26.25,0.894736842105263,0.0526666113813947,17.99,160,19,0.33229453125,0.296215234375,0,100
"prevalence",160,1.6,FALSE,TRUE,3,5,TRUE,TRUE,"OMNIBUS(ACAT).noAdj",0.966315789473684,0.0571631205673759,26.42,0.886315789473684,0.055593350529311,17.89,160,19,0.33229453125,0.296215234375,0,100
"prevalence",160,1.6,FALSE,TRUE,3,5,TRUE,TRUE,"OMNIBUS(Bonf-minP).adj",0.971578947368421,0.0543971631205674,26.13,0.894736842105263,0.0541339255000246,18.02,160,19,0.33229453125,0.296215234375,0,100
"prevalence",160,1.6,FALSE,TRUE,3,5,TRUE,TRUE,"OMNIBUS(Bonf-minP).noAdj",0.968947368421053,0.055531914893617,26.24,0.88421052631579,0.0572402803538724,17.88,160,19,0.33229453125,0.296215234375,0,100
"prevalence",160,1.6,FALSE,TRUE,3,5,TRUE,TRUE,"oracle.prev.cov",0.989473684210526,0.045886524822695,25.27,0.956842105263158,0.0303585004177109,18.78,160,19,0.33229453125,0.296215234375,0,100
"prevalence",160,1.6,FALSE,TRUE,3,5,TRUE,TRUE,"oracle.prev.noAdj",0.983157894736842,0.0305673758865248,22.99,0.935789473684211,0.0275795616492211,18.31,160,19,0.33229453125,0.296215234375,0.33,100
"prevalence",160,1.6,FALSE,TRUE,3,5,TRUE,TRUE,"pkg.ANCOMBC.cov",0.209473684210526,0.124184397163121,21.49,0.0494736842105263,0.55448556998557,3.62,160,19,0.33229453125,0.296215234375,0,100
"prevalence",160,1.6,FALSE,TRUE,3,5,TRUE,TRUE,"pkg.ANCOMBC.noAdj",0.207894736842105,0.125106382978723,21.59,0.0452631578947368,0.593649675487911,3.32,160,19,0.33229453125,0.296215234375,0,100
"prevalence",160,1.6,FALSE,TRUE,3,5,TRUE,TRUE,"pkg.DESeq2.cov",0.483157894736842,0.0485106382978723,16.02,0.0815789473684211,0.0556904761904762,1.73,160,19,0.33229453125,0.296215234375,0,100
"prevalence",160,1.6,FALSE,TRUE,3,5,TRUE,TRUE,"pkg.DESeq2.noAdj",0.432631578947368,0.0535460992907801,15.77,0.0605263157894737,0.103666666666667,1.41,160,19,0.33229453125,0.296215234375,0,100
"prevalence",160,1.6,FALSE,TRUE,3,5,TRUE,TRUE,"pkg.edgeR.cov",0.58,0.038936170212766,16.51,0.185789473684211,0.020452380952381,3.63,160,19,0.33229453125,0.296215234375,0,100
"prevalence",160,1.6,FALSE,TRUE,3,5,TRUE,TRUE,"pkg.edgeR.noAdj",0.531578947368421,0.0482269503546099,16.9,0.146842105263158,0.0512063492063492,2.99,160,19,0.33229453125,0.296215234375,0,100
"prevalence",160,1.6,FALSE,TRUE,3,5,TRUE,TRUE,"pkg.metagenomeSeq.cov",0.652105263157895,0.659148936170213,105.33,0.618947368421053,0.883336138008411,100.79,160,19,0.33229453125,0.296215234375,0,100
"prevalence",160,1.6,FALSE,TRUE,3,5,TRUE,TRUE,"pkg.metagenomeSeq.noAdj",0.432105263157895,0.214184397163121,38.41,0.258421052631579,0.618971842385784,14.42,160,19,0.33229453125,0.296215234375,0,100
"prevalence",160,1.6,FALSE,TRUE,3,5,TRUE,TRUE,"pkg.ZINQ.cov",0.910526315789474,0.102340425531915,31.73,0.778947368421053,0.158066339270128,17.73,160,19,0.33229453125,0.296215234375,0,100
"prevalence",160,1.6,FALSE,TRUE,3,5,TRUE,TRUE,"pkg.ZINQ.depth",0.745263157894737,0.0575177304964539,22.27,0.367894736842105,0.0526613190730838,7.46,160,19,0.33229453125,0.296215234375,0,100
"prevalence",160,1.6,FALSE,TRUE,3,5,TRUE,TRUE,"pkg.ZINQ.depthCov",0.764210526315789,0.0566666666666667,22.51,0.388947368421053,0.0514622585017322,7.88,160,19,0.33229453125,0.296215234375,0,100
"prevalence",160,1.6,FALSE,TRUE,3,5,TRUE,TRUE,"pkg.ZINQ.noAdjust",0.896315789473684,0.098936170212766,30.98,0.761578947368421,0.15783280168404,17.34,160,19,0.33229453125,0.296215234375,0,100
"prevalence",160,1.6,FALSE,TRUE,3,5,TRUE,TRUE,"presence(Fisher)",0.91421052631579,0.0789361702127659,28.5,0.786842105263158,0.132721698131814,17.43,160,19,0.33229453125,0.296215234375,0.17,100
"prevalence",160,1.6,FALSE,TRUE,3,5,TRUE,TRUE,"presence(logistic+depth)",0.828421052631579,0.0465957446808511,22.31,0.435789473684211,0.0372944453207611,8.58,160,19,0.33229453125,0.296215234375,0,100
"prevalence",160,1.6,FALSE,TRUE,3,5,TRUE,TRUE,"presence(logistic+depth+z)",0.841052631578947,0.0472340425531915,22.64,0.461578947368421,0.0353162393162393,9.11,160,19,0.33229453125,0.296215234375,0,100
"prevalence",160,1.6,FALSE,TRUE,3,5,TRUE,TRUE,"prevalence(Tobit).adj",0.976842105263158,0.0514893617021277,25.82,0.924736842105263,0.044193815085843,18.43,160,19,0.33229453125,0.296215234375,0,100
"prevalence",160,1.6,FALSE,TRUE,3,5,TRUE,TRUE,"prevalence(Tobit).noAdj",0.978421052631579,0.0526950354609929,26.02,0.918947368421053,0.0435266173455028,18.3,160,19,0.33229453125,0.296215234375,0,100
"prevalence",160,1.6,TRUE,TRUE,3,5,TRUE,TRUE,"abundance(AHC-LinDA).adj",0.0831578947368421,0.0570921985815603,9.63,0.00526315789473684,0.0966666666666667,0.27,160,19,0.331639453125,0.29545,0,100
"prevalence",160,1.6,TRUE,TRUE,3,5,TRUE,TRUE,"abundance(AHC-LinDA).noAdj",0.180526315789474,0.182553191489362,29.17,0.04,0.717607449804238,6.39,160,19,0.331639453125,0.29545,0,100
"prevalence",160,1.6,TRUE,TRUE,3,5,TRUE,TRUE,"obsTwo.depthCov",0.710526315789474,0.0524822695035461,20.9,0.26,0.0372348207348207,5.25,160,19,0.331639453125,0.29545,0,100
"prevalence",160,1.6,TRUE,TRUE,3,5,TRUE,TRUE,"obsTwo.simple",0.854736842105263,0.301560283687943,58.76,0.75,0.595441698544752,38.22,160,19,0.331639453125,0.29545,0,100
"prevalence",160,1.6,TRUE,TRUE,3,5,TRUE,TRUE,"OMNIBUS(ACAT).adj",0.933684210526316,0.0567375886524823,25.74,0.763157894736842,0.0555360969869484,15.43,160,19,0.331639453125,0.29545,0,100
"prevalence",160,1.6,TRUE,TRUE,3,5,TRUE,TRUE,"OMNIBUS(ACAT).noAdj",0.93,0.224751773049645,49.36,0.842631578947369,0.41119336119926,29.49,160,19,0.331639453125,0.29545,0,100
"prevalence",160,1.6,TRUE,TRUE,3,5,TRUE,TRUE,"OMNIBUS(Bonf-minP).adj",0.936842105263158,0.0553900709219858,25.61,0.762105263157895,0.0557246934781764,15.41,160,19,0.331639453125,0.29545,0,100
"prevalence",160,1.6,TRUE,TRUE,3,5,TRUE,TRUE,"OMNIBUS(Bonf-minP).noAdj",0.928421052631579,0.217375886524823,48.29,0.833684210526316,0.402729601824768,28.74,160,19,0.331639453125,0.29545,0,100
"prevalence",160,1.6,TRUE,TRUE,3,5,TRUE,TRUE,"oracle.prev.cov",0.981578947368421,0.0463829787234043,25.19,0.885789473684211,0.0225392686089281,17.24,160,19,0.331639453125,0.29545,0,100
"prevalence",160,1.6,TRUE,TRUE,3,5,TRUE,TRUE,"oracle.prev.noAdj",0.946315789473684,0.132482269503546,36.66,0.86421052631579,0.254411984134802,22.64,160,19,0.331639453125,0.29545,0.46,100
"prevalence",160,1.6,TRUE,TRUE,3,5,TRUE,TRUE,"pkg.ANCOMBC.cov",0.235263157894737,0.131489361702128,23.01,0.0631578947368421,0.645579427925016,4.58,160,19,0.331639453125,0.29545,0,100
"prevalence",160,1.6,TRUE,TRUE,3,5,TRUE,TRUE,"pkg.ANCOMBC.noAdj",0.363157894736842,0.316028368794326,51.46,0.223157894736842,0.846611772847256,28.9,160,19,0.331639453125,0.29545,0,100
"prevalence",160,1.6,TRUE,TRUE,3,5,TRUE,TRUE,"pkg.DESeq2.cov",0.39,0.0433333333333333,13.52,0.0426315789473684,0.0525,0.91,160,19,0.331639453125,0.29545,0,100
"prevalence",160,1.6,TRUE,TRUE,3,5,TRUE,TRUE,"pkg.DESeq2.noAdj",0.468947368421053,0.228085106382979,41.07,0.243684210526316,0.708598109434524,18.25,160,19,0.331639453125,0.29545,0,100
"prevalence",160,1.6,TRUE,TRUE,3,5,TRUE,TRUE,"pkg.edgeR.cov",0.496315789473684,0.0363120567375887,14.55,0.118421052631579,0.0145,2.3,160,19,0.331639453125,0.29545,0,100
"prevalence",160,1.6,TRUE,TRUE,3,5,TRUE,TRUE,"pkg.edgeR.noAdj",0.55,0.21709219858156,41.06,0.328947368421053,0.612441850245679,18.28,160,19,0.331639453125,0.29545,0,100
"prevalence",160,1.6,TRUE,TRUE,3,5,TRUE,TRUE,"pkg.metagenomeSeq.cov",0.602105263157895,0.627659574468085,99.94,0.558421052631579,0.886516725083921,93.54,160,19,0.331639453125,0.29545,0,100
"prevalence",160,1.6,TRUE,TRUE,3,5,TRUE,TRUE,"pkg.metagenomeSeq.noAdj",0.505263157894737,0.365886524822695,61.19,0.4,0.814963209250819,43.14,160,19,0.331639453125,0.29545,0,100
"prevalence",160,1.6,TRUE,TRUE,3,5,TRUE,TRUE,"pkg.ZINQ.cov",0.853157894736842,0.0852482269503546,28.23,0.652105263157895,0.126950732016521,14.44,160,19,0.331639453125,0.29545,0,100
"prevalence",160,1.6,TRUE,TRUE,3,5,TRUE,TRUE,"pkg.ZINQ.depth",0.735789473684211,0.173049645390071,38.38,0.461578947368421,0.309074562999755,13.92,160,19,0.331639453125,0.29545,0,100
"prevalence",160,1.6,TRUE,TRUE,3,5,TRUE,TRUE,"pkg.ZINQ.depthCov",0.706315789473684,0.0575177304964539,21.53,0.315263157894737,0.0399704707057648,6.3,160,19,0.331639453125,0.29545,0,100
"prevalence",160,1.6,TRUE,TRUE,3,5,TRUE,TRUE,"pkg.ZINQ.noAdjust",0.867368421052632,0.322836879432624,62,0.766842105263158,0.594730242492218,38.69,160,19,0.331639453125,0.29545,0,100
"prevalence",160,1.6,TRUE,TRUE,3,5,TRUE,TRUE,"presence(Fisher)",0.862631578947368,0.17113475177305,40.52,0.73578947368421,0.387661012632338,23.73,160,19,0.331639453125,0.29545,0.14,100
"prevalence",160,1.6,TRUE,TRUE,3,5,TRUE,TRUE,"presence(logistic+depth)",0.777368421052632,0.100141843971631,28.89,0.488947368421053,0.169856898454068,11.52,160,19,0.331639453125,0.29545,0,100
"prevalence",160,1.6,TRUE,TRUE,3,5,TRUE,TRUE,"presence(logistic+depth+z)",0.793684210526316,0.048936170212766,21.98,0.385789473684211,0.0240282911532912,7.59,160,19,0.331639453125,0.29545,0,100
"prevalence",160,1.6,TRUE,TRUE,3,5,TRUE,TRUE,"prevalence(Tobit).adj",0.959473684210526,0.0511347517730496,25.44,0.827894736842105,0.0384918462600351,16.43,160,19,0.331639453125,0.29545,0,100
"prevalence",160,1.6,TRUE,TRUE,3,5,TRUE,TRUE,"prevalence(Tobit).noAdj",0.946842105263158,0.163049645390071,40.98,0.861052631578947,0.296080362244927,24.01,160,19,0.331639453125,0.29545,0,100
"prevalence",160,2,FALSE,TRUE,3,5,TRUE,TRUE,"abundance(AHC-LinDA).adj",0.0831578947368421,0.0582978723404255,9.8,0.00578947368421052,0.0816666666666667,0.22,160,19,0.33627578125,0.30013046875,0,100
"prevalence",160,2,FALSE,TRUE,3,5,TRUE,TRUE,"abundance(AHC-LinDA).noAdj",0.0921052631578947,0.0585815602836879,10.01,0.00736842105263158,0.045,0.19,160,19,0.33627578125,0.30013046875,0,100
"prevalence",160,2,FALSE,TRUE,3,5,TRUE,TRUE,"obsTwo.depthCov",0.916315789473684,0.0541843971631206,25.05,0.723684210526316,0.0468718987840505,14.49,160,19,0.33627578125,0.30013046875,0,100
"prevalence",160,2,FALSE,TRUE,3,5,TRUE,TRUE,"obsTwo.simple",0.957894736842105,0.0856028368794326,30.27,0.908421052631579,0.124859424723111,19.89,160,19,0.33627578125,0.30013046875,0,100
"prevalence",160,2,FALSE,TRUE,3,5,TRUE,TRUE,"OMNIBUS(ACAT).adj",0.992105263157895,0.0554609929078014,26.67,0.977894736842105,0.051475590870146,19.66,160,19,0.33627578125,0.30013046875,0,100
"prevalence",160,2,FALSE,TRUE,3,5,TRUE,TRUE,"OMNIBUS(ACAT).noAdj",0.992631578947368,0.0575886524822695,26.98,0.975263157894737,0.051380326640052,19.61,160,19,0.33627578125,0.30013046875,0,100
"prevalence",160,2,FALSE,TRUE,3,5,TRUE,TRUE,"OMNIBUS(Bonf-minP).adj",0.992105263157895,0.0552482269503546,26.64,0.975789473684211,0.0503828119861772,19.59,160,19,0.33627578125,0.30013046875,0,100
"prevalence",160,2,FALSE,TRUE,3,5,TRUE,TRUE,"OMNIBUS(Bonf-minP).noAdj",0.994736842105263,0.0572340425531915,26.97,0.974736842105263,0.0517944399866596,19.61,160,19,0.33627578125,0.30013046875,0,100
"prevalence",160,2,FALSE,TRUE,3,5,TRUE,TRUE,"oracle.prev.cov",0.998421052631579,0.0497872340425532,25.99,0.993157894736842,0.0341769393840332,19.58,160,19,0.33627578125,0.30013046875,0,100
"prevalence",160,2,FALSE,TRUE,3,5,TRUE,TRUE,"oracle.prev.noAdj",0.997894736842105,0.0322695035460993,23.51,0.990526315789474,0.0218430166324903,19.27,160,19,0.33627578125,0.30013046875,0.38,100
"prevalence",160,2,FALSE,TRUE,3,5,TRUE,TRUE,"pkg.ANCOMBC.cov",0.254736842105263,0.121631205673759,21.99,0.0631578947368421,0.606331057831058,3.98,160,19,0.33627578125,0.30013046875,0,100
"prevalence",160,2,FALSE,TRUE,3,5,TRUE,TRUE,"pkg.ANCOMBC.noAdj",0.24421052631579,0.119929078014184,21.55,0.0726315789473684,0.573661255411255,4.31,160,19,0.33627578125,0.30013046875,0,100
"prevalence",160,2,FALSE,TRUE,3,5,TRUE,TRUE,"pkg.DESeq2.cov",0.688421052631579,0.0504964539007092,20.2,0.302631578947368,0.0494491341991342,6.11,160,19,0.33627578125,0.30013046875,0,100
"prevalence",160,2,FALSE,TRUE,3,5,TRUE,TRUE,"pkg.DESeq2.noAdj",0.636842105263158,0.0539716312056737,19.71,0.232105263157895,0.0818134920634921,4.88,160,19,0.33627578125,0.30013046875,0,100
"prevalence",160,2,FALSE,TRUE,3,5,TRUE,TRUE,"pkg.edgeR.cov",0.774736842105263,0.0373758865248227,19.99,0.482631578947368,0.0278772061272061,9.45,160,19,0.33627578125,0.30013046875,0,100
"prevalence",160,2,FALSE,TRUE,3,5,TRUE,TRUE,"pkg.edgeR.noAdj",0.718421052631579,0.0443971631205674,19.91,0.408947368421053,0.0511047286047286,8.23,160,19,0.33627578125,0.30013046875,0,100
"prevalence",160,2,FALSE,TRUE,3,5,TRUE,TRUE,"pkg.metagenomeSeq.cov",0.635263157894737,0.664822695035461,105.81,0.599473684210526,0.886472052973855,100.23,160,19,0.33627578125,0.30013046875,0,100
"prevalence",160,2,FALSE,TRUE,3,5,TRUE,TRUE,"pkg.metagenomeSeq.noAdj",0.596315789473684,0.235177304964539,44.49,0.452105263157895,0.557961417697341,20.99,160,19,0.33627578125,0.30013046875,0,100
"prevalence",160,2,FALSE,TRUE,3,5,TRUE,TRUE,"pkg.ZINQ.cov",0.968421052631579,0.0990070921985816,32.36,0.927368421052632,0.143529387026503,20.72,160,19,0.33627578125,0.30013046875,0,100
"prevalence",160,2,FALSE,TRUE,3,5,TRUE,TRUE,"pkg.ZINQ.depth",0.908947368421053,0.059645390070922,25.68,0.737894736842105,0.0429767756323484,14.69,160,19,0.33627578125,0.30013046875,0,100
"prevalence",160,2,FALSE,TRUE,3,5,TRUE,TRUE,"pkg.ZINQ.depthCov",0.910526315789474,0.0569503546099291,25.33,0.756315789473684,0.0461030467640375,15.12,160,19,0.33627578125,0.30013046875,0,100
"prevalence",160,2,FALSE,TRUE,3,5,TRUE,TRUE,"pkg.ZINQ.noAdjust",0.957368421052632,0.0980851063829787,32.02,0.918421052631579,0.137460888377263,20.38,160,19,0.33627578125,0.30013046875,0,100
"prevalence",160,2,FALSE,TRUE,3,5,TRUE,TRUE,"presence(Fisher)",0.967894736842105,0.0809219858156028,29.8,0.926842105263158,0.122693489213832,20.25,160,19,0.33627578125,0.30013046875,0.13,100
"prevalence",160,2,FALSE,TRUE,3,5,TRUE,TRUE,"presence(logistic+depth)",0.940526315789474,0.045886524822695,24.34,0.784210526315789,0.0336379159626064,15.46,160,19,0.33627578125,0.30013046875,0,100
"prevalence",160,2,FALSE,TRUE,3,5,TRUE,TRUE,"presence(logistic+depth+z)",0.948421052631579,0.0475886524822695,24.73,0.798947368421053,0.0331443994172322,15.74,160,19,0.33627578125,0.30013046875,0,100
"prevalence",160,2,FALSE,TRUE,3,5,TRUE,TRUE,"prevalence(Tobit).adj",0.993157894736842,0.0575177304964539,26.98,0.985263157894737,0.0396202855623908,19.55,160,19,0.33627578125,0.30013046875,0,100
"prevalence",160,2,FALSE,TRUE,3,5,TRUE,TRUE,"prevalence(Tobit).noAdj",0.996842105263158,0.0578014184397163,27.09,0.983684210526316,0.0452557645761307,19.65,160,19,0.33627578125,0.30013046875,0,100
"prevalence",160,2,TRUE,TRUE,3,5,TRUE,TRUE,"abundance(AHC-LinDA).adj",0.0963157894736842,0.0598581560283688,10.27,0.00578947368421053,0.0983333333333333,0.25,160,19,0.33673125,0.300534375,0,100
"prevalence",160,2,TRUE,TRUE,3,5,TRUE,TRUE,"abundance(AHC-LinDA).noAdj",0.193157894736842,0.187517730496454,30.11,0.0515789473684211,0.70735893398501,7.83,160,19,0.33673125,0.300534375,0,100
"prevalence",160,2,TRUE,TRUE,3,5,TRUE,TRUE,"obsTwo.depthCov",0.871052631578947,0.0540425531914894,24.17,0.612631578947368,0.0512846673020821,12.36,160,19,0.33673125,0.300534375,0,100
"prevalence",160,2,TRUE,TRUE,3,5,TRUE,TRUE,"obsTwo.simple",0.945263157894737,0.295602836879433,59.64,0.906315789473684,0.555320905154601,41.59,160,19,0.33673125,0.300534375,0,100
"prevalence",160,2,TRUE,TRUE,3,5,TRUE,TRUE,"OMNIBUS(ACAT).adj",0.987894736842105,0.0556028368794326,26.61,0.950526315789474,0.0480192223758652,19.01,160,19,0.33673125,0.300534375,0,100
"prevalence",160,2,TRUE,TRUE,3,5,TRUE,TRUE,"OMNIBUS(ACAT).noAdj",0.984736842105263,0.229929078014184,51.13,0.957368421052632,0.416117915521294,33.53,160,19,0.33673125,0.300534375,0,100
"prevalence",160,2,TRUE,TRUE,3,5,TRUE,TRUE,"OMNIBUS(Bonf-minP).adj",0.987894736842105,0.0547517730496454,26.49,0.949473684210526,0.0489357784719879,19.01,160,19,0.33673125,0.300534375,0,100
"prevalence",160,2,TRUE,TRUE,3,5,TRUE,TRUE,"OMNIBUS(Bonf-minP).noAdj",0.982105263157895,0.222056737588652,49.97,0.955789473684211,0.410869184513961,33.17,160,19,0.33673125,0.300534375,0,100
"prevalence",160,2,TRUE,TRUE,3,5,TRUE,TRUE,"oracle.prev.cov",0.998421052631579,0.0476595744680851,25.69,0.986315789473684,0.0293623931369927,19.34,160,19,0.33673125,0.300534375,0,100
"prevalence",160,2,TRUE,TRUE,3,5,TRUE,TRUE,"oracle.prev.noAdj",0.991578947368421,0.12936170212766,37.08,0.972105263157895,0.246095877046106,25.05,160,19,0.33673125,0.300534375,0.34,100
"prevalence",160,2,TRUE,TRUE,3,5,TRUE,TRUE,"pkg.ANCOMBC.cov",0.275789473684211,0.132624113475177,23.94,0.0926315789473685,0.625332375570766,5.45,160,19,0.33673125,0.300534375,0,100
"prevalence",160,2,TRUE,TRUE,3,5,TRUE,TRUE,"pkg.ANCOMBC.noAdj",0.393684210526316,0.316879432624113,52.16,0.261052631578947,0.829322741764594,30.18,160,19,0.33673125,0.300534375,0,100
"prevalence",160,2,TRUE,TRUE,3,5,TRUE,TRUE,"pkg.DESeq2.cov",0.595263157894737,0.0473049645390071,17.98,0.193157894736842,0.0478446275946276,3.97,160,19,0.33673125,0.300534375,0,100
"prevalence",160,2,TRUE,TRUE,3,5,TRUE,TRUE,"pkg.DESeq2.noAdj",0.626842105263158,0.22531914893617,43.68,0.411052631578947,0.617292515200038,22.12,160,19,0.33673125,0.300534375,0,100
"prevalence",160,2,TRUE,TRUE,3,5,TRUE,TRUE,"pkg.edgeR.cov",0.695263157894737,0.0378014184397163,18.54,0.353157894736842,0.0271031746031746,6.96,160,19,0.33673125,0.300534375,0,100
"prevalence",160,2,TRUE,TRUE,3,5,TRUE,TRUE,"pkg.edgeR.noAdj",0.701578947368421,0.21531914893617,43.69,0.52,0.529607738980415,22.68,160,19,0.33673125,0.300534375,0,100
"prevalence",160,2,TRUE,TRUE,3,5,TRUE,TRUE,"pkg.metagenomeSeq.cov",0.583684210526316,0.637021276595745,100.91,0.54578947368421,0.891394317944485,95.23,160,19,0.33673125,0.300534375,0,100
"prevalence",160,2,TRUE,TRUE,3,5,TRUE,TRUE,"pkg.metagenomeSeq.noAdj",0.641052631578947,0.367234042553191,63.96,0.551578947368421,0.767353023468459,47.65,160,19,0.33673125,0.300534375,0,100
"prevalence",160,2,TRUE,TRUE,3,5,TRUE,TRUE,"pkg.ZINQ.cov",0.962631578947369,0.0873049645390071,30.6,0.892105263157895,0.112675729280865,19.23,160,19,0.33673125,0.300534375,0,100
"prevalence",160,2,TRUE,TRUE,3,5,TRUE,TRUE,"pkg.ZINQ.depth",0.88,0.174113475177305,41.27,0.714736842105263,0.299557406326172,20.62,160,19,0.33673125,0.300534375,0,100
"prevalence",160,2,TRUE,TRUE,3,5,TRUE,TRUE,"pkg.ZINQ.depthCov",0.873684210526316,0.0590780141843972,24.93,0.651578947368421,0.0480790807919291,13.1,160,19,0.33673125,0.300534375,0,100
"prevalence",160,2,TRUE,TRUE,3,5,TRUE,TRUE,"pkg.ZINQ.noAdjust",0.955789473684211,0.316241134751773,62.75,0.920526315789474,0.563533162275047,43.14,160,19,0.33673125,0.300534375,0,100
"prevalence",160,2,TRUE,TRUE,3,5,TRUE,TRUE,"presence(Fisher)",0.956842105263158,0.172836879432624,42.55,0.914736842105263,0.367941512059211,28.27,160,19,0.33673125,0.300534375,0.1,100
"prevalence",160,2,TRUE,TRUE,3,5,TRUE,TRUE,"presence(logistic+depth)",0.91,0.101205673758865,31.56,0.733157894736842,0.142214088037267,16.52,160,19,0.33673125,0.300534375,0,100
"prevalence",160,2,TRUE,TRUE,3,5,TRUE,TRUE,"presence(logistic+depth+z)",0.923684210526316,0.0474468085106383,24.24,0.702631578947368,0.0328326164719353,13.86,160,19,0.33673125,0.300534375,0,100
"prevalence",160,2,TRUE,TRUE,3,5,TRUE,TRUE,"prevalence(Tobit).adj",0.993684210526316,0.0514184397163121,26.13,0.966315789473684,0.0378824556936012,19.13,160,19,0.33673125,0.300534375,0,100
"prevalence",160,2,TRUE,TRUE,3,5,TRUE,TRUE,"prevalence(Tobit).noAdj",0.991052631578947,0.159929078014184,41.38,0.97,0.29328593829897,26.87,160,19,0.33673125,0.300534375,0,100
"prevalence",160,2.6,FALSE,TRUE,3,5,TRUE,TRUE,"abundance(AHC-LinDA).adj",0.1,0.0608510638297872,10.48,0.0105263157894737,0.158333333333333,0.41,160,19,0.343266796875,0.307770703125,0,100
"prevalence",160,2.6,FALSE,TRUE,3,5,TRUE,TRUE,"abundance(AHC-LinDA).noAdj",0.111578947368421,0.0639007092198582,11.13,0.0131578947368421,0.145833333333333,0.45,160,19,0.343266796875,0.307770703125,0,100
"prevalence",160,2.6,FALSE,TRUE,3,5,TRUE,TRUE,"obsTwo.depthCov",0.976842105263158,0.061418439716312,27.22,0.929473684210526,0.0568848078306283,18.79,160,19,0.343266796875,0.307770703125,0,100
"prevalence",160,2.6,FALSE,TRUE,3,5,TRUE,TRUE,"obsTwo.simple",0.981052631578948,0.0852482269503546,30.66,0.968947368421053,0.130927043170699,21.38,160,19,0.343266796875,0.307770703125,0,100
"prevalence",160,2.6,FALSE,TRUE,3,5,TRUE,TRUE,"OMNIBUS(ACAT).adj",0.999473684210526,0.0594326241134752,27.37,0.998947368421053,0.0614874741200828,20.3,160,19,0.343266796875,0.307770703125,0,100
"prevalence",160,2.6,FALSE,TRUE,3,5,TRUE,TRUE,"OMNIBUS(ACAT).noAdj",1,0.0614893617021277,27.67,0.998947368421053,0.0622869971371115,20.3,160,19,0.343266796875,0.307770703125,0,100
"prevalence",160,2.6,FALSE,TRUE,3,5,TRUE,TRUE,"OMNIBUS(Bonf-minP).adj",0.999473684210526,0.0583687943262411,27.22,0.998421052631579,0.0610827122153209,20.28,160,19,0.343266796875,0.307770703125,0,100
"prevalence",160,2.6,FALSE,TRUE,3,5,TRUE,TRUE,"OMNIBUS(Bonf-minP).noAdj",0.999473684210526,0.0601418439716312,27.47,0.998947368421053,0.061654915450682,20.29,160,19,0.343266796875,0.307770703125,0,100
"prevalence",160,2.6,FALSE,TRUE,3,5,TRUE,TRUE,"oracle.prev.cov",0.997368421052632,0.0487943262411347,25.83,0.997368421052632,0.0346345408976988,19.66,160,19,0.343266796875,0.307770703125,0,100
"prevalence",160,2.6,FALSE,TRUE,3,5,TRUE,TRUE,"oracle.prev.noAdj",1,0.034113475177305,23.81,1,0.0222099567099567,19.46,160,19,0.343266796875,0.307770703125,0.25,100
"prevalence",160,2.6,FALSE,TRUE,3,5,TRUE,TRUE,"pkg.ANCOMBC.cov",0.297894736842105,0.117163120567376,22.18,0.129473684210526,0.497988590872492,5.81,160,19,0.343266796875,0.307770703125,0,100
"prevalence",160,2.6,FALSE,TRUE,3,5,TRUE,TRUE,"pkg.ANCOMBC.noAdj",0.328421052631579,0.122269503546099,23.48,0.132631578947368,0.463485791985792,5.75,160,19,0.343266796875,0.307770703125,0,100
"prevalence",160,2.6,FALSE,TRUE,3,5,TRUE,TRUE,"pkg.DESeq2.cov",0.910526315789474,0.0602127659574468,25.79,0.726315789473684,0.0655405363152873,14.84,160,19,0.343266796875,0.307770703125,0,100
"prevalence",160,2.6,FALSE,TRUE,3,5,TRUE,TRUE,"pkg.DESeq2.noAdj",0.877368421052632,0.0658156028368794,25.95,0.649473684210526,0.0688711140940243,13.33,160,19,0.343266796875,0.307770703125,0,100
"prevalence",160,2.6,FALSE,TRUE,3,5,TRUE,TRUE,"pkg.edgeR.cov",0.94421052631579,0.0387234042553192,23.4,0.843157894736842,0.0302130084397886,16.55,160,19,0.343266796875,0.307770703125,0,100
"prevalence",160,2.6,FALSE,TRUE,3,5,TRUE,TRUE,"pkg.edgeR.noAdj",0.922631578947369,0.0463829787234043,24.07,0.784210526315789,0.0401251970423797,15.57,160,19,0.343266796875,0.307770703125,0,100
"prevalence",160,2.6,FALSE,TRUE,3,5,TRUE,TRUE,"pkg.metagenomeSeq.cov",0.599473684210526,0.666099290780142,105.31,0.562105263157895,0.893961591970403,100.54,160,19,0.343266796875,0.307770703125,0,100
"prevalence",160,2.6,FALSE,TRUE,3,5,TRUE,TRUE,"pkg.metagenomeSeq.noAdj",0.83,0.252340425531915,51.35,0.752105263157895,0.528828264923932,31.77,160,19,0.343266796875,0.307770703125,0,100
"prevalence",160,2.6,FALSE,TRUE,3,5,TRUE,TRUE,"pkg.ZINQ.cov",0.993157894736842,0.105460992907801,33.74,0.982631578947369,0.150146565748088,22.22,160,19,0.343266796875,0.307770703125,0.04,100
"prevalence",160,2.6,FALSE,TRUE,3,5,TRUE,TRUE,"pkg.ZINQ.depth",0.977894736842105,0.0602836879432624,27.08,0.936315789473684,0.056038430062407,18.89,160,19,0.343266796875,0.307770703125,0.04,100
"prevalence",160,2.6,FALSE,TRUE,3,5,TRUE,TRUE,"pkg.ZINQ.depthCov",0.977894736842105,0.0651063829787234,27.76,0.943157894736842,0.0576132575490497,19.09,160,19,0.343266796875,0.307770703125,0.04,100
"prevalence",160,2.6,FALSE,TRUE,3,5,TRUE,TRUE,"pkg.ZINQ.noAdjust",0.988947368421053,0.102340425531915,33.22,0.98,0.153878735951734,22.24,160,19,0.343266796875,0.307770703125,0.04,100
"prevalence",160,2.6,FALSE,TRUE,3,5,TRUE,TRUE,"presence(Fisher)",0.993157894736842,0.0817730496453901,30.4,0.986315789473684,0.125877101303646,21.64,160,19,0.343266796875,0.307770703125,0.11,100
"prevalence",160,2.6,FALSE,TRUE,3,5,TRUE,TRUE,"presence(logistic+depth)",0.983157894736842,0.0480141843971631,25.45,0.946842105263158,0.0373058413296669,18.72,160,19,0.343266796875,0.307770703125,0,100
"prevalence",160,2.6,FALSE,TRUE,3,5,TRUE,TRUE,"presence(logistic+depth+z)",0.986315789473684,0.0498581560283688,25.77,0.95421052631579,0.0411242856132814,18.95,160,19,0.343266796875,0.307770703125,0,100
"prevalence",160,2.6,FALSE,TRUE,3,5,TRUE,TRUE,"prevalence(Tobit).adj",1,0.0546099290780142,26.7,0.998947368421053,0.043156091810554,19.88,160,19,0.343266796875,0.307770703125,0,100
"prevalence",160,2.6,FALSE,TRUE,3,5,TRUE,TRUE,"prevalence(Tobit).noAdj",1,0.0541843971631206,26.64,0.998947368421053,0.0415528891398456,19.85,160,19,0.343266796875,0.307770703125,0,100
"prevalence",160,2.6,TRUE,TRUE,3,5,TRUE,TRUE,"abundance(AHC-LinDA).adj",0.112631578947368,0.059645390070922,10.55,0.0110526315789474,0.116333333333333,0.38,160,19,0.342773828125,0.3068140625,0,100
"prevalence",160,2.6,TRUE,TRUE,3,5,TRUE,TRUE,"abundance(AHC-LinDA).noAdj",0.173157894736842,0.176524822695035,28.18,0.0421052631578947,0.582623918553631,5.71,160,19,0.342773828125,0.3068140625,0,100
"prevalence",160,2.6,TRUE,TRUE,3,5,TRUE,TRUE,"obsTwo.depthCov",0.977894736842105,0.0593617021276596,26.95,0.897894736842105,0.0543306613089726,18.1,160,19,0.342773828125,0.3068140625,0,100
"prevalence",160,2.6,TRUE,TRUE,3,5,TRUE,TRUE,"obsTwo.simple",0.978421052631579,0.297588652482269,60.55,0.968947368421053,0.544898288126588,42.49,160,19,0.342773828125,0.3068140625,0,100
"prevalence",160,2.6,TRUE,TRUE,3,5,TRUE,TRUE,"OMNIBUS(ACAT).adj",0.999473684210526,0.0563120567375886,26.93,0.994736842105263,0.0605655456290467,20.2,160,19,0.342773828125,0.3068140625,0,100
"prevalence",160,2.6,TRUE,TRUE,3,5,TRUE,TRUE,"OMNIBUS(ACAT).noAdj",0.999473684210526,0.216524822695035,49.52,0.996315789473684,0.377613609404997,31.93,160,19,0.342773828125,0.3068140625,0,100
"prevalence",160,2.6,TRUE,TRUE,3,5,TRUE,TRUE,"OMNIBUS(Bonf-minP).adj",0.999473684210526,0.0540425531914894,26.61,0.994736842105263,0.0590968838560371,20.16,160,19,0.342773828125,0.3068140625,0,100
"prevalence",160,2.6,TRUE,TRUE,3,5,TRUE,TRUE,"OMNIBUS(Bonf-minP).noAdj",0.998947368421053,0.209219858156028,48.48,0.995789473684211,0.372374120991356,31.61,160,19,0.342773828125,0.3068140625,0,100
"prevalence",160,2.6,TRUE,TRUE,3,5,TRUE,TRUE,"oracle.prev.cov",0.998947368421053,0.044468085106383,25.25,0.997894736842105,0.028167350193666,19.54,160,19,0.342773828125,0.3068140625,0,100
"prevalence",160,2.6,TRUE,TRUE,3,5,TRUE,TRUE,"oracle.prev.noAdj",1,0.129503546099291,37.26,0.996842105263158,0.225286286545092,24.9,160,19,0.342773828125,0.3068140625,0.42,100
"prevalence",160,2.6,TRUE,TRUE,3,5,TRUE,TRUE,"pkg.ANCOMBC.cov",0.338421052631579,0.136382978723404,25.66,0.151052631578947,0.527002256077256,7.68,160,19,0.342773828125,0.3068140625,0,100
"prevalence",160,2.6,TRUE,TRUE,3,5,TRUE,TRUE,"pkg.ANCOMBC.noAdj",0.439473684210526,0.304751773049645,51.32,0.285789473684211,0.798691950868544,28.55,160,19,0.342773828125,0.3068140625,0,100
"prevalence",160,2.6,TRUE,TRUE,3,5,TRUE,TRUE,"pkg.DESeq2.cov",0.844736842105263,0.0571631205673759,24.11,0.598947368421053,0.0598921129609984,12.16,160,19,0.342773828125,0.3068140625,0,100
"prevalence",160,2.6,TRUE,TRUE,3,5,TRUE,TRUE,"pkg.DESeq2.noAdj",0.82,0.23,48.01,0.694210526315789,0.527592193487887,29.32,160,19,0.342773828125,0.3068140625,0,100
"prevalence",160,2.6,TRUE,TRUE,3,5,TRUE,TRUE,"pkg.edgeR.cov",0.910526315789474,0.0382978723404255,22.7,0.752105263157895,0.0288892510568207,14.75,160,19,0.342773828125,0.3068140625,0,100
"prevalence",160,2.6,TRUE,TRUE,3,5,TRUE,TRUE,"pkg.edgeR.noAdj",0.866842105263158,0.212340425531915,46.41,0.769473684210526,0.44953944559641,28.24,160,19,0.342773828125,0.3068140625,0,100
"prevalence",160,2.6,TRUE,TRUE,3,5,TRUE,TRUE,"pkg.metagenomeSeq.cov",0.55578947368421,0.639148936170213,100.68,0.513684210526316,0.896749414959203,94.15,160,19,0.342773828125,0.3068140625,0,100
"prevalence",160,2.6,TRUE,TRUE,3,5,TRUE,TRUE,"pkg.metagenomeSeq.noAdj",0.831052631578947,0.381276595744681,69.55,0.781578947368421,0.722595163380349,55.63,160,19,0.342773828125,0.3068140625,0,100
"prevalence",160,2.6,TRUE,TRUE,3,5,TRUE,TRUE,"pkg.ZINQ.cov",0.996315789473684,0.0997163120567376,32.99,0.98,0.137231093988645,21.79,160,19,0.342773828125,0.3068140625,0.02,100
"prevalence",160,2.6,TRUE,TRUE,3,5,TRUE,TRUE,"pkg.ZINQ.depth",0.975263157894737,0.175248226950355,43.24,0.926315789473684,0.269722747365532,25.2,160,19,0.342773828125,0.3068140625,0.02,100
"prevalence",160,2.6,TRUE,TRUE,3,5,TRUE,TRUE,"pkg.ZINQ.depthCov",0.983157894736842,0.064822695035461,27.82,0.916315789473684,0.0503213538379779,18.38,160,19,0.342773828125,0.3068140625,0.02,100
"prevalence",160,2.6,TRUE,TRUE,3,5,TRUE,TRUE,"pkg.ZINQ.noAdjust",0.990526315789474,0.319007092198582,63.8,0.982105263157895,0.553892677722331,44.06,160,19,0.342773828125,0.3068140625,0.02,100
"prevalence",160,2.6,TRUE,TRUE,3,5,TRUE,TRUE,"presence(Fisher)",0.992631578947368,0.173120567375887,43.27,0.982105263157895,0.348882249924417,29.35,160,19,0.342773828125,0.3068140625,0.28,100
"prevalence",160,2.6,TRUE,TRUE,3,5,TRUE,TRUE,"presence(logistic+depth)",0.982105263157895,0.102624113475177,33.13,0.931578947368421,0.131663223499702,20.61,160,19,0.342773828125,0.3068140625,0,100
"prevalence",160,2.6,TRUE,TRUE,3,5,TRUE,TRUE,"presence(logistic+depth+z)",0.988947368421053,0.0478014184397163,25.53,0.935263157894737,0.0320861443599699,18.4,160,19,0.342773828125,0.3068140625,0,100
"prevalence",160,2.6,TRUE,TRUE,3,5,TRUE,TRUE,"prevalence(Tobit).adj",1,0.0478723404255319,25.75,0.997368421052632,0.0427483308072553,19.85,160,19,0.342773828125,0.3068140625,0,100
"prevalence",160,2.6,TRUE,TRUE,3,5,TRUE,TRUE,"prevalence(Tobit).noAdj",0.999473684210526,0.153687943262411,40.66,0.997894736842105,0.275783212264206,26.7,160,19,0.342773828125,0.3068140625,0,100
"prevalence",320,0.8,FALSE,TRUE,3,5,TRUE,TRUE,"abundance(AHC-LinDA).adj",0.0763157894736842,0.0545390070921986,9.14,0.00368421052631579,0.0883333333333333,0.19,160,19,0.3224796875,0.285260546875,0,100
"prevalence",320,0.8,FALSE,TRUE,3,5,TRUE,TRUE,"abundance(AHC-LinDA).noAdj",0.0789473684210527,0.0537588652482269,9.08,0.00105263157894737,0.06,0.12,160,19,0.3224796875,0.285260546875,0,100
"prevalence",320,0.8,FALSE,TRUE,3,5,TRUE,TRUE,"obsTwo.depthCov",0.451578947368421,0.0487943262411348,15.46,0.0768421052631579,0.042,1.58,160,19,0.3224796875,0.285260546875,0,100
"prevalence",320,0.8,FALSE,TRUE,3,5,TRUE,TRUE,"obsTwo.simple",0.564210526315789,0.140141843971631,30.48,0.27421052631579,0.464661871496237,10.46,160,19,0.3224796875,0.285260546875,0,100
"prevalence",320,0.8,FALSE,TRUE,3,5,TRUE,TRUE,"OMNIBUS(ACAT).adj",0.769473684210526,0.0605673758865248,23.16,0.44,0.0576545048089166,8.98,160,19,0.3224796875,0.285260546875,0,100
"prevalence",320,0.8,FALSE,TRUE,3,5,TRUE,TRUE,"OMNIBUS(ACAT).noAdj",0.764210526315789,0.0619148936170213,23.25,0.427368421052632,0.061749222999223,8.83,160,19,0.3224796875,0.285260546875,0,100
"prevalence",320,0.8,FALSE,TRUE,3,5,TRUE,TRUE,"OMNIBUS(Bonf-minP).adj",0.769473684210526,0.0606382978723404,23.17,0.438947368421053,0.0556766428016428,8.93,160,19,0.3224796875,0.285260546875,0,100
"prevalence",320,0.8,FALSE,TRUE,3,5,TRUE,TRUE,"OMNIBUS(Bonf-minP).noAdj",0.766842105263158,0.0614893617021277,23.24,0.425263157894737,0.0579264307244183,8.74,160,19,0.3224796875,0.285260546875,0,100
"prevalence",320,0.8,FALSE,TRUE,3,5,TRUE,TRUE,"oracle.prev.cov",0.866315789473684,0.0470921985815603,23.1,0.586315789473684,0.0348976709564945,11.62,160,19,0.3224796875,0.285260546875,0,100
"prevalence",320,0.8,FALSE,TRUE,3,5,TRUE,TRUE,"oracle.prev.noAdj",0.833157894736842,0.0352482269503546,20.8,0.503684210526316,0.0287695800931095,9.91,160,19,0.3224796875,0.285260546875,0.01,100
"prevalence",320,0.8,FALSE,TRUE,3,5,TRUE,TRUE,"pkg.ANCOMBC.cov",0.191052631578947,0.155390070921986,25.54,0.0636842105263158,0.786157744302481,7.49,160,19,0.3224796875,0.285260546875,0,100
"prevalence",320,0.8,FALSE,TRUE,3,5,TRUE,TRUE,"pkg.ANCOMBC.noAdj",0.19421052631579,0.156950354609929,25.82,0.0689473684210527,0.794499571493851,8.09,160,19,0.3224796875,0.285260546875,0,100
"prevalence",320,0.8,FALSE,TRUE,3,5,TRUE,TRUE,"pkg.DESeq2.cov",0.16,0.0539716312056738,10.65,0.00526315789473684,0.05,0.17,160,19,0.3224796875,0.285260546875,0,100
"prevalence",320,0.8,FALSE,TRUE,3,5,TRUE,TRUE,"pkg.DESeq2.noAdj",0.148421052631579,0.0597163120567376,11.24,0.00578947368421053,0.07,0.2,160,19,0.3224796875,0.285260546875,0,100
"prevalence",320,0.8,FALSE,TRUE,3,5,TRUE,TRUE,"pkg.edgeR.cov",0.192631578947368,0.0532624113475177,11.17,0.01,0.035,0.31,160,19,0.3224796875,0.285260546875,0,100
"prevalence",320,0.8,FALSE,TRUE,3,5,TRUE,TRUE,"pkg.edgeR.noAdj",0.185263157894737,0.060354609929078,12.03,0.011578947368421,0.085,0.37,160,19,0.3224796875,0.285260546875,0,100
"prevalence",320,0.8,FALSE,TRUE,3,5,TRUE,TRUE,"pkg.metagenomeSeq.cov",0.757368421052632,0.754822695035461,120.82,0.742631578947368,0.881002546764821,118.59,160,19,0.3224796875,0.285260546875,0,100
"prevalence",320,0.8,FALSE,TRUE,3,5,TRUE,TRUE,"pkg.metagenomeSeq.noAdj",0.22421052631579,0.267801418439716,42.02,0.09,0.88108898653546,15.44,160,19,0.3224796875,0.285260546875,0,100
"prevalence",320,0.8,FALSE,TRUE,3,5,TRUE,TRUE,"pkg.ZINQ.cov",0.564210526315789,0.14063829787234,30.55,0.29,0.437277729550478,10.47,160,19,0.3224796875,0.285260546875,0,100
"prevalence",320,0.8,FALSE,TRUE,3,5,TRUE,TRUE,"pkg.ZINQ.depth",0.418421052631579,0.0494326241134752,14.92,0.0673684210526316,0.042,1.38,160,19,0.3224796875,0.285260546875,0,100
"prevalence",320,0.8,FALSE,TRUE,3,5,TRUE,TRUE,"pkg.ZINQ.depthCov",0.423157894736842,0.0546808510638298,15.75,0.0763157894736842,0.0551904761904762,1.59,160,19,0.3224796875,0.285260546875,0,100
"prevalence",320,0.8,FALSE,TRUE,3,5,TRUE,TRUE,"pkg.ZINQ.noAdjust",0.555263157894737,0.139929078014184,30.28,0.27421052631579,0.457490844102653,10,160,19,0.3224796875,0.285260546875,0,100
"prevalence",320,0.8,FALSE,TRUE,3,5,TRUE,TRUE,"presence(Fisher)",0.594736842105263,0.128085106382979,29.36,0.31,0.39416827298948,10.41,160,19,0.3224796875,0.285260546875,0,100
"prevalence",320,0.8,FALSE,TRUE,3,5,TRUE,TRUE,"presence(logistic+depth)",0.527894736842105,0.0453191489361702,16.42,0.098421052631579,0.0270238095238095,1.96,160,19,0.3224796875,0.285260546875,0,100
"prevalence",320,0.8,FALSE,TRUE,3,5,TRUE,TRUE,"presence(logistic+depth+z)",0.542631578947368,0.0453900709219858,16.71,0.118947368421053,0.0241666666666667,2.35,160,19,0.3224796875,0.285260546875,0,100
"prevalence",320,0.8,FALSE,TRUE,3,5,TRUE,TRUE,"prevalence(Tobit).adj",0.829473684210526,0.0601418439716312,24.24,0.531052631578947,0.0629468178879944,10.88,160,19,0.3224796875,0.285260546875,0,100
"prevalence",320,0.8,FALSE,TRUE,3,5,TRUE,TRUE,"prevalence(Tobit).noAdj",0.826842105263158,0.0670921985815603,25.17,0.517368421052632,0.0781051791345909,10.72,160,19,0.3224796875,0.285260546875,0,100
"prevalence",320,0.8,TRUE,TRUE,3,5,TRUE,TRUE,"abundance(AHC-LinDA).adj",0.0763157894736842,0.0611347517730496,10.07,0.00210526315789474,0.115,0.18,160,19,0.322105859375,0.285509375,0,100
"prevalence",320,0.8,TRUE,TRUE,3,5,TRUE,TRUE,"abundance(AHC-LinDA).noAdj",0.265263157894737,0.275673758865248,43.91,0.125789473684211,0.889193800917477,21.16,160,19,0.322105859375,0.285509375,0,100
"prevalence",320,0.8,TRUE,TRUE,3,5,TRUE,TRUE,"obsTwo.depthCov",0.44,0.0499290780141844,15.4,0.0636842105263158,0.04825,1.31,160,19,0.322105859375,0.285509375,0,100
"prevalence",320,0.8,TRUE,TRUE,3,5,TRUE,TRUE,"obsTwo.simple",0.666842105263158,0.495035460992908,82.47,0.586315789473684,0.829198544948839,67.57,160,19,0.322105859375,0.285509375,0,100
"prevalence",320,0.8,TRUE,TRUE,3,5,TRUE,TRUE,"OMNIBUS(ACAT).adj",0.701578947368421,0.0612056737588652,21.96,0.308421052631579,0.0827138417138417,6.54,160,19,0.322105859375,0.285509375,0,100
"prevalence",320,0.8,TRUE,TRUE,3,5,TRUE,TRUE,"OMNIBUS(ACAT).noAdj",0.722105263157895,0.366666666666667,65.42,0.617894736842105,0.724010614341575,45.52,160,19,0.322105859375,0.285509375,0,100
"prevalence",320,0.8,TRUE,TRUE,3,5,TRUE,TRUE,"OMNIBUS(Bonf-minP).adj",0.696842105263158,0.059645390070922,21.65,0.306842105263158,0.082970251970252,6.52,160,19,0.322105859375,0.285509375,0,100
"prevalence",320,0.8,TRUE,TRUE,3,5,TRUE,TRUE,"OMNIBUS(Bonf-minP).noAdj",0.711578947368421,0.356737588652482,63.82,0.61,0.719825077413513,44.17,160,19,0.322105859375,0.285509375,0,100
"prevalence",320,0.8,TRUE,TRUE,3,5,TRUE,TRUE,"oracle.prev.cov",0.807368421052632,0.050709219858156,22.49,0.44421052631579,0.0403506477182948,8.85,160,19,0.322105859375,0.285509375,0,100
"prevalence",320,0.8,TRUE,TRUE,3,5,TRUE,TRUE,"oracle.prev.noAdj",0.70578947368421,0.228085106382979,45.57,0.577894736842105,0.568009106691252,27.06,160,19,0.322105859375,0.285509375,0.01,100
"prevalence",320,0.8,TRUE,TRUE,3,5,TRUE,TRUE,"pkg.ANCOMBC.cov",0.186315789473684,0.145602836879433,24.07,0.0615789473684211,0.741250693605233,6.92,160,19,0.322105859375,0.285509375,0,100
"prevalence",320,0.8,TRUE,TRUE,3,5,TRUE,TRUE,"pkg.ANCOMBC.noAdj",0.426842105263158,0.418368794326241,67.1,0.323157894736842,0.879977944797017,50.96,160,19,0.322105859375,0.285509375,0,100
"prevalence",320,0.8,TRUE,TRUE,3,5,TRUE,TRUE,"pkg.DESeq2.cov",0.126315789473684,0.0450354609929078,8.75,0.00368421052631579,0.05,0.12,160,19,0.322105859375,0.285509375,0,100
"prevalence",320,0.8,TRUE,TRUE,3,5,TRUE,TRUE,"pkg.DESeq2.noAdj",0.349473684210526,0.344184397163121,55.17,0.220526315789474,0.878525678404558,35.53,160,19,0.322105859375,0.285509375,0,100
"prevalence",320,0.8,TRUE,TRUE,3,5,TRUE,TRUE,"pkg.edgeR.cov",0.167894736842105,0.0480141843971631,9.96,0.0105263157894737,0.04,0.26,160,19,0.322105859375,0.285509375,0,100
"prevalence",320,0.8,TRUE,TRUE,3,5,TRUE,TRUE,"pkg.edgeR.noAdj",0.376315789473684,0.341985815602837,55.37,0.24,0.868859071884604,35.5,160,19,0.322105859375,0.285509375,0,100
"prevalence",320,0.8,TRUE,TRUE,3,5,TRUE,TRUE,"pkg.metagenomeSeq.cov",0.737368421052631,0.737304964539007,117.97,0.716842105263158,0.881501065795344,114.97,160,19,0.322105859375,0.285509375,0,100
"prevalence",320,0.8,TRUE,TRUE,3,5,TRUE,TRUE,"pkg.metagenomeSeq.noAdj",0.459473684210526,0.464255319148936,74.19,0.381052631578947,0.881328848660279,61.08,160,19,0.322105859375,0.285509375,0,100
"prevalence",320,0.8,TRUE,TRUE,3,5,TRUE,TRUE,"pkg.ZINQ.cov",0.5,0.125531914893617,27.2,0.186842105263158,0.397746732026144,6.25,160,19,0.322105859375,0.285509375,0,100
"prevalence",320,0.8,TRUE,TRUE,3,5,TRUE,TRUE,"pkg.ZINQ.depth",0.542631578947368,0.282482269503546,50.14,0.286842105263158,0.662325950818978,20.22,160,19,0.322105859375,0.285509375,0,100
"prevalence",320,0.8,TRUE,TRUE,3,5,TRUE,TRUE,"pkg.ZINQ.depthCov",0.408421052631579,0.0559574468085106,15.65,0.06,0.03,1.23,160,19,0.322105859375,0.285509375,0,100
"prevalence",320,0.8,TRUE,TRUE,3,5,TRUE,TRUE,"pkg.ZINQ.noAdjust",0.668421052631579,0.501631205673759,83.43,0.592105263157895,0.827479640835554,67.62,160,19,0.322105859375,0.285509375,0,100
"prevalence",320,0.8,TRUE,TRUE,3,5,TRUE,TRUE,"presence(Fisher)",0.561578947368421,0.285886524822695,50.98,0.44,0.726295246912966,31.69,160,19,0.322105859375,0.285509375,0.01,100
"prevalence",320,0.8,TRUE,TRUE,3,5,TRUE,TRUE,"presence(logistic+depth)",0.529473684210526,0.152695035460993,31.59,0.247368421052632,0.389136642167602,8.86,160,19,0.322105859375,0.285509375,0,100
"prevalence",320,0.8,TRUE,TRUE,3,5,TRUE,TRUE,"presence(logistic+depth+z)",0.522631578947368,0.0485815602836879,16.78,0.088421052631579,0.0440476190476191,1.84,160,19,0.322105859375,0.285509375,0,100
"prevalence",320,0.8,TRUE,TRUE,3,5,TRUE,TRUE,"prevalence(Tobit).adj",0.781578947368421,0.0615602836879433,23.53,0.397894736842105,0.0565704181439476,8.08,160,19,0.322105859375,0.285509375,0,100
"prevalence",320,0.8,TRUE,TRUE,3,5,TRUE,TRUE,"prevalence(Tobit).noAdj",0.710526315789474,0.256312056737589,49.64,0.577894736842105,0.606158832843775,29.22,160,19,0.322105859375,0.285509375,0,100
"prevalence",320,1.2,FALSE,TRUE,3,5,TRUE,TRUE,"abundance(AHC-LinDA).adj",0.0931578947368421,0.0581560283687943,9.97,0.00157894736842105,0.075,0.11,160,19,0.326463671875,0.2900875,0,100
"prevalence",320,1.2,FALSE,TRUE,3,5,TRUE,TRUE,"abundance(AHC-LinDA).noAdj",0.0994736842105264,0.0560283687943263,9.79,0.00368421052631579,0.0783333333333333,0.19,160,19,0.326463671875,0.2900875,0,100
"prevalence",320,1.2,FALSE,TRUE,3,5,TRUE,TRUE,"obsTwo.depthCov",0.803684210526316,0.051418439716312,22.52,0.478947368421053,0.0494362026862027,9.61,160,19,0.326463671875,0.2900875,0,100
"prevalence",320,1.2,FALSE,TRUE,3,5,TRUE,TRUE,"obsTwo.simple",0.881052631578947,0.13886524822695,36.32,0.762631578947368,0.308211547436817,21.49,160,19,0.326463671875,0.2900875,0,100
"prevalence",320,1.2,FALSE,TRUE,3,5,TRUE,TRUE,"OMNIBUS(ACAT).adj",0.977368421052632,0.0602127659574468,27.06,0.915789473684211,0.0554302328226208,18.51,160,19,0.326463671875,0.2900875,0,100
"prevalence",320,1.2,FALSE,TRUE,3,5,TRUE,TRUE,"OMNIBUS(ACAT).noAdj",0.976315789473684,0.0627659574468085,27.4,0.911052631578947,0.0617626342357632,18.53,160,19,0.326463671875,0.2900875,0,100
"prevalence",320,1.2,FALSE,TRUE,3,5,TRUE,TRUE,"OMNIBUS(Bonf-minP).adj",0.977894736842105,0.0582978723404255,26.8,0.916315789473684,0.054867805922036,18.51,160,19,0.326463671875,0.2900875,0,100
"prevalence",320,1.2,FALSE,TRUE,3,5,TRUE,TRUE,"OMNIBUS(Bonf-minP).noAdj",0.977368421052632,0.061418439716312,27.23,0.91,0.0615225358838227,18.51,160,19,0.326463671875,0.2900875,0,100
"prevalence",320,1.2,FALSE,TRUE,3,5,TRUE,TRUE,"oracle.prev.cov",0.995789473684211,0.0514893617021277,26.18,0.968947368421053,0.0383974626949455,19.19,160,19,0.326463671875,0.2900875,0,100
"prevalence",320,1.2,FALSE,TRUE,3,5,TRUE,TRUE,"oracle.prev.noAdj",0.991578947368421,0.0387943262411348,24.31,0.956842105263158,0.0262969008975201,18.7,160,19,0.326463671875,0.2900875,0.02,100
"prevalence",320,1.2,FALSE,TRUE,3,5,TRUE,TRUE,"pkg.ANCOMBC.cov",0.211578947368421,0.145106382978723,24.48,0.0768421052631579,0.793841528329762,7.71,160,19,0.326463671875,0.2900875,0,100
"prevalence",320,1.2,FALSE,TRUE,3,5,TRUE,TRUE,"pkg.ANCOMBC.noAdj",0.211578947368421,0.148297872340426,24.93,0.0757894736842105,0.762880750075443,7.64,160,19,0.326463671875,0.2900875,0,100
"prevalence",320,1.2,FALSE,TRUE,3,5,TRUE,TRUE,"pkg.DESeq2.cov",0.422105263157895,0.0586524822695035,16.29,0.0478947368421053,0.0986666666666667,1.09,160,19,0.326463671875,0.2900875,0,100
"prevalence",320,1.2,FALSE,TRUE,3,5,TRUE,TRUE,"pkg.DESeq2.noAdj",0.369473684210526,0.0648936170212766,16.17,0.0394736842105263,0.163452380952381,1.11,160,19,0.326463671875,0.2900875,0,100
"prevalence",320,1.2,FALSE,TRUE,3,5,TRUE,TRUE,"pkg.edgeR.cov",0.495789473684211,0.0512765957446808,16.65,0.138421052631579,0.0442698412698413,2.81,160,19,0.326463671875,0.2900875,0,100
"prevalence",320,1.2,FALSE,TRUE,3,5,TRUE,TRUE,"pkg.edgeR.noAdj",0.445263157894737,0.0587234042553191,16.74,0.111052631578947,0.0974285714285714,2.42,160,19,0.326463671875,0.2900875,0,100
"prevalence",320,1.2,FALSE,TRUE,3,5,TRUE,TRUE,"pkg.metagenomeSeq.cov",0.75,0.755531914893617,120.78,0.731052631578947,0.882665532518917,118.41,160,19,0.326463671875,0.2900875,0,100
"prevalence",320,1.2,FALSE,TRUE,3,5,TRUE,TRUE,"pkg.metagenomeSeq.noAdj",0.367368421052632,0.302765957446808,49.67,0.232631578947369,0.790613269008963,23.65,160,19,0.326463671875,0.2900875,0,100
"prevalence",320,1.2,FALSE,TRUE,3,5,TRUE,TRUE,"pkg.ZINQ.cov",0.891578947368421,0.138936170212766,36.53,0.777368421052631,0.30503551876647,21.8,160,19,0.326463671875,0.2900875,0,100
"prevalence",320,1.2,FALSE,TRUE,3,5,TRUE,TRUE,"pkg.ZINQ.depth",0.77,0.0548936170212766,22.37,0.455789473684211,0.0508292263292263,9.17,160,19,0.326463671875,0.2900875,0,100
"prevalence",320,1.2,FALSE,TRUE,3,5,TRUE,TRUE,"pkg.ZINQ.depthCov",0.784210526315789,0.0547517730496454,22.62,0.466315789473684,0.0439663947163947,9.31,160,19,0.326463671875,0.2900875,0,100
"prevalence",320,1.2,FALSE,TRUE,3,5,TRUE,TRUE,"pkg.ZINQ.noAdjust",0.878421052631579,0.138581560283688,36.23,0.762631578947368,0.302241142457318,21.25,160,19,0.326463671875,0.2900875,0,100
"prevalence",320,1.2,FALSE,TRUE,3,5,TRUE,TRUE,"presence(Fisher)",0.890526315789474,0.136241134751773,36.13,0.792105263157895,0.298959663879985,22,160,19,0.326463671875,0.2900875,0.01,100
"prevalence",320,1.2,FALSE,TRUE,3,5,TRUE,TRUE,"presence(logistic+depth)",0.855789473684211,0.0483687943262411,23.08,0.563157894736842,0.0401574340691988,11.19,160,19,0.326463671875,0.2900875,0,100
"prevalence",320,1.2,FALSE,TRUE,3,5,TRUE,TRUE,"presence(logistic+depth+z)",0.867894736842105,0.0493617021276596,23.45,0.579473684210526,0.0360288404406051,11.48,160,19,0.326463671875,0.2900875,0,100
"prevalence",320,1.2,FALSE,TRUE,3,5,TRUE,TRUE,"prevalence(Tobit).adj",0.987368421052632,0.0599290780141844,27.21,0.946842105263158,0.0610331932093272,19.24,160,19,0.326463671875,0.2900875,0,100
"prevalence",320,1.2,FALSE,TRUE,3,5,TRUE,TRUE,"prevalence(Tobit).noAdj",0.98421052631579,0.066241134751773,28.04,0.942631578947369,0.0662988254174147,19.26,160,19,0.326463671875,0.2900875,0,100
"prevalence",320,1.2,TRUE,TRUE,3,5,TRUE,TRUE,"abundance(AHC-LinDA).adj",0.0847368421052632,0.0586524822695035,9.88,0.0031578947368421,0.0616666666666667,0.14,160,19,0.3265685546875,0.289580078125,0,100
"prevalence",320,1.2,TRUE,TRUE,3,5,TRUE,TRUE,"abundance(AHC-LinDA).noAdj",0.263157894736842,0.266879432624113,42.63,0.12,0.855490122759214,19.73,160,19,0.3265685546875,0.289580078125,0,100
"prevalence",320,1.2,TRUE,TRUE,3,5,TRUE,TRUE,"obsTwo.depthCov",0.767368421052632,0.0515602836879433,21.85,0.384210526315789,0.0309036796536797,7.6,160,19,0.3265685546875,0.289580078125,0,100
"prevalence",320,1.2,TRUE,TRUE,3,5,TRUE,TRUE,"obsTwo.simple",0.845789473684211,0.500992907801418,86.71,0.807368421052632,0.788376606766824,73.75,160,19,0.3265685546875,0.289580078125,0,100
"prevalence",320,1.2,TRUE,TRUE,3,5,TRUE,TRUE,"OMNIBUS(ACAT).adj",0.949473684210526,0.0606382978723404,26.59,0.835263157894737,0.0629092595085326,17,160,19,0.3265685546875,0.289580078125,0,100
"prevalence",320,1.2,TRUE,TRUE,3,5,TRUE,TRUE,"OMNIBUS(ACAT).noAdj",0.917368421052632,0.363971631205674,68.75,0.855263157894737,0.657509909843962,50.3,160,19,0.3265685546875,0.289580078125,0,100
"prevalence",320,1.2,TRUE,TRUE,3,5,TRUE,TRUE,"OMNIBUS(Bonf-minP).adj",0.951052631578947,0.0595744680851064,26.47,0.832631578947368,0.0614968862519004,16.92,160,19,0.3265685546875,0.289580078125,0,100
"prevalence",320,1.2,TRUE,TRUE,3,5,TRUE,TRUE,"OMNIBUS(Bonf-minP).noAdj",0.918421052631579,0.356524822695035,67.72,0.847894736842105,0.652006446325797,49.05,160,19,0.3265685546875,0.289580078125,0,100
"prevalence",320,1.2,TRUE,TRUE,3,5,TRUE,TRUE,"oracle.prev.cov",0.981052631578948,0.0460992907801418,25.14,0.91421052631579,0.0383669188568569,18.1,160,19,0.3265685546875,0.289580078125,0,100
"prevalence",320,1.2,TRUE,TRUE,3,5,TRUE,TRUE,"oracle.prev.noAdj",0.92421052631579,0.235886524822695,50.82,0.863684210526316,0.502022295552682,34.19,160,19,0.3265685546875,0.289580078125,0.04,100
"prevalence",320,1.2,TRUE,TRUE,3,5,TRUE,TRUE,"pkg.ANCOMBC.cov",0.181578947368421,0.140354609929078,23.24,0.0515789473684211,0.800629233085755,6.32,160,19,0.3265685546875,0.289580078125,0,100
"prevalence",320,1.2,TRUE,TRUE,3,5,TRUE,TRUE,"pkg.ANCOMBC.noAdj",0.422631578947368,0.415602836879433,66.63,0.331578947368421,0.873668323038465,50.1,160,19,0.3265685546875,0.289580078125,0,100
"prevalence",320,1.2,TRUE,TRUE,3,5,TRUE,TRUE,"pkg.DESeq2.cov",0.336315789473684,0.0517021276595745,13.68,0.0310526315789474,0.0673333333333333,0.76,160,19,0.3265685546875,0.289580078125,0,100
"prevalence",320,1.2,TRUE,TRUE,3,5,TRUE,TRUE,"pkg.DESeq2.noAdj",0.461052631578947,0.343829787234043,57.24,0.325789473684211,0.834053275311327,38.61,160,19,0.3265685546875,0.289580078125,0,100
"prevalence",320,1.2,TRUE,TRUE,3,5,TRUE,TRUE,"pkg.edgeR.cov",0.437368421052632,0.0448936170212766,14.64,0.0852631578947368,0.0279285714285714,1.72,160,19,0.3265685546875,0.289580078125,0,100
"prevalence",320,1.2,TRUE,TRUE,3,5,TRUE,TRUE,"pkg.edgeR.noAdj",0.505263157894737,0.340354609929078,57.59,0.378421052631579,0.805546611067077,38.46,160,19,0.3265685546875,0.289580078125,0,100
"prevalence",320,1.2,TRUE,TRUE,3,5,TRUE,TRUE,"pkg.metagenomeSeq.cov",0.745263157894737,0.735390070921986,117.85,0.731578947368421,0.879193222622611,115.18,160,19,0.3265685546875,0.289580078125,0,100
"prevalence",320,1.2,TRUE,TRUE,3,5,TRUE,TRUE,"pkg.metagenomeSeq.noAdj",0.515263157894737,0.475177304964539,76.79,0.443157894736842,0.86858334550641,64.17,160,19,0.3265685546875,0.289580078125,0,100
"prevalence",320,1.2,TRUE,TRUE,3,5,TRUE,TRUE,"pkg.ZINQ.cov",0.834736842105263,0.127304964539007,33.81,0.675263157894737,0.268312299405286,18.02,160,19,0.3265685546875,0.289580078125,0,100
"prevalence",320,1.2,TRUE,TRUE,3,5,TRUE,TRUE,"pkg.ZINQ.depth",0.761578947368421,0.275673758865248,53.34,0.591578947368421,0.55375414748349,28.45,160,19,0.3265685546875,0.289580078125,0,100
"prevalence",320,1.2,TRUE,TRUE,3,5,TRUE,TRUE,"pkg.ZINQ.depthCov",0.743684210526316,0.0558156028368794,22,0.384736842105263,0.0311800699300699,7.62,160,19,0.3265685546875,0.289580078125,0,100
"prevalence",320,1.2,TRUE,TRUE,3,5,TRUE,TRUE,"pkg.ZINQ.noAdjust",0.84421052631579,0.505248226950355,87.28,0.801052631578947,0.78663090223093,72.81,160,19,0.3265685546875,0.289580078125,0,100
"prevalence",320,1.2,TRUE,TRUE,3,5,TRUE,TRUE,"presence(Fisher)",0.810526315789474,0.295035460992908,57,0.734736842105263,0.648500352897273,40.48,160,19,0.3265685546875,0.289580078125,0.01,100
"prevalence",320,1.2,TRUE,TRUE,3,5,TRUE,TRUE,"presence(logistic+depth)",0.772631578947368,0.155602836879433,36.62,0.573157894736842,0.315848122757308,16.91,160,19,0.3265685546875,0.289580078125,0,100
"prevalence",320,1.2,TRUE,TRUE,3,5,TRUE,TRUE,"presence(logistic+depth+z)",0.833157894736842,0.0476595744680851,22.55,0.486315789473684,0.039495710988358,9.64,160,19,0.3265685546875,0.289580078125,0,100
"prevalence",320,1.2,TRUE,TRUE,3,5,TRUE,TRUE,"prevalence(Tobit).adj",0.972105263157895,0.0590070921985816,26.79,0.880526315789474,0.0557160213367644,17.77,160,19,0.3265685546875,0.289580078125,0,100
"prevalence",320,1.2,TRUE,TRUE,3,5,TRUE,TRUE,"prevalence(Tobit).noAdj",0.92421052631579,0.260709219858156,54.32,0.85,0.530799570546223,35.77,160,19,0.3265685546875,0.289580078125,0,100
"prevalence",320,1.6,FALSE,TRUE,3,5,TRUE,TRUE,"abundance(AHC-LinDA).adj",0.101578947368421,0.0617021276595745,10.63,0.00947368421052632,0.0983333333333333,0.36,160,19,0.3341080078125,0.29785,0,100
"prevalence",320,1.6,FALSE,TRUE,3,5,TRUE,TRUE,"abundance(AHC-LinDA).noAdj",0.120526315789474,0.0563829787234042,10.24,0.0110526315789474,0.075,0.35,160,19,0.3341080078125,0.29785,0,100
"prevalence",320,1.6,FALSE,TRUE,3,5,TRUE,TRUE,"obsTwo.depthCov",0.95421052631579,0.0565957446808511,26.11,0.854736842105263,0.0551970972316745,17.28,160,19,0.3341080078125,0.29785,0,100
"prevalence",320,1.6,FALSE,TRUE,3,5,TRUE,TRUE,"obsTwo.simple",0.975789473684211,0.138297872340426,38.04,0.938421052631579,0.290891984833847,25.49,160,19,0.3341080078125,0.29785,0,100
"prevalence",320,1.6,FALSE,TRUE,3,5,TRUE,TRUE,"OMNIBUS(ACAT).adj",0.995789473684211,0.059645390070922,27.33,0.989473684210526,0.0657165311169888,20.19,160,19,0.3341080078125,0.29785,0,100
"prevalence",320,1.6,FALSE,TRUE,3,5,TRUE,TRUE,"OMNIBUS(ACAT).noAdj",0.996842105263158,0.0607801418439716,27.51,0.99,0.0690201665230269,20.28,160,19,0.3341080078125,0.29785,0,100
"prevalence",320,1.6,FALSE,TRUE,3,5,TRUE,TRUE,"OMNIBUS(Bonf-minP).adj",0.995789473684211,0.0590070921985816,27.24,0.989473684210526,0.065151254288554,20.18,160,19,0.3341080078125,0.29785,0,100
"prevalence",320,1.6,FALSE,TRUE,3,5,TRUE,TRUE,"OMNIBUS(Bonf-minP).noAdj",0.996842105263158,0.0605673758865248,27.48,0.989473684210526,0.0677086193745232,20.24,160,19,0.3341080078125,0.29785,0,100
"prevalence",320,1.6,FALSE,TRUE,3,5,TRUE,TRUE,"oracle.prev.cov",1,0.0442553191489362,25.24,0.997894736842105,0.0297922077922078,19.57,160,19,0.3341080078125,0.29785,0,100
"prevalence",320,1.6,FALSE,TRUE,3,5,TRUE,TRUE,"oracle.prev.noAdj",0.999473684210526,0.0325531914893617,23.58,0.996842105263158,0.0255501253132832,19.46,160,19,0.3341080078125,0.29785,0.04,100
"prevalence",320,1.6,FALSE,TRUE,3,5,TRUE,TRUE,"pkg.ANCOMBC.cov",0.223684210526316,0.153475177304965,25.89,0.0784210526315789,0.812666832608396,8.99,160,19,0.3341080078125,0.29785,0,100
"prevalence",320,1.6,FALSE,TRUE,3,5,TRUE,TRUE,"pkg.ANCOMBC.noAdj",0.237894736842105,0.15758865248227,26.74,0.096842105263158,0.786203184902572,9.48,160,19,0.3341080078125,0.29785,0,100
"prevalence",320,1.6,FALSE,TRUE,3,5,TRUE,TRUE,"pkg.DESeq2.cov",0.726842105263158,0.0631914893617021,22.72,0.324736842105263,0.0789322899322899,6.79,160,19,0.3341080078125,0.29785,0,100
"prevalence",320,1.6,FALSE,TRUE,3,5,TRUE,TRUE,"pkg.DESeq2.noAdj",0.674210526315789,0.0680851063829787,22.41,0.271052631578947,0.108249653124653,5.9,160,19,0.3341080078125,0.29785,0,100
"prevalence",320,1.6,FALSE,TRUE,3,5,TRUE,TRUE,"pkg.edgeR.cov",0.786315789473684,0.0523404255319149,22.32,0.494210526315789,0.0312567571317571,9.75,160,19,0.3341080078125,0.29785,0,100
"prevalence",320,1.6,FALSE,TRUE,3,5,TRUE,TRUE,"pkg.edgeR.noAdj",0.736315789473684,0.0583687943262411,22.22,0.445263157894737,0.0594434731934732,9.07,160,19,0.3341080078125,0.29785,0,100
"prevalence",320,1.6,FALSE,TRUE,3,5,TRUE,TRUE,"pkg.metagenomeSeq.cov",0.74,0.757304964539007,120.84,0.724210526315789,0.883606484060659,118.28,160,19,0.3341080078125,0.29785,0,100
"prevalence",320,1.6,FALSE,TRUE,3,5,TRUE,TRUE,"pkg.metagenomeSeq.noAdj",0.54578947368421,0.322482269503546,55.84,0.441578947368421,0.716707541931002,32.2,160,19,0.3341080078125,0.29785,0,100
"prevalence",320,1.6,FALSE,TRUE,3,5,TRUE,TRUE,"pkg.ZINQ.cov",0.976315789473684,0.146524822695036,39.21,0.947894736842105,0.292743907277157,25.85,160,19,0.3341080078125,0.29785,0,100
"prevalence",320,1.6,FALSE,TRUE,3,5,TRUE,TRUE,"pkg.ZINQ.depth",0.943157894736842,0.059645390070922,26.33,0.84,0.055179815067973,16.96,160,19,0.3341080078125,0.29785,0,100
"prevalence",320,1.6,FALSE,TRUE,3,5,TRUE,TRUE,"pkg.ZINQ.depthCov",0.946842105263158,0.0621276595744681,26.75,0.848947368421053,0.0583167207233771,17.21,160,19,0.3341080078125,0.29785,0,100
"prevalence",320,1.6,FALSE,TRUE,3,5,TRUE,TRUE,"pkg.ZINQ.noAdjust",0.973684210526316,0.139574468085106,38.18,0.941578947368421,0.284453588627186,25.33,160,19,0.3341080078125,0.29785,0,100
"prevalence",320,1.6,FALSE,TRUE,3,5,TRUE,TRUE,"presence(Fisher)",0.971052631578948,0.130283687943262,36.82,0.948947368421053,0.266733882142401,24.91,160,19,0.3341080078125,0.29785,0.01,100
"prevalence",320,1.6,FALSE,TRUE,3,5,TRUE,TRUE,"presence(logistic+depth)",0.968947368421053,0.0473049645390071,25.08,0.887894736842105,0.0351296623912723,17.51,160,19,0.3341080078125,0.29785,0,100
"prevalence",320,1.6,FALSE,TRUE,3,5,TRUE,TRUE,"presence(logistic+depth+z)",0.97,0.0490070921985815,25.34,0.897894736842105,0.0373849882058086,17.76,160,19,0.3341080078125,0.29785,0,100
"prevalence",320,1.6,FALSE,TRUE,3,5,TRUE,TRUE,"prevalence(Tobit).adj",0.996842105263158,0.0551063829787234,26.71,0.991052631578947,0.0481485152274626,19.83,160,19,0.3341080078125,0.29785,0,100
"prevalence",320,1.6,FALSE,TRUE,3,5,TRUE,TRUE,"prevalence(Tobit).noAdj",0.997894736842105,0.0595035460992908,27.35,0.992105263157895,0.0586809167186741,20.08,160,19,0.3341080078125,0.29785,0,100
"prevalence",320,1.6,TRUE,TRUE,3,5,TRUE,TRUE,"abundance(AHC-LinDA).adj",0.112105263157895,0.0619148936170213,10.86,0.00631578947368421,0.0875,0.31,160,19,0.332315625,0.296098046875,0,100
"prevalence",320,1.6,TRUE,TRUE,3,5,TRUE,TRUE,"abundance(AHC-LinDA).noAdj",0.277894736842105,0.279148936170213,44.64,0.142105263157895,0.871449375139491,22.62,160,19,0.332315625,0.296098046875,0,100
"prevalence",320,1.6,TRUE,TRUE,3,5,TRUE,TRUE,"obsTwo.depthCov",0.938421052631579,0.0602127659574468,26.32,0.802105263157895,0.0516686363714059,16.16,160,19,0.332315625,0.296098046875,0,100
"prevalence",320,1.6,TRUE,TRUE,3,5,TRUE,TRUE,"obsTwo.simple",0.956842105263158,0.505886524822695,89.51,0.94,0.765724435511843,77.99,160,19,0.332315625,0.296098046875,0,100
"prevalence",320,1.6,TRUE,TRUE,3,5,TRUE,TRUE,"OMNIBUS(ACAT).adj",0.995789473684211,0.0628368794326241,27.78,0.983157894736842,0.0701543536597312,20.19,160,19,0.332315625,0.296098046875,0,100
"prevalence",320,1.6,TRUE,TRUE,3,5,TRUE,TRUE,"OMNIBUS(ACAT).noAdj",0.981578947368421,0.369574468085106,70.76,0.968947368421053,0.640546075612714,54.29,160,19,0.332315625,0.296098046875,0,100
"prevalence",320,1.6,TRUE,TRUE,3,5,TRUE,TRUE,"OMNIBUS(Bonf-minP).adj",0.995263157894737,0.0624822695035461,27.72,0.983157894736842,0.0710774948460303,20.21,160,19,0.332315625,0.296098046875,0,100
"prevalence",320,1.6,TRUE,TRUE,3,5,TRUE,TRUE,"OMNIBUS(Bonf-minP).noAdj",0.983157894736842,0.362695035460993,69.82,0.967368421052632,0.634644168749519,53.25,160,19,0.332315625,0.296098046875,0,100
"prevalence",320,1.6,TRUE,TRUE,3,5,TRUE,TRUE,"oracle.prev.cov",1,0.0504964539007092,26.12,0.996842105263158,0.0403347102935203,19.78,160,19,0.332315625,0.296098046875,0,100
"prevalence",320,1.6,TRUE,TRUE,3,5,TRUE,TRUE,"oracle.prev.noAdj",0.987368421052632,0.23177304964539,51.44,0.970526315789474,0.47767962752811,36.69,160,19,0.332315625,0.296098046875,0.01,100
"prevalence",320,1.6,TRUE,TRUE,3,5,TRUE,TRUE,"pkg.ANCOMBC.cov",0.23421052631579,0.163120567375887,27.45,0.0905263157894737,0.790512041956384,9.04,160,19,0.332315625,0.296098046875,0,100
"prevalence",320,1.6,TRUE,TRUE,3,5,TRUE,TRUE,"pkg.ANCOMBC.noAdj",0.44421052631579,0.425106382978723,68.38,0.354736842105263,0.870613497331922,52.67,160,19,0.332315625,0.296098046875,0,100
"prevalence",320,1.6,TRUE,TRUE,3,5,TRUE,TRUE,"pkg.DESeq2.cov",0.633157894736842,0.0560992907801418,19.94,0.211578947368421,0.0559844877344878,4.38,160,19,0.332315625,0.296098046875,0,100
"prevalence",320,1.6,TRUE,TRUE,3,5,TRUE,TRUE,"pkg.DESeq2.noAdj",0.632631578947368,0.346312056737589,60.85,0.521052631578947,0.76198293709488,42.98,160,19,0.332315625,0.296098046875,0,100
"prevalence",320,1.6,TRUE,TRUE,3,5,TRUE,TRUE,"pkg.edgeR.cov",0.715263157894737,0.0476595744680851,20.31,0.384736842105263,0.0419263514263514,7.71,160,19,0.332315625,0.296098046875,0,100
"prevalence",320,1.6,TRUE,TRUE,3,5,TRUE,TRUE,"pkg.edgeR.noAdj",0.674210526315789,0.344042553191489,61.32,0.590526315789474,0.729242440187136,43.25,160,19,0.332315625,0.296098046875,0,100
"prevalence",320,1.6,TRUE,TRUE,3,5,TRUE,TRUE,"pkg.metagenomeSeq.cov",0.721052631578947,0.737304964539007,117.66,0.704210526315789,0.883663620457451,114.97,160,19,0.332315625,0.296098046875,0,100
"prevalence",320,1.6,TRUE,TRUE,3,5,TRUE,TRUE,"pkg.metagenomeSeq.noAdj",0.632631578947368,0.487234042553192,80.72,0.574736842105263,0.841220939971914,69.57,160,19,0.332315625,0.296098046875,0,100
"prevalence",320,1.6,TRUE,TRUE,3,5,TRUE,TRUE,"pkg.ZINQ.cov",0.962631578947369,0.126808510638298,36.17,0.922105263157895,0.238335772340156,23.35,160,19,0.332315625,0.296098046875,0,100
"prevalence",320,1.6,TRUE,TRUE,3,5,TRUE,TRUE,"pkg.ZINQ.depth",0.908421052631579,0.279929078014184,56.73,0.828947368421053,0.523842466437072,36.52,160,19,0.332315625,0.296098046875,0,100
"prevalence",320,1.6,TRUE,TRUE,3,5,TRUE,TRUE,"pkg.ZINQ.depthCov",0.932631578947369,0.06,26.18,0.805263157894737,0.0562553485647778,16.28,160,19,0.332315625,0.296098046875,0,100
"prevalence",320,1.6,TRUE,TRUE,3,5,TRUE,TRUE,"pkg.ZINQ.noAdjust",0.953684210526316,0.506950354609929,89.6,0.936315789473684,0.762478969326381,77.06,160,19,0.332315625,0.296098046875,0,100
"prevalence",320,1.6,TRUE,TRUE,3,5,TRUE,TRUE,"presence(Fisher)",0.941578947368421,0.29290780141844,59.19,0.91,0.59864174723294,44.44,160,19,0.332315625,0.296098046875,0,100
"prevalence",320,1.6,TRUE,TRUE,3,5,TRUE,TRUE,"presence(logistic+depth)",0.923157894736842,0.156170212765957,39.56,0.830526315789474,0.292058882403106,23.26,160,19,0.332315625,0.296098046875,0,100
"prevalence",320,1.6,TRUE,TRUE,3,5,TRUE,TRUE,"presence(logistic+depth+z)",0.956315789473684,0.0468794326241135,24.78,0.858947368421053,0.0420720600349083,17.09,160,19,0.332315625,0.296098046875,0,100
"prevalence",320,1.6,TRUE,TRUE,3,5,TRUE,TRUE,"prevalence(Tobit).adj",0.998421052631579,0.0564539007092198,26.93,0.988421052631579,0.0543868520114515,19.93,160,19,0.332315625,0.296098046875,0,100
"prevalence",320,1.6,TRUE,TRUE,3,5,TRUE,TRUE,"prevalence(Tobit).noAdj",0.985263157894737,0.257234042553191,54.99,0.969473684210526,0.512246032977147,39.07,160,19,0.332315625,0.296098046875,0,100
"prevalence",320,2,FALSE,TRUE,3,5,TRUE,TRUE,"abundance(AHC-LinDA).adj",0.139473684210526,0.0638297872340425,11.65,0.0226315789473684,0.077,0.56,160,19,0.3369658203125,0.3000705078125,0,100
"prevalence",320,2,FALSE,TRUE,3,5,TRUE,TRUE,"abundance(AHC-LinDA).noAdj",0.151578947368421,0.0613475177304965,11.53,0.0252631578947369,0.0586666666666667,0.59,160,19,0.3369658203125,0.3000705078125,0,100
"prevalence",320,2,FALSE,TRUE,3,5,TRUE,TRUE,"obsTwo.depthCov",0.991052631578947,0.0663829787234043,28.19,0.97,0.0684949107928311,19.87,160,19,0.3369658203125,0.3000705078125,0,100
"prevalence",320,2,FALSE,TRUE,3,5,TRUE,TRUE,"obsTwo.simple",0.986842105263158,0.144822695035461,39.17,0.977368421052632,0.291662816612492,26.78,160,19,0.3369658203125,0.3000705078125,0,100
"prevalence",320,2,FALSE,TRUE,3,5,TRUE,TRUE,"OMNIBUS(ACAT).adj",0.999473684210526,0.0634751773049645,27.94,0.999473684210526,0.0677600131752305,20.46,160,19,0.3369658203125,0.3000705078125,0,100
"prevalence",320,2,FALSE,TRUE,3,5,TRUE,TRUE,"OMNIBUS(ACAT).noAdj",1,0.0653900709219858,28.22,0.999473684210526,0.0652846444173675,20.4,160,19,0.3369658203125,0.3000705078125,0,100
"prevalence",320,2,FALSE,TRUE,3,5,TRUE,TRUE,"OMNIBUS(Bonf-minP).adj",0.999473684210526,0.0625531914893617,27.81,0.999473684210526,0.0666453886693017,20.43,160,19,0.3369658203125,0.3000705078125,0,100
"prevalence",320,2,FALSE,TRUE,3,5,TRUE,TRUE,"OMNIBUS(Bonf-minP).noAdj",1,0.0631914893617021,27.91,0.999473684210526,0.0635984972312203,20.36,160,19,0.3369658203125,0.3000705078125,0,100
"prevalence",320,2,FALSE,TRUE,3,5,TRUE,TRUE,"oracle.prev.cov",1,0.0523404255319149,26.38,1,0.0393787878787878,19.82,160,19,0.3369658203125,0.3000705078125,0,100
"prevalence",320,2,FALSE,TRUE,3,5,TRUE,TRUE,"oracle.prev.noAdj",1,0.0374468085106383,24.28,1,0.0265800865800866,19.55,160,19,0.3369658203125,0.3000705078125,0.05,100
"prevalence",320,2,FALSE,TRUE,3,5,TRUE,TRUE,"pkg.ANCOMBC.cov",0.279473684210526,0.16290780141844,28.28,0.124210526315789,0.752998110253528,10.12,160,19,0.3369658203125,0.3000705078125,0,100
"prevalence",320,2,FALSE,TRUE,3,5,TRUE,TRUE,"pkg.ANCOMBC.noAdj",0.292631578947369,0.168794326241135,29.36,0.137368421052632,0.738988767045075,11.54,160,19,0.3369658203125,0.3000705078125,0,100
"prevalence",320,2,FALSE,TRUE,3,5,TRUE,TRUE,"pkg.DESeq2.cov",0.910526315789474,0.0797163120567376,28.54,0.699473684210526,0.0847079377880461,14.62,160,19,0.3369658203125,0.3000705078125,0,100
"prevalence",320,2,FALSE,TRUE,3,5,TRUE,TRUE,"pkg.DESeq2.noAdj",0.871052631578947,0.085531914893617,28.61,0.632631578947368,0.111460430951917,13.62,160,19,0.3369658203125,0.3000705078125,0,100
"prevalence",320,2,FALSE,TRUE,3,5,TRUE,TRUE,"pkg.edgeR.cov",0.938421052631579,0.0565248226950355,25.8,0.802105263157895,0.0379312265391987,15.87,160,19,0.3369658203125,0.3000705078125,0,100
"prevalence",320,2,FALSE,TRUE,3,5,TRUE,TRUE,"pkg.edgeR.noAdj",0.902105263157895,0.0634751773049645,26.09,0.751578947368421,0.0564155221283704,15.14,160,19,0.3369658203125,0.3000705078125,0,100
"prevalence",320,2,FALSE,TRUE,3,5,TRUE,TRUE,"pkg.metagenomeSeq.cov",0.729473684210526,0.761063829787234,121.17,0.712631578947368,0.885991986672967,118.72,160,19,0.3369658203125,0.3000705078125,0,100
"prevalence",320,2,FALSE,TRUE,3,5,TRUE,TRUE,"pkg.metagenomeSeq.noAdj",0.743157894736842,0.369432624113475,66.21,0.67578947368421,0.708796122348319,45.85,160,19,0.3369658203125,0.3000705078125,0,100
"prevalence",320,2,FALSE,TRUE,3,5,TRUE,TRUE,"pkg.ZINQ.cov",0.991578947368421,0.153262411347518,40.45,0.982105263157895,0.299083899378761,27.15,160,19,0.3369658203125,0.3000705078125,0,100
"prevalence",320,2,FALSE,TRUE,3,5,TRUE,TRUE,"pkg.ZINQ.depth",0.988421052631579,0.0635460992907801,27.74,0.964736842105263,0.061341875136649,19.6,160,19,0.3369658203125,0.3000705078125,0,100
"prevalence",320,2,FALSE,TRUE,3,5,TRUE,TRUE,"pkg.ZINQ.depthCov",0.988947368421053,0.0695035460992908,28.59,0.967368421052632,0.0633466577132952,19.71,160,19,0.3369658203125,0.3000705078125,0,100
"prevalence",320,2,FALSE,TRUE,3,5,TRUE,TRUE,"pkg.ZINQ.noAdjust",0.99,0.149007092198582,39.82,0.981052631578948,0.293824222688346,26.99,160,19,0.3369658203125,0.3000705078125,0,100
"prevalence",320,2,FALSE,TRUE,3,5,TRUE,TRUE,"presence(Fisher)",0.988421052631579,0.142624113475177,38.89,0.982631578947369,0.286116105930382,26.67,160,19,0.3369658203125,0.3000705078125,0.02,100
"prevalence",320,2,FALSE,TRUE,3,5,TRUE,TRUE,"presence(logistic+depth)",0.993684210526316,0.048936170212766,25.78,0.978947368421053,0.0411501893733015,19.45,160,19,0.3369658203125,0.3000705078125,0,100
"prevalence",320,2,FALSE,TRUE,3,5,TRUE,TRUE,"presence(logistic+depth+z)",0.994736842105263,0.0509219858156028,26.08,0.981578947368421,0.037158961303126,19.42,160,19,0.3369658203125,0.3000705078125,0,100
"prevalence",320,2,FALSE,TRUE,3,5,TRUE,TRUE,"prevalence(Tobit).adj",1,0.060354609929078,27.51,0.999473684210526,0.0553460409918076,20.17,160,19,0.3369658203125,0.3000705078125,0,100
"prevalence",320,2,FALSE,TRUE,3,5,TRUE,TRUE,"prevalence(Tobit).noAdj",1,0.064468085106383,28.09,0.999473684210526,0.0614073434574578,20.32,160,19,0.3369658203125,0.3000705078125,0,100
"prevalence",320,2,TRUE,TRUE,3,5,TRUE,TRUE,"abundance(AHC-LinDA).adj",0.121052631578947,0.0620567375886525,11.05,0.0121052631578947,0.0841666666666667,0.37,160,19,0.3391615234375,0.3023837890625,0,100
"prevalence",320,2,TRUE,TRUE,3,5,TRUE,TRUE,"abundance(AHC-LinDA).noAdj",0.272105263157895,0.294184397163121,46.65,0.148421052631579,0.871489115481033,24,160,19,0.3391615234375,0.3023837890625,0,100
"prevalence",320,2,TRUE,TRUE,3,5,TRUE,TRUE,"obsTwo.depthCov",0.986842105263158,0.0626950354609929,27.59,0.953157894736842,0.0695031924148898,19.54,160,19,0.3391615234375,0.3023837890625,0,100
"prevalence",320,2,TRUE,TRUE,3,5,TRUE,TRUE,"obsTwo.simple",0.98421052631579,0.515177304964539,91.34,0.98,0.767968852002246,81.32,160,19,0.3391615234375,0.3023837890625,0,100
"prevalence",320,2,TRUE,TRUE,3,5,TRUE,TRUE,"OMNIBUS(ACAT).adj",0.997894736842105,0.0640425531914894,27.99,0.995789473684211,0.0710827716524513,20.47,160,19,0.3391615234375,0.3023837890625,0,100
"prevalence",320,2,TRUE,TRUE,3,5,TRUE,TRUE,"OMNIBUS(ACAT).noAdj",0.995263157894737,0.388936170212766,73.75,0.993157894736842,0.659947513265495,57.88,160,19,0.3391615234375,0.3023837890625,0,100
"prevalence",320,2,TRUE,TRUE,3,5,TRUE,TRUE,"OMNIBUS(Bonf-minP).adj",0.997894736842105,0.0621276595744681,27.72,0.995789473684211,0.071207277581305,20.47,160,19,0.3391615234375,0.3023837890625,0,100
"prevalence",320,2,TRUE,TRUE,3,5,TRUE,TRUE,"OMNIBUS(Bonf-minP).noAdj",0.995263157894737,0.380567375886525,72.57,0.993157894736842,0.653092207899323,56.87,160,19,0.3391615234375,0.3023837890625,0,100
"prevalence",320,2,TRUE,TRUE,3,5,TRUE,TRUE,"oracle.prev.cov",1,0.0467375886524823,25.59,1,0.0386926406926407,19.8,160,19,0.3391615234375,0.3023837890625,0,100
"prevalence",320,2,TRUE,TRUE,3,5,TRUE,TRUE,"oracle.prev.noAdj",0.996315789473684,0.240567375886525,52.85,0.994736842105263,0.499241692760743,38.8,160,19,0.3391615234375,0.3023837890625,0.02,100
"prevalence",320,2,TRUE,TRUE,3,5,TRUE,TRUE,"pkg.ANCOMBC.cov",0.277894736842105,0.155673758865248,27.23,0.12421052631579,0.756224425629709,9.72,160,19,0.3391615234375,0.3023837890625,0,100
"prevalence",320,2,TRUE,TRUE,3,5,TRUE,TRUE,"pkg.ANCOMBC.noAdj",0.480526315789474,0.430780141843972,69.87,0.389473684210526,0.864441653135007,55.06,160,19,0.3391615234375,0.3023837890625,0,100
"prevalence",320,2,TRUE,TRUE,3,5,TRUE,TRUE,"pkg.DESeq2.cov",0.84,0.0604964539007092,24.49,0.551578947368421,0.0591618087794558,11.26,160,19,0.3391615234375,0.3023837890625,0,100
"prevalence",320,2,TRUE,TRUE,3,5,TRUE,TRUE,"pkg.DESeq2.noAdj",0.802105263157895,0.355248226950355,65.33,0.721052631578947,0.716856193100619,49.29,160,19,0.3391615234375,0.3023837890625,0,100
"prevalence",320,2,TRUE,TRUE,3,5,TRUE,TRUE,"pkg.edgeR.cov",0.898947368421053,0.0461702127659574,23.59,0.722631578947368,0.0314881202818509,14.22,160,19,0.3391615234375,0.3023837890625,0,100
"prevalence",320,2,TRUE,TRUE,3,5,TRUE,TRUE,"pkg.edgeR.noAdj",0.838947368421053,0.342482269503546,64.23,0.77578947368421,0.686176185094361,48.18,160,19,0.3391615234375,0.3023837890625,0,100
"prevalence",320,2,TRUE,TRUE,3,5,TRUE,TRUE,"pkg.metagenomeSeq.cov",0.695263157894737,0.73,116.14,0.67578947368421,0.886157956839993,112.8,160,19,0.3391615234375,0.3023837890625,0,100
"prevalence",320,2,TRUE,TRUE,3,5,TRUE,TRUE,"pkg.metagenomeSeq.noAdj",0.777894736842105,0.50645390070922,86.19,0.734210526315789,0.813463321970771,75.9,160,19,0.3391615234375,0.3023837890625,0,100
"prevalence",320,2,TRUE,TRUE,3,5,TRUE,TRUE,"pkg.ZINQ.cov",0.985263157894737,0.138439716312057,38.24,0.97,0.259332742059196,25.33,160,19,0.3391615234375,0.3023837890625,0,100
"prevalence",320,2,TRUE,TRUE,3,5,TRUE,TRUE,"pkg.ZINQ.depth",0.976315789473684,0.301205673758865,61.02,0.948421052631579,0.541603398142305,41.93,160,19,0.3391615234375,0.3023837890625,0,100
"prevalence",320,2,TRUE,TRUE,3,5,TRUE,TRUE,"pkg.ZINQ.depthCov",0.987368421052632,0.064113475177305,27.8,0.953157894736842,0.066508565283821,19.47,160,19,0.3391615234375,0.3023837890625,0,100
"prevalence",320,2,TRUE,TRUE,3,5,TRUE,TRUE,"pkg.ZINQ.noAdjust",0.986315789473684,0.518652482269504,91.87,0.982105263157895,0.764689788338541,80.63,160,19,0.3391615234375,0.3023837890625,0,100
"prevalence",320,2,TRUE,TRUE,3,5,TRUE,TRUE,"presence(Fisher)",0.978947368421053,0.302127659574468,61.2,0.972631578947369,0.598694269802756,47.19,160,19,0.3391615234375,0.3023837890625,0.02,100
"prevalence",320,2,TRUE,TRUE,3,5,TRUE,TRUE,"presence(logistic+depth)",0.98,0.166028368794326,42.03,0.945789473684211,0.301714059718228,26.44,160,19,0.3391615234375,0.3023837890625,0,100
"prevalence",320,2,TRUE,TRUE,3,5,TRUE,TRUE,"presence(logistic+depth+z)",0.991578947368421,0.05,25.89,0.96421052631579,0.039586384487919,19.12,160,19,0.3391615234375,0.3023837890625,0,100
"prevalence",320,2,TRUE,TRUE,3,5,TRUE,TRUE,"prevalence(Tobit).adj",0.998421052631579,0.0575886524822695,27.09,0.997368421052632,0.0587697063805759,20.2,160,19,0.3391615234375,0.3023837890625,0,100
"prevalence",320,2,TRUE,TRUE,3,5,TRUE,TRUE,"prevalence(Tobit).noAdj",0.996315789473684,0.266099290780142,56.45,0.993157894736842,0.525515932173223,40.97,160,19,0.3391615234375,0.3023837890625,0,100
"prevalence",320,2.6,FALSE,TRUE,3,5,TRUE,TRUE,"abundance(AHC-LinDA).adj",0.132105263157895,0.06,10.97,0.0226315789473684,0.0708333333333333,0.55,160,19,0.3416162109375,0.3065484375,0,100
"prevalence",320,2.6,FALSE,TRUE,3,5,TRUE,TRUE,"abundance(AHC-LinDA).noAdj",0.142631578947368,0.0597163120567376,11.13,0.0226315789473684,0.06,0.54,160,19,0.3416162109375,0.3065484375,0,100
"prevalence",320,2.6,FALSE,TRUE,3,5,TRUE,TRUE,"obsTwo.depthCov",0.997894736842105,0.0711347517730496,28.99,0.996842105263158,0.0767407367909656,20.64,160,19,0.3416162109375,0.3065484375,0,100
"prevalence",320,2.6,FALSE,TRUE,3,5,TRUE,TRUE,"obsTwo.simple",0.995789473684211,0.143262411347518,39.12,0.993684210526316,0.282463580775597,26.69,160,19,0.3416162109375,0.3065484375,0,100
"prevalence",320,2.6,FALSE,TRUE,3,5,TRUE,TRUE,"OMNIBUS(ACAT).adj",0.999473684210526,0.0620567375886525,27.74,0.999473684210526,0.0599092915094059,20.26,160,19,0.3416162109375,0.3065484375,0,100
"prevalence",320,2.6,FALSE,TRUE,3,5,TRUE,TRUE,"OMNIBUS(ACAT).noAdj",1,0.0636879432624114,27.98,1,0.0565745341614906,20.2,160,19,0.3416162109375,0.3065484375,0,100
"prevalence",320,2.6,FALSE,TRUE,3,5,TRUE,TRUE,"OMNIBUS(Bonf-minP).adj",0.999473684210526,0.0598581560283688,27.43,0.999473684210526,0.0589028450573073,20.23,160,19,0.3416162109375,0.3065484375,0,100
"prevalence",320,2.6,FALSE,TRUE,3,5,TRUE,TRUE,"OMNIBUS(Bonf-minP).noAdj",1,0.060709219858156,27.56,1,0.0560863918690005,20.19,160,19,0.3416162109375,0.3065484375,0,100
"prevalence",320,2.6,FALSE,TRUE,3,5,TRUE,TRUE,"oracle.prev.cov",1,0.0465248226950355,25.56,1,0.0348603425559947,19.72,160,19,0.3416162109375,0.3065484375,0,100
"prevalence",320,2.6,FALSE,TRUE,3,5,TRUE,TRUE,"oracle.prev.noAdj",1,0.0353191489361702,23.98,1,0.027133069828722,19.56,160,19,0.3416162109375,0.3065484375,0.03,100
"prevalence",320,2.6,FALSE,TRUE,3,5,TRUE,TRUE,"pkg.ANCOMBC.cov",0.33421052631579,0.159148936170213,28.79,0.153157894736842,0.691747788166401,10.71,160,19,0.3416162109375,0.3065484375,0,100
"prevalence",320,2.6,FALSE,TRUE,3,5,TRUE,TRUE,"pkg.ANCOMBC.noAdj",0.34,0.157801418439716,28.71,0.168947368421053,0.650379856473375,10.84,160,19,0.3416162109375,0.3065484375,0,100
"prevalence",320,2.6,FALSE,TRUE,3,5,TRUE,TRUE,"pkg.DESeq2.cov",0.985789473684211,0.0905673758865248,31.5,0.945789473684211,0.113360914712335,20.39,160,19,0.3416162109375,0.3065484375,0,100
"prevalence",320,2.6,FALSE,TRUE,3,5,TRUE,TRUE,"pkg.DESeq2.noAdj",0.977894736842105,0.0965248226950355,32.19,0.922105263157895,0.120255415426694,20.04,160,19,0.3416162109375,0.3065484375,0,100
"prevalence",320,2.6,FALSE,TRUE,3,5,TRUE,TRUE,"pkg.edgeR.cov",0.991052631578947,0.0509929078014184,26.02,0.969473684210526,0.0505676634428822,19.46,160,19,0.3416162109375,0.3065484375,0,100
"prevalence",320,2.6,FALSE,TRUE,3,5,TRUE,TRUE,"pkg.edgeR.noAdj",0.985789473684211,0.0590780141843972,27.06,0.954736842105263,0.0560262494325794,19.28,160,19,0.3416162109375,0.3065484375,0,100
"prevalence",320,2.6,FALSE,TRUE,3,5,TRUE,TRUE,"pkg.metagenomeSeq.cov",0.681578947368421,0.763900709219858,120.66,0.659473684210526,0.89422455649575,118.23,160,19,0.3416162109375,0.3065484375,0,100
"prevalence",320,2.6,FALSE,TRUE,3,5,TRUE,TRUE,"pkg.metagenomeSeq.noAdj",0.917894736842105,0.39241134751773,72.77,0.89,0.678792656084703,54.51,160,19,0.3416162109375,0.3065484375,0,100
"prevalence",320,2.6,FALSE,TRUE,3,5,TRUE,TRUE,"pkg.ZINQ.cov",1,0.157588652482269,41.22,0.998947368421053,0.294951618467007,27.36,160,19,0.3416162109375,0.3065484375,0,100
"prevalence",320,2.6,FALSE,TRUE,3,5,TRUE,TRUE,"pkg.ZINQ.depth",0.998421052631579,0.0711347517730496,29,0.996315789473684,0.0712199728570437,20.48,160,19,0.3416162109375,0.3065484375,0,100
"prevalence",320,2.6,FALSE,TRUE,3,5,TRUE,TRUE,"pkg.ZINQ.depthCov",0.998421052631579,0.0751063829787234,29.56,0.996842105263158,0.0684051108227309,20.41,160,19,0.3416162109375,0.3065484375,0,100
"prevalence",320,2.6,FALSE,TRUE,3,5,TRUE,TRUE,"pkg.ZINQ.noAdjust",0.999473684210526,0.147234042553192,39.75,0.997894736842105,0.282464369540197,26.84,160,19,0.3416162109375,0.3065484375,0,100
"prevalence",320,2.6,FALSE,TRUE,3,5,TRUE,TRUE,"presence(Fisher)",0.997894736842105,0.132553191489362,37.65,0.996842105263158,0.286833617855397,27.02,160,19,0.3416162109375,0.3065484375,0.02,100
"prevalence",320,2.6,FALSE,TRUE,3,5,TRUE,TRUE,"presence(logistic+depth)",0.998421052631579,0.0492198581560284,25.91,0.996842105263158,0.0388447110860154,19.77,160,19,0.3416162109375,0.3065484375,0,100
"prevalence",320,2.6,FALSE,TRUE,3,5,TRUE,TRUE,"presence(logistic+depth+z)",0.998947368421053,0.0498581560283688,26.01,0.997368421052632,0.0407451439864483,19.82,160,19,0.3416162109375,0.3065484375,0,100
"prevalence",320,2.6,FALSE,TRUE,3,5,TRUE,TRUE,"prevalence(Tobit).adj",0.999473684210526,0.0563829787234042,26.94,0.999473684210526,0.0453851872764916,19.94,160,19,0.3416162109375,0.3065484375,0,100
"prevalence",320,2.6,FALSE,TRUE,3,5,TRUE,TRUE,"prevalence(Tobit).noAdj",1,0.060709219858156,27.56,1,0.0480042819499341,20.01,160,19,0.3416162109375,0.3065484375,0,100
"prevalence",320,2.6,TRUE,TRUE,3,5,TRUE,TRUE,"abundance(AHC-LinDA).adj",0.153157894736842,0.060354609929078,11.42,0.0210526315789474,0.0975,0.55,160,19,0.342466015625,0.3064716796875,0,100
"prevalence",320,2.6,TRUE,TRUE,3,5,TRUE,TRUE,"abundance(AHC-LinDA).noAdj",0.26,0.272695035460993,43.39,0.122631578947368,0.866363732966867,20.96,160,19,0.342466015625,0.3064716796875,0,100
"prevalence",320,2.6,TRUE,TRUE,3,5,TRUE,TRUE,"obsTwo.depthCov",0.996842105263158,0.0705673758865248,28.89,0.995263157894737,0.0721435089700536,20.46,160,19,0.342466015625,0.3064716796875,0,100
"prevalence",320,2.6,TRUE,TRUE,3,5,TRUE,TRUE,"obsTwo.simple",0.993684210526316,0.513758865248227,91.32,0.993157894736842,0.760419703193406,80.76,160,19,0.342466015625,0.3064716796875,0,100
"prevalence",320,2.6,TRUE,TRUE,3,5,TRUE,TRUE,"OMNIBUS(ACAT).adj",1,0.060709219858156,27.56,1,0.0598677771503858,20.27,160,19,0.342466015625,0.3064716796875,0,100
"prevalence",320,2.6,TRUE,TRUE,3,5,TRUE,TRUE,"OMNIBUS(ACAT).noAdj",1,0.369574468085106,71.11,0.999473684210526,0.635660221507525,55.04,160,19,0.342466015625,0.3064716796875,0,100
"prevalence",320,2.6,TRUE,TRUE,3,5,TRUE,TRUE,"OMNIBUS(Bonf-minP).adj",1,0.0585815602836879,27.26,1,0.0610711462450593,20.3,160,19,0.342466015625,0.3064716796875,0,100
"prevalence",320,2.6,TRUE,TRUE,3,5,TRUE,TRUE,"OMNIBUS(Bonf-minP).noAdj",1,0.359148936170213,69.64,0.999473684210526,0.627060763500045,53.86,160,19,0.342466015625,0.3064716796875,0,100
"prevalence",320,2.6,TRUE,TRUE,3,5,TRUE,TRUE,"oracle.prev.cov",1,0.048936170212766,25.9,1,0.0429392998306042,19.9,160,19,0.342466015625,0.3064716796875,0,100
"prevalence",320,2.6,TRUE,TRUE,3,5,TRUE,TRUE,"oracle.prev.noAdj",1,0.239148936170213,52.72,0.999473684210526,0.484625289398096,38.01,160,19,0.342466015625,0.3064716796875,0,100
"prevalence",320,2.6,TRUE,TRUE,3,5,TRUE,TRUE,"pkg.ANCOMBC.cov",0.328947368421053,0.153120567375887,27.84,0.166842105263158,0.662359434349383,10.6,160,19,0.342466015625,0.3064716796875,0,100
"prevalence",320,2.6,TRUE,TRUE,3,5,TRUE,TRUE,"pkg.ANCOMBC.noAdj",0.491052631578947,0.43,69.96,0.402105263157895,0.857933685483246,54.74,160,19,0.342466015625,0.3064716796875,0,100
"prevalence",320,2.6,TRUE,TRUE,3,5,TRUE,TRUE,"pkg.DESeq2.cov",0.973684210526316,0.0768794326241135,29.34,0.900526315789474,0.0983530737494359,19.12,160,19,0.342466015625,0.3064716796875,0,100
"prevalence",320,2.6,TRUE,TRUE,3,5,TRUE,TRUE,"pkg.DESeq2.noAdj",0.92,0.364751773049645,68.91,0.880526315789474,0.693083586064334,55.64,160,19,0.342466015625,0.3064716796875,0,100
"prevalence",320,2.6,TRUE,TRUE,3,5,TRUE,TRUE,"pkg.edgeR.cov",0.984736842105263,0.0485815602836879,25.56,0.949473684210526,0.0438808930409415,18.92,160,19,0.342466015625,0.3064716796875,0,100
"prevalence",320,2.6,TRUE,TRUE,3,5,TRUE,TRUE,"pkg.edgeR.noAdj",0.938947368421053,0.34886524822695,67.03,0.915263157894737,0.659959809340975,52.6,160,19,0.342466015625,0.3064716796875,0,100
"prevalence",320,2.6,TRUE,TRUE,3,5,TRUE,TRUE,"pkg.metagenomeSeq.cov",0.697368421052632,0.730141843971631,116.2,0.664736842105263,0.888277492369938,113.13,160,19,0.342466015625,0.3064716796875,0,100
"prevalence",320,2.6,TRUE,TRUE,3,5,TRUE,TRUE,"pkg.metagenomeSeq.noAdj",0.885263157894737,0.509007092198582,88.59,0.870526315789474,0.790540856108902,80.13,160,19,0.342466015625,0.3064716796875,0,100
"prevalence",320,2.6,TRUE,TRUE,3,5,TRUE,TRUE,"pkg.ZINQ.cov",0.997368421052632,0.142198581560284,39,0.995789473684211,0.253577922633438,25.76,160,19,0.342466015625,0.3064716796875,0,100
"prevalence",320,2.6,TRUE,TRUE,3,5,TRUE,TRUE,"pkg.ZINQ.depth",0.997894736842105,0.289078014184397,59.72,0.995263157894737,0.502661036098268,40.78,160,19,0.342466015625,0.3064716796875,0,100
"prevalence",320,2.6,TRUE,TRUE,3,5,TRUE,TRUE,"pkg.ZINQ.depthCov",0.998421052631579,0.0709219858156028,28.97,0.997894736842105,0.0732197123242889,20.54,160,19,0.342466015625,0.3064716796875,0,100
"prevalence",320,2.6,TRUE,TRUE,3,5,TRUE,TRUE,"pkg.ZINQ.noAdjust",0.998947368421053,0.515248226950355,91.63,0.998421052631579,0.757614881648137,80.33,160,19,0.342466015625,0.3064716796875,0,100
"prevalence",320,2.6,TRUE,TRUE,3,5,TRUE,TRUE,"presence(Fisher)",0.998947368421053,0.301702127659574,61.52,0.996842105263158,0.593465521196233,47.72,160,19,0.342466015625,0.3064716796875,0.01,100
"prevalence",320,2.6,TRUE,TRUE,3,5,TRUE,TRUE,"presence(logistic+depth)",0.998421052631579,0.159574468085106,41.47,0.994736842105263,0.259535822345832,26.3,160,19,0.342466015625,0.3064716796875,0,100
"prevalence",320,2.6,TRUE,TRUE,3,5,TRUE,TRUE,"presence(logistic+depth+z)",0.998421052631579,0.050709219858156,26.12,0.997894736842105,0.0366767486899066,19.72,160,19,0.342466015625,0.3064716796875,0,100
"prevalence",320,2.6,TRUE,TRUE,3,5,TRUE,TRUE,"prevalence(Tobit).adj",1,0.055531914893617,26.83,1,0.058837380011293,20.25,160,19,0.342466015625,0.3064716796875,0,100
"prevalence",320,2.6,TRUE,TRUE,3,5,TRUE,TRUE,"prevalence(Tobit).noAdj",1,0.26468085106383,56.32,0.999473684210526,0.506845185510569,39.8,160,19,0.342466015625,0.3064716796875,0,100
"prevalence",80,0.8,FALSE,TRUE,3,5,TRUE,TRUE,"abundance(AHC-LinDA).adj",0.0568421052631579,0.0523404255319149,8.46,0.000526315789473684,0.06,0.07,160,19,0.32329765625,0.2854578125,0,100
"prevalence",80,0.8,FALSE,TRUE,3,5,TRUE,TRUE,"abundance(AHC-LinDA).noAdj",0.0631578947368421,0.0573049645390071,9.28,0,0.08,0.12,160,19,0.32329765625,0.2854578125,0,100
"prevalence",80,0.8,FALSE,TRUE,3,5,TRUE,TRUE,"obsTwo.depthCov",0.121052631578947,0.0483687943262411,9.12,0.00105263157894737,0.03,0.05,160,19,0.32329765625,0.2854578125,0,100
"prevalence",80,0.8,FALSE,TRUE,3,5,TRUE,TRUE,"obsTwo.simple",0.141578947368421,0.056241134751773,10.62,0.00526315789473684,0.12,0.24,160,19,0.32329765625,0.2854578125,0,100
"prevalence",80,0.8,FALSE,TRUE,3,5,TRUE,TRUE,"OMNIBUS(ACAT).adj",0.255789473684211,0.0536170212765957,12.42,0.0126315789473684,0.0516666666666667,0.31,160,19,0.32329765625,0.2854578125,0,100
"prevalence",80,0.8,FALSE,TRUE,3,5,TRUE,TRUE,"OMNIBUS(ACAT).noAdj",0.254736842105263,0.0560283687943262,12.74,0.011578947368421,0.0525,0.31,160,19,0.32329765625,0.2854578125,0,100
"prevalence",80,0.8,FALSE,TRUE,3,5,TRUE,TRUE,"OMNIBUS(Bonf-minP).adj",0.257368421052632,0.0516312056737589,12.17,0.0126315789473684,0.0516666666666667,0.31,160,19,0.32329765625,0.2854578125,0,100
"prevalence",80,0.8,FALSE,TRUE,3,5,TRUE,TRUE,"OMNIBUS(Bonf-minP).noAdj",0.248947368421053,0.0542553191489362,12.38,0.011578947368421,0.0525,0.31,160,19,0.32329765625,0.2854578125,0,100
"prevalence",80,0.8,FALSE,TRUE,3,5,TRUE,TRUE,"oracle.prev.cov",0.341052631578947,0.0441843971631206,12.71,0.0131578947368421,0.005,0.26,160,19,0.32329765625,0.2854578125,0,100
"prevalence",80,0.8,FALSE,TRUE,3,5,TRUE,TRUE,"oracle.prev.noAdj",0.277894736842105,0.0293617021276596,9.42,0.0157894736842105,0.005,0.31,160,19,0.32329765625,0.2854578125,1.1,100
"prevalence",80,0.8,FALSE,TRUE,3,5,TRUE,TRUE,"pkg.ANCOMBC.cov",0.147368421052632,0.103900709219858,17.45,0.0142105263157895,0.405698412698413,1.29,160,19,0.32329765625,0.2854578125,0,100
"prevalence",80,0.8,FALSE,TRUE,3,5,TRUE,TRUE,"pkg.ANCOMBC.noAdj",0.156315789473684,0.107943262411348,18.19,0.0152631578947368,0.382876623376623,1.43,160,19,0.32329765625,0.2854578125,0,100
"prevalence",80,0.8,FALSE,TRUE,3,5,TRUE,TRUE,"pkg.DESeq2.cov",0.0573684210526316,0.0391489361702128,6.61,0.00157894736842105,0.03,0.07,160,19,0.32329765625,0.2854578125,0,100
"prevalence",80,0.8,FALSE,TRUE,3,5,TRUE,TRUE,"pkg.DESeq2.noAdj",0.0552631578947369,0.0436170212765957,7.2,0.00157894736842105,0.04,0.07,160,19,0.32329765625,0.2854578125,0,100
"prevalence",80,0.8,FALSE,TRUE,3,5,TRUE,TRUE,"pkg.edgeR.cov",0.0705263157894737,0.0324113475177305,5.91,0.00263157894736842,0.02,0.07,160,19,0.32329765625,0.2854578125,0,100
"prevalence",80,0.8,FALSE,TRUE,3,5,TRUE,TRUE,"pkg.edgeR.noAdj",0.0705263157894737,0.0390780141843972,6.85,0.0031578947368421,0.035,0.1,160,19,0.32329765625,0.2854578125,0,100
"prevalence",80,0.8,FALSE,TRUE,3,5,TRUE,TRUE,"pkg.metagenomeSeq.cov",0.543157894736842,0.546028368794326,87.31,0.49421052631579,0.880658513602856,78.34,160,19,0.32329765625,0.2854578125,0,100
"prevalence",80,0.8,FALSE,TRUE,3,5,TRUE,TRUE,"pkg.metagenomeSeq.noAdj",0.161578947368421,0.151205673758865,24.39,0.0321052631578947,0.597130952380952,3.2,160,19,0.32329765625,0.2854578125,0,100
"prevalence",80,0.8,FALSE,TRUE,3,5,TRUE,TRUE,"pkg.ZINQ.cov",0.18,0.0771631205673759,14.3,0.01,0.116666666666667,0.37,160,19,0.32329765625,0.2854578125,0,100
"prevalence",80,0.8,FALSE,TRUE,3,5,TRUE,TRUE,"pkg.ZINQ.depth",0.125263157894737,0.0536879432624113,9.95,0.00210526315789474,0.04,0.08,160,19,0.32329765625,0.2854578125,0,100
"prevalence",80,0.8,FALSE,TRUE,3,5,TRUE,TRUE,"pkg.ZINQ.depthCov",0.112631578947368,0.0545390070921986,9.83,0.00263157894736842,0.02,0.07,160,19,0.32329765625,0.2854578125,0,100
"prevalence",80,0.8,FALSE,TRUE,3,5,TRUE,TRUE,"pkg.ZINQ.noAdjust",0.177368421052632,0.0780851063829787,14.38,0.00789473684210526,0.126666666666667,0.3,160,19,0.32329765625,0.2854578125,0,100
"prevalence",80,0.8,FALSE,TRUE,3,5,TRUE,TRUE,"presence(Fisher)",0.185263157894737,0.0520567375886525,10.86,0.00894736842105263,0.135,0.36,160,19,0.32329765625,0.2854578125,1.07,100
"prevalence",80,0.8,FALSE,TRUE,3,5,TRUE,TRUE,"presence(logistic+depth)",0.152631578947368,0.0461702127659574,9.41,0.00105263157894737,0.01,0.03,160,19,0.32329765625,0.2854578125,0,100
"prevalence",80,0.8,FALSE,TRUE,3,5,TRUE,TRUE,"presence(logistic+depth+z)",0.156842105263158,0.044113475177305,9.2,0.000526315789473684,0.02,0.03,160,19,0.32329765625,0.2854578125,0,100
"prevalence",80,0.8,FALSE,TRUE,3,5,TRUE,TRUE,"prevalence(Tobit).adj",0.332631578947369,0.0527659574468085,13.76,0.0210526315789474,0.0383333333333333,0.45,160,19,0.32329765625,0.2854578125,0,100
"prevalence",80,0.8,FALSE,TRUE,3,5,TRUE,TRUE,"prevalence(Tobit).noAdj",0.322631578947368,0.0526950354609929,13.56,0.0189473684210526,0.0183333333333333,0.39,160,19,0.32329765625,0.2854578125,0,100
"prevalence",80,0.8,TRUE,TRUE,3,5,TRUE,TRUE,"abundance(AHC-LinDA).adj",0.0626315789473684,0.0530496453900709,8.67,0.000526315789473684,0.075,0.12,160,19,0.3231484375,0.28552109375,0,100
"prevalence",80,0.8,TRUE,TRUE,3,5,TRUE,TRUE,"abundance(AHC-LinDA).noAdj",0.113684210526316,0.118014184397163,18.8,0.00631578947368421,0.351237373737374,1.32,160,19,0.3231484375,0.28552109375,0,100
"prevalence",80,0.8,TRUE,TRUE,3,5,TRUE,TRUE,"obsTwo.depthCov",0.118421052631579,0.0427659574468085,8.28,0.000526315789473684,0.02,0.03,160,19,0.3231484375,0.28552109375,0,100
"prevalence",80,0.8,TRUE,TRUE,3,5,TRUE,TRUE,"obsTwo.simple",0.265263157894737,0.149716312056738,26.15,0.0473684210526316,0.490108280608281,3.6,160,19,0.3231484375,0.28552109375,0,100
"prevalence",80,0.8,TRUE,TRUE,3,5,TRUE,TRUE,"OMNIBUS(ACAT).adj",0.215789473684211,0.0517021276595745,11.39,0.00473684210526316,0.0583333333333333,0.18,160,19,0.3231484375,0.28552109375,0,100
"prevalence",80,0.8,TRUE,TRUE,3,5,TRUE,TRUE,"OMNIBUS(ACAT).noAdj",0.335263157894737,0.134397163120567,25.32,0.0584210526315789,0.324177489177489,2.52,160,19,0.3231484375,0.28552109375,0,100
"prevalence",80,0.8,TRUE,TRUE,3,5,TRUE,TRUE,"OMNIBUS(Bonf-minP).adj",0.212105263157895,0.0512765957446809,11.26,0.00473684210526316,0.0583333333333333,0.18,160,19,0.3231484375,0.28552109375,0,100
"prevalence",80,0.8,TRUE,TRUE,3,5,TRUE,TRUE,"OMNIBUS(Bonf-minP).noAdj",0.328947368421053,0.131418439716312,24.78,0.0568421052631579,0.328296536796537,2.45,160,19,0.3231484375,0.28552109375,0,100
"prevalence",80,0.8,TRUE,TRUE,3,5,TRUE,TRUE,"oracle.prev.cov",0.285789473684211,0.0443262411347518,11.68,0.00421052631578948,0,0.08,160,19,0.3231484375,0.28552109375,0,100
"prevalence",80,0.8,TRUE,TRUE,3,5,TRUE,TRUE,"oracle.prev.noAdj",0.333157894736842,0.0731205673758865,16.64,0.0547368421052631,0.16415873015873,1.54,160,19,0.3231484375,0.28552109375,0.82,100
"prevalence",80,0.8,TRUE,TRUE,3,5,TRUE,TRUE,"pkg.ANCOMBC.cov",0.152105263157895,0.117801418439716,19.5,0.0215789473684211,0.533662698412698,2.09,160,19,0.3231484375,0.28552109375,0,100
"prevalence",80,0.8,TRUE,TRUE,3,5,TRUE,TRUE,"pkg.ANCOMBC.noAdj",0.255789473684211,0.228156028368794,37.03,0.0794736842105263,0.827633263433562,11.59,160,19,0.3231484375,0.28552109375,0,100
"prevalence",80,0.8,TRUE,TRUE,3,5,TRUE,TRUE,"pkg.DESeq2.cov",0.0584210526315789,0.035886524822695,6.17,0.00210526315789474,0.02,0.06,160,19,0.3231484375,0.28552109375,0,100
"prevalence",80,0.8,TRUE,TRUE,3,5,TRUE,TRUE,"pkg.DESeq2.noAdj",0.137894736842105,0.141702127659574,22.6,0.0221052631578947,0.664218487394958,3.52,160,19,0.3231484375,0.28552109375,0,100
"prevalence",80,0.8,TRUE,TRUE,3,5,TRUE,TRUE,"pkg.edgeR.cov",0.0678947368421053,0.0321276595744681,5.82,0.00263157894736842,0.02,0.07,160,19,0.3231484375,0.28552109375,0,100
"prevalence",80,0.8,TRUE,TRUE,3,5,TRUE,TRUE,"pkg.edgeR.noAdj",0.161578947368421,0.139148936170213,22.69,0.0194736842105263,0.510674603174603,2.25,160,19,0.3231484375,0.28552109375,0,100
"prevalence",80,0.8,TRUE,TRUE,3,5,TRUE,TRUE,"pkg.metagenomeSeq.cov",0.524210526315789,0.506808510638298,81.42,0.459473684210526,0.875350405625025,70.1,160,19,0.3231484375,0.28552109375,0,100
"prevalence",80,0.8,TRUE,TRUE,3,5,TRUE,TRUE,"pkg.metagenomeSeq.noAdj",0.250526315789474,0.260496453900709,41.49,0.119473684210526,0.852715691486452,18.83,160,19,0.3231484375,0.28552109375,0,100
"prevalence",80,0.8,TRUE,TRUE,3,5,TRUE,TRUE,"pkg.ZINQ.cov",0.161578947368421,0.0658156028368794,12.35,0.00473684210526316,0.07,0.19,160,19,0.3231484375,0.28552109375,0,100
"prevalence",80,0.8,TRUE,TRUE,3,5,TRUE,TRUE,"pkg.ZINQ.depth",0.188421052631579,0.109219858156028,18.98,0.00631578947368421,0.153333333333333,0.46,160,19,0.3231484375,0.28552109375,0,100
"prevalence",80,0.8,TRUE,TRUE,3,5,TRUE,TRUE,"pkg.ZINQ.depthCov",0.117368421052632,0.0521985815602837,9.59,0.00263157894736842,0.02,0.07,160,19,0.3231484375,0.28552109375,0,100
"prevalence",80,0.8,TRUE,TRUE,3,5,TRUE,TRUE,"pkg.ZINQ.noAdjust",0.299473684210526,0.186241134751773,31.95,0.0605263157894737,0.494642692741692,4.5,160,19,0.3231484375,0.28552109375,0,100
"prevalence",80,0.8,TRUE,TRUE,3,5,TRUE,TRUE,"presence(Fisher)",0.237894736842105,0.095177304964539,17.94,0.0347368421052632,0.290178571428571,1.41,160,19,0.3231484375,0.28552109375,0.73,100
"prevalence",80,0.8,TRUE,TRUE,3,5,TRUE,TRUE,"presence(logistic+depth)",0.20421052631579,0.07,13.75,0.00368421052631579,0.02,0.1,160,19,0.3231484375,0.28552109375,0,100
"prevalence",80,0.8,TRUE,TRUE,3,5,TRUE,TRUE,"presence(logistic+depth+z)",0.153157894736842,0.0465248226950355,9.47,0.00105263157894737,0,0.02,160,19,0.3231484375,0.28552109375,0,100
"prevalence",80,0.8,TRUE,TRUE,3,5,TRUE,TRUE,"prevalence(Tobit).adj",0.272631578947369,0.05,12.23,0.00789473684210526,0.01,0.17,160,19,0.3231484375,0.28552109375,0,100
"prevalence",80,0.8,TRUE,TRUE,3,5,TRUE,TRUE,"prevalence(Tobit).noAdj",0.365789473684211,0.106879432624114,22.02,0.0673684210526316,0.195297619047619,2.01,160,19,0.3231484375,0.28552109375,0,100
"prevalence",80,1.2,FALSE,TRUE,3,5,TRUE,TRUE,"abundance(AHC-LinDA).adj",0.0542105263157895,0.0543971631205674,8.7,0.00210526315789474,0.108333333333333,0.17,160,19,0.32723828125,0.28950546875,0,100
"prevalence",80,1.2,FALSE,TRUE,3,5,TRUE,TRUE,"abundance(AHC-LinDA).noAdj",0.0589473684210526,0.0530496453900709,8.6,0.00105263157894737,0.085,0.13,160,19,0.32723828125,0.28950546875,0,100
"prevalence",80,1.2,FALSE,TRUE,3,5,TRUE,TRUE,"obsTwo.depthCov",0.256315789473684,0.045886524822695,11.34,0.00368421052631579,0.045,0.13,160,19,0.32723828125,0.28950546875,0,100
"prevalence",80,1.2,FALSE,TRUE,3,5,TRUE,TRUE,"obsTwo.simple",0.342631578947369,0.0502127659574468,13.59,0.038421052631579,0.092,0.95,160,19,0.32723828125,0.28950546875,0,100
"prevalence",80,1.2,FALSE,TRUE,3,5,TRUE,TRUE,"OMNIBUS(ACAT).adj",0.519473684210526,0.0539007092198582,17.47,0.0963157894736842,0.065,2.05,160,19,0.32723828125,0.28950546875,0,100
"prevalence",80,1.2,FALSE,TRUE,3,5,TRUE,TRUE,"OMNIBUS(ACAT).noAdj",0.521578947368421,0.0514184397163121,17.16,0.0952631578947369,0.052452380952381,1.97,160,19,0.32723828125,0.28950546875,0,100
"prevalence",80,1.2,FALSE,TRUE,3,5,TRUE,TRUE,"OMNIBUS(Bonf-minP).adj",0.526315789473684,0.0536170212765957,17.56,0.0942105263157895,0.0639166666666667,2,160,19,0.32723828125,0.28950546875,0,100
"prevalence",80,1.2,FALSE,TRUE,3,5,TRUE,TRUE,"OMNIBUS(Bonf-minP).noAdj",0.525263157894737,0.0504964539007092,17.1,0.0952631578947369,0.0544523809523809,1.98,160,19,0.32723828125,0.28950546875,0,100
"prevalence",80,1.2,FALSE,TRUE,3,5,TRUE,TRUE,"oracle.prev.cov",0.66,0.0422695035460993,18.5,0.131578947368421,0.0205119047619048,2.58,160,19,0.32723828125,0.28950546875,0,100
"prevalence",80,1.2,FALSE,TRUE,3,5,TRUE,TRUE,"oracle.prev.noAdj",0.580526315789474,0.0269503546099291,14.83,0.125263157894737,0.0244166666666667,2.47,160,19,0.32723828125,0.28950546875,1.1,100
"prevalence",80,1.2,FALSE,TRUE,3,5,TRUE,TRUE,"pkg.ANCOMBC.cov",0.159473684210526,0.108510638297872,18.33,0.0194736842105263,0.43234126984127,1.66,160,19,0.32723828125,0.28950546875,0,100
"prevalence",80,1.2,FALSE,TRUE,3,5,TRUE,TRUE,"pkg.ANCOMBC.noAdj",0.160526315789474,0.101205673758865,17.32,0.0152631578947368,0.363714285714286,1.28,160,19,0.32723828125,0.28950546875,0,100
"prevalence",80,1.2,FALSE,TRUE,3,5,TRUE,TRUE,"pkg.DESeq2.cov",0.135789473684211,0.0409929078014184,8.36,0.00894736842105264,0.03,0.22,160,19,0.32723828125,0.28950546875,0,100
"prevalence",80,1.2,FALSE,TRUE,3,5,TRUE,TRUE,"pkg.DESeq2.noAdj",0.113157894736842,0.0437588652482269,8.32,0.00631578947368421,0.0525,0.19,160,19,0.32723828125,0.28950546875,0,100
"prevalence",80,1.2,FALSE,TRUE,3,5,TRUE,TRUE,"pkg.edgeR.cov",0.181578947368421,0.0356028368794326,8.47,0.0147368421052632,0.0316666666666667,0.33,160,19,0.32723828125,0.28950546875,0,100
"prevalence",80,1.2,FALSE,TRUE,3,5,TRUE,TRUE,"pkg.edgeR.noAdj",0.162105263157895,0.0398581560283688,8.7,0.0126315789473684,0.0433333333333333,0.3,160,19,0.32723828125,0.28950546875,0,100
"prevalence",80,1.2,FALSE,TRUE,3,5,TRUE,TRUE,"pkg.metagenomeSeq.cov",0.561052631578947,0.55645390070922,89.12,0.505789473684211,0.879554685124541,79.8,160,19,0.32723828125,0.28950546875,0,100
"prevalence",80,1.2,FALSE,TRUE,3,5,TRUE,TRUE,"pkg.metagenomeSeq.noAdj",0.225789473684211,0.163120567375887,27.29,0.068421052631579,0.638492451992452,5.11,160,19,0.32723828125,0.28950546875,0,100
"prevalence",80,1.2,FALSE,TRUE,3,5,TRUE,TRUE,"pkg.ZINQ.cov",0.404736842105263,0.074822695035461,18.24,0.058421052631579,0.116,1.41,160,19,0.32723828125,0.28950546875,0,100
"prevalence",80,1.2,FALSE,TRUE,3,5,TRUE,TRUE,"pkg.ZINQ.depth",0.242631578947368,0.0505673758865248,11.74,0.0115789473684211,0.017,0.26,160,19,0.32723828125,0.28950546875,0,100
"prevalence",80,1.2,FALSE,TRUE,3,5,TRUE,TRUE,"pkg.ZINQ.depthCov",0.252105263157895,0.0509929078014184,11.98,0.0121052631578947,0.032,0.29,160,19,0.32723828125,0.28950546875,0,100
"prevalence",80,1.2,FALSE,TRUE,3,5,TRUE,TRUE,"pkg.ZINQ.noAdjust",0.387368421052632,0.0712765957446809,17.41,0.0542105263157895,0.106833333333333,1.29,160,19,0.32723828125,0.28950546875,0,100
"prevalence",80,1.2,FALSE,TRUE,3,5,TRUE,TRUE,"presence(Fisher)",0.426315789473684,0.0487234042553191,14.97,0.0594736842105263,0.106666666666667,1.39,160,19,0.32723828125,0.28950546875,1,100
"prevalence",80,1.2,FALSE,TRUE,3,5,TRUE,TRUE,"presence(logistic+depth)",0.307894736842105,0.0422695035460993,11.81,0.00526315789473684,0.0025,0.11,160,19,0.32723828125,0.28950546875,0,100
"prevalence",80,1.2,FALSE,TRUE,3,5,TRUE,TRUE,"presence(logistic+depth+z)",0.326315789473684,0.0438297872340426,12.38,0.00631578947368421,0.0025,0.13,160,19,0.32723828125,0.28950546875,0,100
"prevalence",80,1.2,FALSE,TRUE,3,5,TRUE,TRUE,"prevalence(Tobit).adj",0.611578947368421,0.0508510638297872,18.79,0.145789473684211,0.0340162337662338,2.9,160,19,0.32723828125,0.28950546875,0,100
"prevalence",80,1.2,FALSE,TRUE,3,5,TRUE,TRUE,"prevalence(Tobit).noAdj",0.61,0.0490070921985816,18.5,0.122631578947368,0.0264285714285714,2.42,160,19,0.32723828125,0.28950546875,0,100
"prevalence",80,1.2,TRUE,TRUE,3,5,TRUE,TRUE,"abundance(AHC-LinDA).adj",0.068421052631579,0.0565957446808511,9.28,0.00157894736842105,0.116666666666667,0.17,160,19,0.3287703125,0.29115,0,100
"prevalence",80,1.2,TRUE,TRUE,3,5,TRUE,TRUE,"abundance(AHC-LinDA).noAdj",0.117894736842105,0.110780141843972,17.86,0.01,0.367166666666667,1.23,160,19,0.3287703125,0.29115,0,100
"prevalence",80,1.2,TRUE,TRUE,3,5,TRUE,TRUE,"obsTwo.depthCov",0.222105263157895,0.0481560283687943,11.01,0.00263157894736842,0.00666666666666667,0.07,160,19,0.3287703125,0.29115,0,100
"prevalence",80,1.2,TRUE,TRUE,3,5,TRUE,TRUE,"obsTwo.simple",0.43,0.151560283687943,29.54,0.143684210526316,0.444977128693396,6.38,160,19,0.3287703125,0.29115,0,100
"prevalence",80,1.2,TRUE,TRUE,3,5,TRUE,TRUE,"OMNIBUS(ACAT).adj",0.434210526315789,0.053758865248227,15.83,0.0473684210526316,0.0766666666666667,1.03,160,19,0.3287703125,0.29115,0,100
"prevalence",80,1.2,TRUE,TRUE,3,5,TRUE,TRUE,"OMNIBUS(ACAT).noAdj",0.547368421052632,0.130567375886525,28.81,0.2,0.256932983682984,5.88,160,19,0.3287703125,0.29115,0,100
"prevalence",80,1.2,TRUE,TRUE,3,5,TRUE,TRUE,"OMNIBUS(Bonf-minP).adj",0.434210526315789,0.0534042553191489,15.78,0.048421052631579,0.0766666666666667,1.05,160,19,0.3287703125,0.29115,0,100
"prevalence",80,1.2,TRUE,TRUE,3,5,TRUE,TRUE,"OMNIBUS(Bonf-minP).noAdj",0.538947368421053,0.126099290780142,28.02,0.198421052631579,0.259405760905761,5.85,160,19,0.3287703125,0.29115,0,100
"prevalence",80,1.2,TRUE,TRUE,3,5,TRUE,TRUE,"oracle.prev.cov",0.574210526315789,0.0436170212765957,17.06,0.0657894736842105,0.0025,1.26,160,19,0.3287703125,0.29115,0,100
"prevalence",80,1.2,TRUE,TRUE,3,5,TRUE,TRUE,"oracle.prev.noAdj",0.563684210526316,0.075531914893617,21.36,0.22,0.134234466513878,5.17,160,19,0.3287703125,0.29115,0.93,100
"prevalence",80,1.2,TRUE,TRUE,3,5,TRUE,TRUE,"pkg.ANCOMBC.cov",0.187894736842105,0.128297872340426,21.66,0.0357894736842105,0.546769926152279,2.9,160,19,0.3287703125,0.29115,0,100
"prevalence",80,1.2,TRUE,TRUE,3,5,TRUE,TRUE,"pkg.ANCOMBC.noAdj",0.291052631578947,0.230212765957447,37.99,0.116842105263158,0.762266885371867,13.67,160,19,0.3287703125,0.29115,0,100
"prevalence",80,1.2,TRUE,TRUE,3,5,TRUE,TRUE,"pkg.DESeq2.cov",0.132631578947368,0.0391489361702128,8.04,0.00631578947368421,0.0525,0.19,160,19,0.3287703125,0.29115,0,100
"prevalence",80,1.2,TRUE,TRUE,3,5,TRUE,TRUE,"pkg.DESeq2.noAdj",0.221578947368421,0.137375886524823,23.58,0.0415789473684211,0.570959740422976,4.04,160,19,0.3287703125,0.29115,0,100
"prevalence",80,1.2,TRUE,TRUE,3,5,TRUE,TRUE,"pkg.edgeR.cov",0.169473684210526,0.0332624113475177,7.91,0.0110526315789474,0.02,0.23,160,19,0.3287703125,0.29115,0,100
"prevalence",80,1.2,TRUE,TRUE,3,5,TRUE,TRUE,"pkg.edgeR.noAdj",0.250526315789474,0.131489361702128,23.3,0.0494736842105263,0.397424603174603,2.99,160,19,0.3287703125,0.29115,0,100
"prevalence",80,1.2,TRUE,TRUE,3,5,TRUE,TRUE,"pkg.metagenomeSeq.cov",0.533157894736842,0.513829787234043,82.58,0.471578947368421,0.874746363687027,71.4,160,19,0.3287703125,0.29115,0,100
"prevalence",80,1.2,TRUE,TRUE,3,5,TRUE,TRUE,"pkg.metagenomeSeq.noAdj",0.315789473684211,0.252269503546099,41.57,0.16,0.775692417785256,18.47,160,19,0.3287703125,0.29115,0,100
"prevalence",80,1.2,TRUE,TRUE,3,5,TRUE,TRUE,"pkg.ZINQ.cov",0.342631578947369,0.0704964539007092,16.45,0.04,0.0739285714285714,0.91,160,19,0.3287703125,0.29115,0,100
"prevalence",80,1.2,TRUE,TRUE,3,5,TRUE,TRUE,"pkg.ZINQ.depth",0.298947368421053,0.104184397163121,20.37,0.0305263157894737,0.108928571428571,1,160,19,0.3287703125,0.29115,0,100
"prevalence",80,1.2,TRUE,TRUE,3,5,TRUE,TRUE,"pkg.ZINQ.depthCov",0.225789473684211,0.0561702127659574,12.21,0.0147368421052632,0.01,0.3,160,19,0.3287703125,0.29115,0,100
"prevalence",80,1.2,TRUE,TRUE,3,5,TRUE,TRUE,"pkg.ZINQ.noAdjust",0.466315789473684,0.183829787234043,34.78,0.171052631578947,0.428796883645555,7.31,160,19,0.3287703125,0.29115,0,100
"prevalence",80,1.2,TRUE,TRUE,3,5,TRUE,TRUE,"presence(Fisher)",0.441578947368421,0.0951063829787234,21.8,0.148421052631579,0.278997968405863,4.41,160,19,0.3287703125,0.29115,0.96,100
"prevalence",80,1.2,TRUE,TRUE,3,5,TRUE,TRUE,"presence(logistic+depth)",0.341578947368421,0.07,16.36,0.0168421052631579,0.0376904761904762,0.44,160,19,0.3287703125,0.29115,0,100
"prevalence",80,1.2,TRUE,TRUE,3,5,TRUE,TRUE,"presence(logistic+depth+z)",0.312631578947368,0.0484397163120567,12.77,0.00368421052631579,0,0.07,160,19,0.3287703125,0.29115,0,100
"prevalence",80,1.2,TRUE,TRUE,3,5,TRUE,TRUE,"prevalence(Tobit).adj",0.532631578947368,0.0487234042553191,16.99,0.0721052631578948,0.0273571428571429,1.44,160,19,0.3287703125,0.29115,0,100
"prevalence",80,1.2,TRUE,TRUE,3,5,TRUE,TRUE,"prevalence(Tobit).noAdj",0.593157894736842,0.106241134751773,26.25,0.235789473684211,0.168451617010441,5.73,160,19,0.3287703125,0.29115,0,100
"prevalence",80,1.6,FALSE,TRUE,3,5,TRUE,TRUE,"abundance(AHC-LinDA).adj",0.0715789473684211,0.0514893617021277,8.62,0.00263157894736842,0.095,0.18,160,19,0.33185234375,0.29605703125,0,100
"prevalence",80,1.6,FALSE,TRUE,3,5,TRUE,TRUE,"abundance(AHC-LinDA).noAdj",0.0747368421052632,0.0519858156028369,8.75,0.00421052631578947,0.108333333333333,0.24,160,19,0.33185234375,0.29605703125,0,100
"prevalence",80,1.6,FALSE,TRUE,3,5,TRUE,TRUE,"obsTwo.depthCov",0.451578947368421,0.0470212765957447,15.21,0.0210526315789474,0.04,0.46,160,19,0.33185234375,0.29605703125,0,100
"prevalence",80,1.6,FALSE,TRUE,3,5,TRUE,TRUE,"obsTwo.simple",0.593684210526316,0.048936170212766,18.18,0.198947368421053,0.0812857142857143,4.19,160,19,0.33185234375,0.29605703125,0,100
"prevalence",80,1.6,FALSE,TRUE,3,5,TRUE,TRUE,"OMNIBUS(ACAT).adj",0.777368421052631,0.0514184397163121,22.02,0.396315789473684,0.0511805416805417,7.98,160,19,0.33185234375,0.29605703125,0,100
"prevalence",80,1.6,FALSE,TRUE,3,5,TRUE,TRUE,"OMNIBUS(ACAT).noAdj",0.775263157894737,0.0526950354609929,22.16,0.4,0.0597018537018537,8.13,160,19,0.33185234375,0.29605703125,0,100
"prevalence",80,1.6,FALSE,TRUE,3,5,TRUE,TRUE,"OMNIBUS(Bonf-minP).adj",0.780526315789474,0.051063829787234,22.03,0.394210526315789,0.0489449614712773,7.91,160,19,0.33185234375,0.29605703125,0,100
"prevalence",80,1.6,FALSE,TRUE,3,5,TRUE,TRUE,"OMNIBUS(Bonf-minP).noAdj",0.776842105263158,0.0526241134751773,22.18,0.401052631578947,0.06247890997891,8.16,160,19,0.33185234375,0.29605703125,0,100
"prevalence",80,1.6,FALSE,TRUE,3,5,TRUE,TRUE,"oracle.prev.cov",0.877368421052632,0.0413475177304965,22.5,0.537894736842105,0.0113100371850372,10.36,160,19,0.33185234375,0.29605703125,0,100
"prevalence",80,1.6,FALSE,TRUE,3,5,TRUE,TRUE,"oracle.prev.noAdj",0.826315789473684,0.0282978723404255,19.69,0.497894736842105,0.0157502538311362,9.63,160,19,0.33185234375,0.29605703125,1.05,100
"prevalence",80,1.6,FALSE,TRUE,3,5,TRUE,TRUE,"pkg.ANCOMBC.cov",0.202105263157895,0.0990070921985816,17.8,0.03,0.424404761904762,1.52,160,19,0.33185234375,0.29605703125,0,100
"prevalence",80,1.6,FALSE,TRUE,3,5,TRUE,TRUE,"pkg.ANCOMBC.noAdj",0.199473684210526,0.0968085106382979,17.44,0.03,0.363738095238095,1.45,160,19,0.33185234375,0.29605703125,0,100
"prevalence",80,1.6,FALSE,TRUE,3,5,TRUE,TRUE,"pkg.DESeq2.cov",0.274736842105263,0.040709219858156,10.96,0.0294736842105263,0.0308333333333333,0.63,160,19,0.33185234375,0.29605703125,0,100
"prevalence",80,1.6,FALSE,TRUE,3,5,TRUE,TRUE,"pkg.DESeq2.noAdj",0.236842105263158,0.0448936170212766,10.83,0.0236842105263158,0.0366666666666667,0.52,160,19,0.33185234375,0.29605703125,0,100
"prevalence",80,1.6,FALSE,TRUE,3,5,TRUE,TRUE,"pkg.edgeR.cov",0.35421052631579,0.0321276595744681,11.26,0.0578947368421053,0.0237619047619048,1.17,160,19,0.33185234375,0.29605703125,0,100
"prevalence",80,1.6,FALSE,TRUE,3,5,TRUE,TRUE,"pkg.edgeR.noAdj",0.31421052631579,0.0399290780141844,11.6,0.0484210526315789,0.0361666666666667,1.01,160,19,0.33185234375,0.29605703125,0,100
"prevalence",80,1.6,FALSE,TRUE,3,5,TRUE,TRUE,"pkg.metagenomeSeq.cov",0.524736842105263,0.555390070921986,88.28,0.472631578947368,0.886676006949524,78.98,160,19,0.33185234375,0.29605703125,0,100
"prevalence",80,1.6,FALSE,TRUE,3,5,TRUE,TRUE,"pkg.metagenomeSeq.noAdj",0.352105263157895,0.163120567375887,29.69,0.154210526315789,0.546568880723679,7.42,160,19,0.33185234375,0.29605703125,0,100
"prevalence",80,1.6,FALSE,TRUE,3,5,TRUE,TRUE,"pkg.ZINQ.cov",0.670526315789474,0.0721276595744681,22.91,0.308947368421053,0.074206931956932,6.41,160,19,0.33185234375,0.29605703125,0,100
"prevalence",80,1.6,FALSE,TRUE,3,5,TRUE,TRUE,"pkg.ZINQ.depth",0.435263157894737,0.0556737588652482,16.12,0.0636842105263158,0.0334444444444444,1.31,160,19,0.33185234375,0.29605703125,0,100
"prevalence",80,1.6,FALSE,TRUE,3,5,TRUE,TRUE,"pkg.ZINQ.depthCov",0.454736842105263,0.0579432624113475,16.81,0.0736842105263158,0.0365634920634921,1.51,160,19,0.33185234375,0.29605703125,0,100
"prevalence",80,1.6,FALSE,TRUE,3,5,TRUE,TRUE,"pkg.ZINQ.noAdjust",0.659473684210526,0.0680851063829787,22.13,0.287368421052632,0.0767460317460317,6,160,19,0.33185234375,0.29605703125,0,100
"prevalence",80,1.6,FALSE,TRUE,3,5,TRUE,TRUE,"presence(Fisher)",0.691578947368421,0.0480851063829787,19.92,0.294736842105263,0.0645299422799423,6.03,160,19,0.33185234375,0.29605703125,0.97,100
"prevalence",80,1.6,FALSE,TRUE,3,5,TRUE,TRUE,"presence(logistic+depth)",0.531578947368421,0.0463829787234043,16.64,0.0552631578947368,0.00444444444444444,1.07,160,19,0.33185234375,0.29605703125,0,100
"prevalence",80,1.6,FALSE,TRUE,3,5,TRUE,TRUE,"presence(logistic+depth+z)",0.544736842105263,0.0484397163120567,17.18,0.0552631578947369,0.00111111111111111,1.06,160,19,0.33185234375,0.29605703125,0,100
"prevalence",80,1.6,FALSE,TRUE,3,5,TRUE,TRUE,"prevalence(Tobit).adj",0.843157894736842,0.0506382978723404,23.16,0.489473684210526,0.0282920478214596,9.65,160,19,0.33185234375,0.29605703125,0,100
"prevalence",80,1.6,FALSE,TRUE,3,5,TRUE,TRUE,"prevalence(Tobit).noAdj",0.841052631578947,0.0524113475177305,23.37,0.487894736842105,0.0272602536352536,9.59,160,19,0.33185234375,0.29605703125,0,100
"prevalence",80,1.6,TRUE,TRUE,3,5,TRUE,TRUE,"abundance(AHC-LinDA).adj",0.0610526315789474,0.0595035460992908,9.55,0.00210526315789474,0.12,0.23,160,19,0.3347546875,0.29760859375,0,100
"prevalence",80,1.6,TRUE,TRUE,3,5,TRUE,TRUE,"abundance(AHC-LinDA).noAdj",0.102631578947368,0.11936170212766,18.78,0.0152631578947369,0.434193362193362,1.67,160,19,0.3347546875,0.29760859375,0,100
"prevalence",80,1.6,TRUE,TRUE,3,5,TRUE,TRUE,"obsTwo.depthCov",0.395263157894737,0.0476595744680851,14.23,0.011578947368421,0.05,0.28,160,19,0.3347546875,0.29760859375,0,100
"prevalence",80,1.6,TRUE,TRUE,3,5,TRUE,TRUE,"obsTwo.simple",0.615789473684211,0.143687943262411,31.96,0.311052631578947,0.295746273334509,9.4,160,19,0.3347546875,0.29760859375,0,100
"prevalence",80,1.6,TRUE,TRUE,3,5,TRUE,TRUE,"OMNIBUS(ACAT).adj",0.665263157894737,0.0571631205673759,20.7,0.215789473684211,0.0753906926406926,4.55,160,19,0.3347546875,0.29760859375,0,100
"prevalence",80,1.6,TRUE,TRUE,3,5,TRUE,TRUE,"OMNIBUS(ACAT).noAdj",0.731578947368421,0.132836879432624,32.63,0.459473684210526,0.232292391060793,12.16,160,19,0.3347546875,0.29760859375,0,100
"prevalence",80,1.6,TRUE,TRUE,3,5,TRUE,TRUE,"OMNIBUS(Bonf-minP).adj",0.671578947368421,0.0556028368794326,20.6,0.213684210526316,0.0751839826839827,4.5,160,19,0.3347546875,0.29760859375,0,100
"prevalence",80,1.6,TRUE,TRUE,3,5,TRUE,TRUE,"OMNIBUS(Bonf-minP).noAdj",0.726315789473684,0.129929078014184,32.12,0.459473684210526,0.234134805720511,12.14,160,19,0.3347546875,0.29760859375,0,100
"prevalence",80,1.6,TRUE,TRUE,3,5,TRUE,TRUE,"oracle.prev.cov",0.815789473684211,0.045177304964539,21.87,0.338947368421053,0.00965079365079365,6.54,160,19,0.3347546875,0.29760859375,0,100
"prevalence",80,1.6,TRUE,TRUE,3,5,TRUE,TRUE,"oracle.prev.noAdj",0.765263157894737,0.0685815602836879,24.21,0.504736842105263,0.0993731202577952,10.83,160,19,0.3347546875,0.29760859375,0.72,100
"prevalence",80,1.6,TRUE,TRUE,3,5,TRUE,TRUE,"pkg.ANCOMBC.cov",0.212105263157895,0.122198581560284,21.26,0.0478947368421053,0.521829365079365,3.09,160,19,0.3347546875,0.29760859375,0,100
"prevalence",80,1.6,TRUE,TRUE,3,5,TRUE,TRUE,"pkg.ANCOMBC.noAdj",0.311052631578947,0.223404255319149,37.41,0.125789473684211,0.721326622603577,12.07,160,19,0.3347546875,0.29760859375,0,100
"prevalence",80,1.6,TRUE,TRUE,3,5,TRUE,TRUE,"pkg.DESeq2.cov",0.228947368421053,0.0393617021276596,9.9,0.0278947368421053,0.0325,0.59,160,19,0.3347546875,0.29760859375,0,100
"prevalence",80,1.6,TRUE,TRUE,3,5,TRUE,TRUE,"pkg.DESeq2.noAdj",0.301578947368421,0.137163120567376,25.07,0.0826315789473684,0.548312876665818,4.79,160,19,0.3347546875,0.29760859375,0,100
"prevalence",80,1.6,TRUE,TRUE,3,5,TRUE,TRUE,"pkg.edgeR.cov",0.302105263157895,0.0330496453900709,10.4,0.0473684210526316,0.014,0.94,160,19,0.3347546875,0.29760859375,0,100
"prevalence",80,1.6,TRUE,TRUE,3,5,TRUE,TRUE,"pkg.edgeR.noAdj",0.358421052631579,0.127021276595745,24.72,0.109473684210526,0.356023284495824,4.21,160,19,0.3347546875,0.29760859375,0,100
"prevalence",80,1.6,TRUE,TRUE,3,5,TRUE,TRUE,"pkg.metagenomeSeq.cov",0.509473684210526,0.514468085106383,82.22,0.440526315789474,0.883285036109349,71.59,160,19,0.3347546875,0.29760859375,0,100
"prevalence",80,1.6,TRUE,TRUE,3,5,TRUE,TRUE,"pkg.metagenomeSeq.noAdj",0.402631578947368,0.261205673758865,44.48,0.253684210526316,0.741860378802479,21.56,160,19,0.3347546875,0.29760859375,0,100
"prevalence",80,1.6,TRUE,TRUE,3,5,TRUE,TRUE,"pkg.ZINQ.cov",0.59,0.0656737588652482,20.47,0.196315789473684,0.0558333333333333,4.07,160,19,0.3347546875,0.29760859375,0.01,100
"prevalence",80,1.6,TRUE,TRUE,3,5,TRUE,TRUE,"pkg.ZINQ.depth",0.455789473684211,0.104184397163121,23.35,0.0810526315789474,0.174825396825397,2.12,160,19,0.3347546875,0.29760859375,0.01,100
"prevalence",80,1.6,TRUE,TRUE,3,5,TRUE,TRUE,"pkg.ZINQ.depthCov",0.395789473684211,0.0561702127659574,15.44,0.048421052631579,0.0584285714285714,1.03,160,19,0.3347546875,0.29760859375,0.01,100
"prevalence",80,1.6,TRUE,TRUE,3,5,TRUE,TRUE,"pkg.ZINQ.noAdjust",0.660526315789474,0.180425531914894,37.99,0.383684210526316,0.311732706254004,11.99,160,19,0.3347546875,0.29760859375,0.01,100
"prevalence",80,1.6,TRUE,TRUE,3,5,TRUE,TRUE,"presence(Fisher)",0.654210526315789,0.0918439716312057,25.38,0.358421052631579,0.176391455895326,8.69,160,19,0.3347546875,0.29760859375,0.84,100
"prevalence",80,1.6,TRUE,TRUE,3,5,TRUE,TRUE,"presence(logistic+depth)",0.517368421052632,0.0689361702127659,19.55,0.0589473684210527,0.0387619047619048,1.24,160,19,0.3347546875,0.29760859375,0,100
"prevalence",80,1.6,TRUE,TRUE,3,5,TRUE,TRUE,"presence(logistic+depth+z)",0.487368421052632,0.0466666666666667,15.84,0.0226315789473684,0.00916666666666667,0.47,160,19,0.3347546875,0.29760859375,0,100
"prevalence",80,1.6,TRUE,TRUE,3,5,TRUE,TRUE,"prevalence(Tobit).adj",0.762631578947368,0.0490070921985816,21.4,0.294736842105263,0.027951270951271,5.82,160,19,0.3347546875,0.29760859375,0,100
"prevalence",80,1.6,TRUE,TRUE,3,5,TRUE,TRUE,"prevalence(Tobit).noAdj",0.777368421052631,0.10063829787234,28.96,0.512105263157895,0.163581783756319,11.95,160,19,0.3347546875,0.29760859375,0,100
"prevalence",80,2,FALSE,TRUE,3,5,TRUE,TRUE,"abundance(AHC-LinDA).adj",0.0652631578947368,0.0522695035460993,8.61,0.0031578947368421,0.058,0.16,160,19,0.338690625,0.30194375,0,100
"prevalence",80,2,FALSE,TRUE,3,5,TRUE,TRUE,"abundance(AHC-LinDA).noAdj",0.08,0.0575177304964539,9.63,0.00368421052631579,0.085,0.16,160,19,0.338690625,0.30194375,0,100
"prevalence",80,2,FALSE,TRUE,3,5,TRUE,TRUE,"obsTwo.depthCov",0.619473684210526,0.0456737588652482,18.21,0.0968421052631579,0.0299285714285714,1.98,160,19,0.338690625,0.30194375,0,100
"prevalence",80,2,FALSE,TRUE,3,5,TRUE,TRUE,"obsTwo.simple",0.80578947368421,0.0522695035460993,22.68,0.547894736842105,0.0580693301796243,11.12,160,19,0.338690625,0.30194375,0,100
"prevalence",80,2,FALSE,TRUE,3,5,TRUE,TRUE,"OMNIBUS(ACAT).adj",0.932631578947369,0.0541843971631206,25.36,0.754736842105263,0.0522553186220907,15.19,160,19,0.338690625,0.30194375,0,100
"prevalence",80,2,FALSE,TRUE,3,5,TRUE,TRUE,"OMNIBUS(ACAT).noAdj",0.932105263157895,0.0552482269503546,25.5,0.736842105263158,0.0511846192593097,14.8,160,19,0.338690625,0.30194375,0,100
"prevalence",80,2,FALSE,TRUE,3,5,TRUE,TRUE,"OMNIBUS(Bonf-minP).adj",0.935789473684211,0.0526241134751773,25.2,0.755263157894737,0.0521303186220907,15.2,160,19,0.338690625,0.30194375,0,100
"prevalence",80,2,FALSE,TRUE,3,5,TRUE,TRUE,"OMNIBUS(Bonf-minP).noAdj",0.931578947368421,0.0541843971631206,25.34,0.736842105263158,0.0518666049722551,14.82,160,19,0.338690625,0.30194375,0,100
"prevalence",80,2,FALSE,TRUE,3,5,TRUE,TRUE,"oracle.prev.cov",0.967368421052632,0.0429787234042553,24.44,0.842631578947368,0.0315413332797234,16.56,160,19,0.338690625,0.30194375,0,100
"prevalence",80,2,FALSE,TRUE,3,5,TRUE,TRUE,"oracle.prev.noAdj",0.963684210526316,0.0287943262411348,22.37,0.799473684210526,0.0246129321744647,15.61,160,19,0.338690625,0.30194375,0.94,100
"prevalence",80,2,FALSE,TRUE,3,5,TRUE,TRUE,"pkg.ANCOMBC.cov",0.247368421052632,0.10936170212766,20.12,0.0494736842105263,0.393857142857143,2.14,160,19,0.338690625,0.30194375,0,100
"prevalence",80,2,FALSE,TRUE,3,5,TRUE,TRUE,"pkg.ANCOMBC.noAdj",0.247894736842105,0.109645390070922,20.17,0.0463157894736842,0.36225641025641,2.26,160,19,0.338690625,0.30194375,0,100
"prevalence",80,2,FALSE,TRUE,3,5,TRUE,TRUE,"pkg.DESeq2.cov",0.452631578947368,0.0430496453900709,14.67,0.112105263157895,0.0716666666666667,2.36,160,19,0.338690625,0.30194375,0,100
"prevalence",80,2,FALSE,TRUE,3,5,TRUE,TRUE,"pkg.DESeq2.noAdj",0.41,0.0461702127659574,14.3,0.0910526315789474,0.0655,1.91,160,19,0.338690625,0.30194375,0,100
"prevalence",80,2,FALSE,TRUE,3,5,TRUE,TRUE,"pkg.edgeR.cov",0.554210526315789,0.0313475177304965,14.95,0.197368421052632,0.0233571428571429,3.88,160,19,0.338690625,0.30194375,0,100
"prevalence",80,2,FALSE,TRUE,3,5,TRUE,TRUE,"pkg.edgeR.noAdj",0.513684210526316,0.0378014184397163,15.09,0.155789473684211,0.0335952380952381,3.12,160,19,0.338690625,0.30194375,0,100
"prevalence",80,2,FALSE,TRUE,3,5,TRUE,TRUE,"pkg.metagenomeSeq.cov",0.532105263157895,0.552553191489362,88.02,0.461578947368421,0.888999312861328,78.72,160,19,0.338690625,0.30194375,0,100
"prevalence",80,2,FALSE,TRUE,3,5,TRUE,TRUE,"pkg.metagenomeSeq.noAdj",0.496315789473684,0.17,33.4,0.292631578947369,0.449880816276946,11.3,160,19,0.338690625,0.30194375,0,100
"prevalence",80,2,FALSE,TRUE,3,5,TRUE,TRUE,"pkg.ZINQ.cov",0.866842105263158,0.0804964539007092,27.82,0.65578947368421,0.0951566537607559,13.84,160,19,0.338690625,0.30194375,0.09,100
"prevalence",80,2,FALSE,TRUE,3,5,TRUE,TRUE,"pkg.ZINQ.depth",0.647894736842105,0.0529078014184397,19.77,0.205263157894737,0.0446111111111111,4.15,160,19,0.338690625,0.30194375,0.09,100
"prevalence",80,2,FALSE,TRUE,3,5,TRUE,TRUE,"pkg.ZINQ.depthCov",0.649473684210526,0.0560283687943262,20.24,0.210526315789474,0.0476401653901654,4.27,160,19,0.338690625,0.30194375,0.09,100
"prevalence",80,2,FALSE,TRUE,3,5,TRUE,TRUE,"pkg.ZINQ.noAdjust",0.848947368421053,0.0721985815602837,26.31,0.636315789473684,0.0867645367151357,13.32,160,19,0.338690625,0.30194375,0.09,100
"prevalence",80,2,FALSE,TRUE,3,5,TRUE,TRUE,"presence(Fisher)",0.876315789473684,0.0492198581560284,23.59,0.642631578947368,0.0614557501322207,13.08,160,19,0.338690625,0.30194375,0.79,100
"prevalence",80,2,FALSE,TRUE,3,5,TRUE,TRUE,"presence(logistic+depth)",0.714210526315789,0.0465248226950355,20.13,0.183157894736842,0.0111666666666667,3.55,160,19,0.338690625,0.30194375,0,100
"prevalence",80,2,FALSE,TRUE,3,5,TRUE,TRUE,"presence(logistic+depth+z)",0.724736842105263,0.0463829787234043,20.31,0.193684210526316,0.0116785714285714,3.76,160,19,0.338690625,0.30194375,0,100
"prevalence",80,2,FALSE,TRUE,3,5,TRUE,TRUE,"prevalence(Tobit).adj",0.962631578947369,0.0521276595744681,25.64,0.812631578947368,0.0404998317815655,16.14,160,19,0.338690625,0.30194375,0,100
"prevalence",80,2,FALSE,TRUE,3,5,TRUE,TRUE,"prevalence(Tobit).noAdj",0.962105263157895,0.0500709219858156,25.34,0.805263157894737,0.0407311429970099,15.99,160,19,0.338690625,0.30194375,0,100
"prevalence",80,2,TRUE,TRUE,3,5,TRUE,TRUE,"abundance(AHC-LinDA).adj",0.0694736842105263,0.0556028368794326,9.16,0.00105263157894737,0.08,0.12,160,19,0.33540234375,0.29970546875,0,100
"prevalence",80,2,TRUE,TRUE,3,5,TRUE,TRUE,"abundance(AHC-LinDA).noAdj",0.108421052631579,0.11822695035461,18.73,0.0105263157894737,0.460586940836941,1.82,160,19,0.33540234375,0.29970546875,0,100
"prevalence",80,2,TRUE,TRUE,3,5,TRUE,TRUE,"obsTwo.depthCov",0.556315789473684,0.0475177304964539,17.27,0.0626315789473684,0.0217619047619048,1.25,160,19,0.33540234375,0.29970546875,0,100
"prevalence",80,2,TRUE,TRUE,3,5,TRUE,TRUE,"obsTwo.simple",0.784210526315789,0.149078014184397,35.92,0.571578947368421,0.313221943051489,16.46,160,19,0.33540234375,0.29970546875,0,100
"prevalence",80,2,TRUE,TRUE,3,5,TRUE,TRUE,"OMNIBUS(ACAT).adj",0.845263157894737,0.0542553191489362,23.71,0.512631578947368,0.0382890965243906,10.19,160,19,0.33540234375,0.29970546875,0,100
"prevalence",80,2,TRUE,TRUE,3,5,TRUE,TRUE,"OMNIBUS(ACAT).noAdj",0.876315789473684,0.136524822695035,35.9,0.705789473684211,0.228302396439327,18.01,160,19,0.33540234375,0.29970546875,0,100
"prevalence",80,2,TRUE,TRUE,3,5,TRUE,TRUE,"OMNIBUS(Bonf-minP).adj",0.850526315789474,0.0535460992907801,23.71,0.512105263157895,0.0376352683264448,10.17,160,19,0.33540234375,0.29970546875,0,100
"prevalence",80,2,TRUE,TRUE,3,5,TRUE,TRUE,"OMNIBUS(Bonf-minP).noAdj",0.881052631578947,0.132056737588652,35.36,0.702105263157895,0.223759391827553,17.76,160,19,0.33540234375,0.29970546875,0,100
"prevalence",80,2,TRUE,TRUE,3,5,TRUE,TRUE,"oracle.prev.cov",0.927894736842105,0.0430496453900709,23.7,0.685789473684211,0.0211647498528303,13.35,160,19,0.33540234375,0.29970546875,0,100
"prevalence",80,2,TRUE,TRUE,3,5,TRUE,TRUE,"oracle.prev.noAdj",0.908947368421053,0.0746099290780142,27.79,0.746315789473684,0.106122450219199,15.99,160,19,0.33540234375,0.29970546875,0.75,100
"prevalence",80,2,TRUE,TRUE,3,5,TRUE,TRUE,"pkg.ANCOMBC.cov",0.268421052631579,0.124184397163121,22.61,0.0668421052631579,0.543627733377733,3.86,160,19,0.33540234375,0.29970546875,0,100
"prevalence",80,2,TRUE,TRUE,3,5,TRUE,TRUE,"pkg.ANCOMBC.noAdj",0.321052631578947,0.228085106382979,38.26,0.158421052631579,0.749880928958587,14.3,160,19,0.33540234375,0.29970546875,0,100
"prevalence",80,2,TRUE,TRUE,3,5,TRUE,TRUE,"pkg.DESeq2.cov",0.368947368421053,0.0409929078014184,12.79,0.0773684210526316,0.0368333333333333,1.6,160,19,0.33540234375,0.29970546875,0,100
"prevalence",80,2,TRUE,TRUE,3,5,TRUE,TRUE,"pkg.DESeq2.noAdj",0.439473684210526,0.144326241134752,28.7,0.167368421052632,0.479477004247902,7.02,160,19,0.33540234375,0.29970546875,0,100
"prevalence",80,2,TRUE,TRUE,3,5,TRUE,TRUE,"pkg.edgeR.cov",0.466842105263158,0.0300709219858156,13.11,0.131578947368421,0.0134285714285714,2.56,160,19,0.33540234375,0.29970546875,0,100
"prevalence",80,2,TRUE,TRUE,3,5,TRUE,TRUE,"pkg.edgeR.noAdj",0.521578947368421,0.129929078014184,28.23,0.228947368421053,0.363368351591649,7.43,160,19,0.33540234375,0.29970546875,0,100
"prevalence",80,2,TRUE,TRUE,3,5,TRUE,TRUE,"pkg.metagenomeSeq.cov",0.463157894736842,0.508652482269504,80.52,0.403684210526316,0.889570542153473,69.9,160,19,0.33540234375,0.29970546875,0,100
"prevalence",80,2,TRUE,TRUE,3,5,TRUE,TRUE,"pkg.metagenomeSeq.noAdj",0.53,0.27,48.14,0.387894736842105,0.70197756990704,27.07,160,19,0.33540234375,0.29970546875,0,100
"prevalence",80,2,TRUE,TRUE,3,5,TRUE,TRUE,"pkg.ZINQ.cov",0.797368421052632,0.0709219858156028,25.15,0.49,0.067328752516833,10.12,160,19,0.33540234375,0.29970546875,0.02,100
"prevalence",80,2,TRUE,TRUE,3,5,TRUE,TRUE,"pkg.ZINQ.depth",0.63,0.107659574468085,27.15,0.239473684210526,0.14506549006549,5.91,160,19,0.33540234375,0.29970546875,0.02,100
"prevalence",80,2,TRUE,TRUE,3,5,TRUE,TRUE,"pkg.ZINQ.depthCov",0.576315789473684,0.0566666666666667,18.94,0.148421052631579,0.0378134920634921,3.01,160,19,0.33540234375,0.29970546875,0.02,100
"prevalence",80,2,TRUE,TRUE,3,5,TRUE,TRUE,"pkg.ZINQ.noAdjust",0.826842105263158,0.181914893617021,41.36,0.633684210526316,0.309867253993948,18.34,160,19,0.33540234375,0.29970546875,0.02,100
"prevalence",80,2,TRUE,TRUE,3,5,TRUE,TRUE,"presence(Fisher)",0.83421052631579,0.0957446808510639,29.35,0.624736842105263,0.175687784051174,14.61,160,19,0.33540234375,0.29970546875,0.63,100
"prevalence",80,2,TRUE,TRUE,3,5,TRUE,TRUE,"presence(logistic+depth)",0.686315789473684,0.0699290780141844,22.9,0.192105263157895,0.0411499333999334,3.9,160,19,0.33540234375,0.29970546875,0,100
"prevalence",80,2,TRUE,TRUE,3,5,TRUE,TRUE,"presence(logistic+depth+z)",0.667368421052631,0.0452482269503546,19.06,0.12421052631579,0.00461111111111111,2.4,160,19,0.33540234375,0.29970546875,0,100
"prevalence",80,2,TRUE,TRUE,3,5,TRUE,TRUE,"prevalence(Tobit).adj",0.902105263157895,0.0515602836879433,24.41,0.619473684210526,0.0345053124979596,12.24,160,19,0.33540234375,0.29970546875,0,100
"prevalence",80,2,TRUE,TRUE,3,5,TRUE,TRUE,"prevalence(Tobit).noAdj",0.912105263157895,0.111560283687943,33.06,0.756842105263158,0.15050305840549,17.2,160,19,0.33540234375,0.29970546875,0,100
"prevalence",80,2.6,FALSE,TRUE,3,5,TRUE,TRUE,"abundance(AHC-LinDA).adj",0.0552631578947369,0.0587234042553191,9.33,0.00263157894736842,0.08,0.15,160,19,0.341915625,0.306978125,0,100
"prevalence",80,2.6,FALSE,TRUE,3,5,TRUE,TRUE,"abundance(AHC-LinDA).noAdj",0.058421052631579,0.0563120567375887,9.05,0.00526315789473684,0.0566666666666667,0.19,160,19,0.341915625,0.306978125,0,100
"prevalence",80,2.6,FALSE,TRUE,3,5,TRUE,TRUE,"obsTwo.depthCov",0.797368421052632,0.0511347517730496,22.36,0.354210526315789,0.0321981104980331,7.05,160,19,0.341915625,0.306978125,0,100
"prevalence",80,2.6,FALSE,TRUE,3,5,TRUE,TRUE,"obsTwo.simple",0.899473684210526,0.0523404255319149,24.47,0.808947368421053,0.0552078298770821,16.32,160,19,0.341915625,0.306978125,0,100
"prevalence",80,2.6,FALSE,TRUE,3,5,TRUE,TRUE,"OMNIBUS(ACAT).adj",0.989473684210526,0.0531914893617021,26.3,0.946842105263158,0.0533980575761266,19.06,160,19,0.341915625,0.306978125,0,100
"prevalence",80,2.6,FALSE,TRUE,3,5,TRUE,TRUE,"OMNIBUS(ACAT).noAdj",0.991578947368421,0.0519858156028369,26.17,0.941578947368421,0.0522651686810221,18.93,160,19,0.341915625,0.306978125,0,100
"prevalence",80,2.6,FALSE,TRUE,3,5,TRUE,TRUE,"OMNIBUS(Bonf-minP).adj",0.99,0.0512765957446808,26.04,0.947368421052632,0.0538505680859127,19.08,160,19,0.341915625,0.306978125,0,100
"prevalence",80,2.6,FALSE,TRUE,3,5,TRUE,TRUE,"OMNIBUS(Bonf-minP).noAdj",0.991052631578947,0.0504964539007092,25.95,0.942105263157895,0.052416351975226,18.95,160,19,0.341915625,0.306978125,0,100
"prevalence",80,2.6,FALSE,TRUE,3,5,TRUE,TRUE,"oracle.prev.cov",0.987894736842105,0.0433333333333333,24.88,0.96421052631579,0.0207402820777434,18.73,160,19,0.341915625,0.306978125,0,100
"prevalence",80,2.6,FALSE,TRUE,3,5,TRUE,TRUE,"oracle.prev.noAdj",0.994736842105263,0.0270212765957447,22.71,0.966842105263158,0.0161061968647108,18.69,160,19,0.341915625,0.306978125,0.99,100
"prevalence",80,2.6,FALSE,TRUE,3,5,TRUE,TRUE,"pkg.ANCOMBC.cov",0.330526315789474,0.114113475177305,22.37,0.117894736842105,0.351839826839827,4.29,160,19,0.341915625,0.306978125,0,100
"prevalence",80,2.6,FALSE,TRUE,3,5,TRUE,TRUE,"pkg.ANCOMBC.noAdj",0.343684210526316,0.10709219858156,21.63,0.114736842105263,0.363512265512266,3.93,160,19,0.341915625,0.306978125,0,100
"prevalence",80,2.6,FALSE,TRUE,3,5,TRUE,TRUE,"pkg.DESeq2.cov",0.698421052631579,0.0459574468085106,19.75,0.391052631578947,0.047793623043623,7.85,160,19,0.341915625,0.306978125,0,100
"prevalence",80,2.6,FALSE,TRUE,3,5,TRUE,TRUE,"pkg.DESeq2.noAdj",0.654210526315789,0.0499290780141844,19.47,0.335263157894737,0.0540715395715396,6.81,160,19,0.341915625,0.306978125,0,100
"prevalence",80,2.6,FALSE,TRUE,3,5,TRUE,TRUE,"pkg.edgeR.cov",0.79578947368421,0.0308510638297872,19.47,0.527368421052632,0.0195576506826507,10.22,160,19,0.341915625,0.306978125,0,100
"prevalence",80,2.6,FALSE,TRUE,3,5,TRUE,TRUE,"pkg.edgeR.noAdj",0.756842105263158,0.0390780141843972,19.89,0.473157894736842,0.0259606863724511,9.29,160,19,0.341915625,0.306978125,0,100
"prevalence",80,2.6,FALSE,TRUE,3,5,TRUE,TRUE,"pkg.metagenomeSeq.cov",0.477368421052632,0.55468085106383,87.28,0.413157894736842,0.898590154631463,77.36,160,19,0.341915625,0.306978125,0,100
"prevalence",80,2.6,FALSE,TRUE,3,5,TRUE,TRUE,"pkg.metagenomeSeq.noAdj",0.697368421052632,0.18,38.63,0.554736842105263,0.386604833651537,18.17,160,19,0.341915625,0.306978125,0,100
"prevalence",80,2.6,FALSE,TRUE,3,5,TRUE,TRUE,"pkg.ZINQ.cov",0.958947368421053,0.0775177304964539,29.15,0.897894736842105,0.0871367944098796,18.79,160,19,0.341915625,0.306978125,0.17,100
"prevalence",80,2.6,FALSE,TRUE,3,5,TRUE,TRUE,"pkg.ZINQ.depth",0.835263157894737,0.0574468085106383,23.97,0.527894736842105,0.0436244849921321,10.56,160,19,0.341915625,0.306978125,0.17,100
"prevalence",80,2.6,FALSE,TRUE,3,5,TRUE,TRUE,"pkg.ZINQ.depthCov",0.842631578947368,0.0589361702127659,24.32,0.548421052631579,0.0428046373131513,10.97,160,19,0.341915625,0.306978125,0.17,100
"prevalence",80,2.6,FALSE,TRUE,3,5,TRUE,TRUE,"pkg.ZINQ.noAdjust",0.951052631578947,0.0721985815602837,28.25,0.89,0.0771804909225322,18.43,160,19,0.341915625,0.306978125,0.17,100
"prevalence",80,2.6,FALSE,TRUE,3,5,TRUE,TRUE,"presence(Fisher)",0.967894736842105,0.0478014184397163,25.13,0.897368421052632,0.0539150009459439,18.08,160,19,0.341915625,0.306978125,0.86,100
"prevalence",80,2.6,FALSE,TRUE,3,5,TRUE,TRUE,"presence(logistic+depth)",0.877368421052632,0.0451063829787234,23.03,0.513684210526316,0.0149054711198674,9.95,160,19,0.341915625,0.306978125,0,100
"prevalence",80,2.6,FALSE,TRUE,3,5,TRUE,TRUE,"presence(logistic+depth+z)",0.881052631578947,0.0480851063829787,23.52,0.529473684210526,0.0171151111959935,10.28,160,19,0.341915625,0.306978125,0,100
"prevalence",80,2.6,FALSE,TRUE,3,5,TRUE,TRUE,"prevalence(Tobit).adj",0.993684210526316,0.049290780141844,25.83,0.959473684210526,0.0359486410991829,18.94,160,19,0.341915625,0.306978125,0,100
"prevalence",80,2.6,FALSE,TRUE,3,5,TRUE,TRUE,"prevalence(Tobit).noAdj",0.99421052631579,0.0485106382978723,25.73,0.956842105263158,0.0375973400524484,18.92,160,19,0.341915625,0.306978125,0,100
"prevalence",80,2.6,TRUE,TRUE,3,5,TRUE,TRUE,"abundance(AHC-LinDA).adj",0.0552631578947368,0.0553191489361702,8.85,0.00263157894736842,0.113333333333333,0.22,160,19,0.3425765625,0.3066328125,0,100
"prevalence",80,2.6,TRUE,TRUE,3,5,TRUE,TRUE,"abundance(AHC-LinDA).noAdj",0.0910526315789474,0.114822695035461,17.92,0.00789473684210526,0.341739459815547,1.41,160,19,0.3425765625,0.3066328125,0,100
"prevalence",80,2.6,TRUE,TRUE,3,5,TRUE,TRUE,"obsTwo.depthCov",0.763157894736842,0.0521985815602837,21.86,0.294210526315789,0.0235342916887035,5.85,160,19,0.3425765625,0.3066328125,0,100
"prevalence",80,2.6,TRUE,TRUE,3,5,TRUE,TRUE,"obsTwo.simple",0.885263157894737,0.152269503546099,38.29,0.794736842105263,0.28057109328109,22.08,160,19,0.3425765625,0.3066328125,0,100
"prevalence",80,2.6,TRUE,TRUE,3,5,TRUE,TRUE,"OMNIBUS(ACAT).adj",0.973684210526316,0.0536170212765958,26.06,0.86421052631579,0.0568592402179863,17.47,160,19,0.3425765625,0.3066328125,0,100
"prevalence",80,2.6,TRUE,TRUE,3,5,TRUE,TRUE,"OMNIBUS(ACAT).noAdj",0.973157894736842,0.133900709219858,37.37,0.928421052631579,0.200188065410408,22.76,160,19,0.3425765625,0.3066328125,0,100
"prevalence",80,2.6,TRUE,TRUE,3,5,TRUE,TRUE,"OMNIBUS(Bonf-minP).adj",0.973157894736842,0.0517021276595745,25.78,0.864736842105263,0.0586312080162699,17.52,160,19,0.3425765625,0.3066328125,0,100
"prevalence",80,2.6,TRUE,TRUE,3,5,TRUE,TRUE,"OMNIBUS(Bonf-minP).noAdj",0.973157894736842,0.129716312056738,36.78,0.926842105263158,0.197972151239969,22.63,160,19,0.3425765625,0.3066328125,0,100
"prevalence",80,2.6,TRUE,TRUE,3,5,TRUE,TRUE,"oracle.prev.cov",0.982105263157895,0.0424822695035461,24.65,0.930526315789474,0.023015240306649,18.12,160,19,0.3425765625,0.3066328125,0,100
"prevalence",80,2.6,TRUE,TRUE,3,5,TRUE,TRUE,"oracle.prev.noAdj",0.985263157894737,0.0730496453900709,29.02,0.945789473684211,0.101052035636549,20.2,160,19,0.3425765625,0.3066328125,0.78,100
"prevalence",80,2.6,TRUE,TRUE,3,5,TRUE,TRUE,"pkg.ANCOMBC.cov",0.343157894736842,0.125886524822695,24.27,0.115789473684211,0.466915195915196,4.95,160,19,0.3425765625,0.3066328125,0,100
"prevalence",80,2.6,TRUE,TRUE,3,5,TRUE,TRUE,"pkg.ANCOMBC.noAdj",0.37,0.228439716312057,39.24,0.183157894736842,0.718746898180286,14.91,160,19,0.3425765625,0.3066328125,0,100
"prevalence",80,2.6,TRUE,TRUE,3,5,TRUE,TRUE,"pkg.DESeq2.cov",0.641052631578947,0.0431914893617021,18.27,0.291578947368421,0.0508189033189033,5.93,160,19,0.3425765625,0.3066328125,0,100
"prevalence",80,2.6,TRUE,TRUE,3,5,TRUE,TRUE,"pkg.DESeq2.noAdj",0.671578947368421,0.144326241134752,33.11,0.407894736842105,0.356903957819801,13.28,160,19,0.3425765625,0.3066328125,0,100
"prevalence",80,2.6,TRUE,TRUE,3,5,TRUE,TRUE,"pkg.edgeR.cov",0.753157894736842,0.0327659574468085,18.93,0.446315789473684,0.0194178223737047,8.69,160,19,0.3425765625,0.3066328125,0,100
"prevalence",80,2.6,TRUE,TRUE,3,5,TRUE,TRUE,"pkg.edgeR.noAdj",0.746842105263158,0.124893617021277,31.8,0.505263157894737,0.259359978173987,13.81,160,19,0.3425765625,0.3066328125,0,100
"prevalence",80,2.6,TRUE,TRUE,3,5,TRUE,TRUE,"pkg.metagenomeSeq.cov",0.437368421052632,0.51063829787234,80.31,0.354736842105263,0.901569400475625,68.53,160,19,0.3425765625,0.3066328125,0,100
"prevalence",80,2.6,TRUE,TRUE,3,5,TRUE,TRUE,"pkg.metagenomeSeq.noAdj",0.708947368421053,0.278297872340426,52.71,0.604736842105263,0.629533155550212,33.1,160,19,0.3425765625,0.3066328125,0,100
"prevalence",80,2.6,TRUE,TRUE,3,5,TRUE,TRUE,"pkg.ZINQ.cov",0.940526315789474,0.0717730496453901,27.99,0.827894736842105,0.0784643044434066,17.14,160,19,0.3425765625,0.3066328125,0.26,100
"prevalence",80,2.6,TRUE,TRUE,3,5,TRUE,TRUE,"pkg.ZINQ.depth",0.84,0.114113475177305,32.05,0.562631578947368,0.13192944071528,12.8,160,19,0.3425765625,0.3066328125,0.26,100
"prevalence",80,2.6,TRUE,TRUE,3,5,TRUE,TRUE,"pkg.ZINQ.depthCov",0.813684210526316,0.0624822695035461,24.27,0.480526315789474,0.0502649987353548,9.76,160,19,0.3425765625,0.3066328125,0.26,100
"prevalence",80,2.6,TRUE,TRUE,3,5,TRUE,TRUE,"pkg.ZINQ.noAdjust",0.936315789473684,0.186666666666667,44.11,0.868421052631579,0.295579313269292,24.76,160,19,0.3425765625,0.3066328125,0.26,100
"prevalence",80,2.6,TRUE,TRUE,3,5,TRUE,TRUE,"presence(Fisher)",0.953684210526316,0.0929787234042554,31.23,0.870526315789474,0.141539908308939,19.55,160,19,0.3425765625,0.3066328125,0.75,100
"prevalence",80,2.6,TRUE,TRUE,3,5,TRUE,TRUE,"presence(logistic+depth)",0.874736842105263,0.070709219858156,26.59,0.538947368421053,0.0496701604638911,10.88,160,19,0.3425765625,0.3066328125,0,100
"prevalence",80,2.6,TRUE,TRUE,3,5,TRUE,TRUE,"presence(logistic+depth+z)",0.862105263157895,0.0461702127659574,22.89,0.462631578947368,0.0165870142928966,8.98,160,19,0.3425765625,0.3066328125,0,100
"prevalence",80,2.6,TRUE,TRUE,3,5,TRUE,TRUE,"prevalence(Tobit).adj",0.984736842105263,0.0493617021276596,25.67,0.901052631578947,0.0410540025420056,17.9,160,19,0.3425765625,0.3066328125,0,100
"prevalence",80,2.6,TRUE,TRUE,3,5,TRUE,TRUE,"prevalence(Tobit).noAdj",0.982631578947369,0.102269503546099,33.09,0.945789473684211,0.14764369168509,21.42,160,19,0.3425765625,0.3066328125,0,100
